Code,Plate-Original,Row-Original,Column-Original,Code,Tissue,Photo_no,Length,Station_no,Morphospecies,Habitat,Pair,Species group,Species complex,Photo,Notes,Ocean,Site,Site.2,Sample_or_Control,Taxon
7528-H,Istmo S10,A,1,7528-H,Hepatopancreas,5103,9.2,TRANS-16,Alpheus nuttingi,Subtidal cracks exposed,A. millsae / A. nuttingi,A. edwardsii 1,A. nuttingi,Yes,Pair with 7529,Western Atlantic,Bocas del Toro,Bocas del Toro,True Sample,Snapping shrimp
7528-G,Istmo S10,A,2,7528-G,Gill,5103,9.2,TRANS-16,Alpheus nuttingi,Subtidal cracks exposed,A. millsae / A. nuttingi,A. edwardsii 1,A. nuttingi,Yes,Pair with 7529,Western Atlantic,Bocas del Toro,Bocas del Toro,True Sample,Snapping shrimp
7417-S,Istmo S10,A,3,7417-S,Stomach,4747,7,TRANS-11,Alpheus thomasi,Subtidal cracks exposed,no_pair,A. formosus*,NA (sister to A. websteri-A.fagei),Yes,,Western Atlantic,Bocas del Toro,Bocas del Toro,True Sample,Snapping shrimp
7417-M,Istmo S10,A,4,7417-M,Midgut,4747,7,TRANS-11,Alpheus thomasi,Subtidal cracks exposed,no_pair,A. formosus*,NA (sister to A. websteri-A.fagei),Yes,,Western Atlantic,Bocas del Toro,Bocas del Toro,True Sample,Snapping shrimp
7417-H,Istmo S10,A,5,7417-H,Hepatopancreas,4747,7,TRANS-11,Alpheus thomasi,Subtidal cracks exposed,no_pair,A. formosus*,NA (sister to A. websteri-A.fagei),Yes,,Western Atlantic,Bocas del Toro,Bocas del Toro,True Sample,Snapping shrimp
7417-G,Istmo S10,A,6,7417-G,Gill,4747,7,TRANS-11,Alpheus thomasi,Subtidal cracks exposed,no_pair,A. formosus*,NA (sister to A. websteri-A.fagei),Yes,,Western Atlantic,Bocas del Toro,Bocas del Toro,True Sample,Snapping shrimp
7500-S,Istmo S10,A,7,7500-S,Stomach,5041,5.1,TRANS-15,Alpheus cristulifrons,Subtidal cracks exposed,A. utriensis / A. cristulifrons,A. crinitus,A. cristulifrons,Yes,,Western Atlantic,Bocas del Toro,Bocas del Toro,True Sample,Snapping shrimp
7500-M,Istmo S10,A,8,7500-M,Midgut,5041,5.1,TRANS-15,Alpheus cristulifrons,Subtidal cracks exposed,A. utriensis / A. cristulifrons,A. crinitus,A. cristulifrons,Yes,,Western Atlantic,Bocas del Toro,Bocas del Toro,True Sample,Snapping shrimp
7500-H,Istmo S10,A,9,7500-H,Hepatopancreas,5041,5.1,TRANS-15,Alpheus cristulifrons,Subtidal cracks exposed,A. utriensis / A. cristulifrons,A. crinitus,A. cristulifrons,Yes,,Western Atlantic,Bocas del Toro,Bocas del Toro,True Sample,Snapping shrimp
7500-G,Istmo S10,A,10,7500-G,Gill,5041,5.1,TRANS-15,Alpheus cristulifrons,Subtidal cracks exposed,A. utriensis / A. cristulifrons,A. crinitus,A. cristulifrons,Yes,,Western Atlantic,Bocas del Toro,Bocas del Toro,True Sample,Snapping shrimp
7471-S,Istmo S10,A,11,7471-S,Stomach,4906,6.4,TRANS-12,Alpheus bahamensis,Subtidal cracks exposed,no_pair,A. edwardsii 2,NA (sister to A. schmitti-A.umbo),Yes,,Western Atlantic,Bocas del Toro,Bocas del Toro,True Sample,Snapping shrimp
7471-M,Istmo S10,A,12,7471-M,Midgut,4906,6.4,TRANS-12,Alpheus bahamensis,Subtidal cracks exposed,no_pair,A. edwardsii 2,NA (sister to A. schmitti-A.umbo),Yes,,Western Atlantic,Bocas del Toro,Bocas del Toro,True Sample,Snapping shrimp
7471-H,Istmo S10,B,1,7471-H,Hepatopancreas,4906,6.4,TRANS-12,Alpheus bahamensis,Subtidal cracks exposed,no_pair,A. edwardsii 2,NA (sister to A. schmitti-A.umbo),Yes,,Western Atlantic,Bocas del Toro,Bocas del Toro,True Sample,Snapping shrimp
7471-G,Istmo S10,B,2,7471-G,Gill,4906,6.4,TRANS-12,Alpheus bahamensis,Subtidal cracks exposed,no_pair,A. edwardsii 2,NA (sister to A. schmitti-A.umbo),Yes,,Western Atlantic,Bocas del Toro,Bocas del Toro,True Sample,Snapping shrimp
7543-S,Istmo S10,B,3,7543-S,Stomach,5150,5.4,TRANS-17,Alpheus thomasi,Subtidal cracks exposed,no_pair,A. formosus*,NA (sister to A. websteri-A.fagei),Yes,,Western Atlantic,Bocas del Toro,Bocas del Toro,True Sample,Snapping shrimp
7543-M,Istmo S10,B,4,7543-M,Midgut,5150,5.4,TRANS-17,Alpheus thomasi,Subtidal cracks exposed,no_pair,A. formosus*,NA (sister to A. websteri-A.fagei),Yes,,Western Atlantic,Bocas del Toro,Bocas del Toro,True Sample,Snapping shrimp
7543-H,Istmo S10,B,5,7543-H,Hepatopancreas,5150,5.4,TRANS-17,Alpheus thomasi,Subtidal cracks exposed,no_pair,A. formosus*,NA (sister to A. websteri-A.fagei),Yes,,Western Atlantic,Bocas del Toro,Bocas del Toro,True Sample,Snapping shrimp
7543-G,Istmo S10,B,6,7543-G,Gill,5150,5.4,TRANS-17,Alpheus thomasi,Subtidal cracks exposed,no_pair,A. formosus*,NA (sister to A. websteri-A.fagei),Yes,,Western Atlantic,Bocas del Toro,Bocas del Toro,True Sample,Snapping shrimp
7512-S,Istmo S10,B,7,7512-S,Stomach,5090,6.3,TRANS-16,Alpheus bahamensis,Subtidal cracks exposed,no_pair,A. edwardsii 2,NA (sister to A. schmitti-A.umbo),Yes,,Western Atlantic,Bocas del Toro,Bocas del Toro,True Sample,Snapping shrimp
7512-M,Istmo S10,B,8,7512-M,Midgut,5090,6.3,TRANS-16,Alpheus bahamensis,Subtidal cracks exposed,no_pair,A. edwardsii 2,NA (sister to A. schmitti-A.umbo),Yes,,Western Atlantic,Bocas del Toro,Bocas del Toro,True Sample,Snapping shrimp
7512-H,Istmo S10,B,9,7512-H,Hepatopancreas,5090,6.3,TRANS-16,Alpheus bahamensis,Subtidal cracks exposed,no_pair,A. edwardsii 2,NA (sister to A. schmitti-A.umbo),Yes,,Western Atlantic,Bocas del Toro,Bocas del Toro,True Sample,Snapping shrimp
7512-G,Istmo S10,B,10,7512-G,Gill,5090,6.3,TRANS-16,Alpheus bahamensis,Subtidal cracks exposed,no_pair,A. edwardsii 2,NA (sister to A. schmitti-A.umbo),Yes,,Western Atlantic,Bocas del Toro,Bocas del Toro,True Sample,Snapping shrimp
7540-G,Istmo S10,B,11,7540-G,Gill,5146,5.5,TRANS-17,Alpheus thomasi,Subtidal cracks exposed,no_pair,A. formosus*,NA (sister to A. websteri-A.fagei),Yes,,Western Atlantic,Bocas del Toro,Bocas del Toro,True Sample,Snapping shrimp
7540-H,Istmo S10,B,12,7540-H,Hepatopancreas,5146,5.5,TRANS-17,Alpheus thomasi,Subtidal cracks exposed,no_pair,A. formosus*,NA (sister to A. websteri-A.fagei),Yes,,Western Atlantic,Bocas del Toro,Bocas del Toro,True Sample,Snapping shrimp
7540-S,Istmo S10,C,1,7540-S,Stomach,5146,5.5,TRANS-17,Alpheus thomasi,Subtidal cracks exposed,no_pair,A. formosus*,NA (sister to A. websteri-A.fagei),Yes,,Western Atlantic,Bocas del Toro,Bocas del Toro,True Sample,Snapping shrimp
7540-M,Istmo S10,C,2,7540-M,Midgut,5146,5.5,TRANS-17,Alpheus thomasi,Subtidal cracks exposed,no_pair,A. formosus*,NA (sister to A. websteri-A.fagei),Yes,,Western Atlantic,Bocas del Toro,Bocas del Toro,True Sample,Snapping shrimp
7581-S,Istmo S10,C,3,7581-S,Stomach,5240,6.7,TRANS-18,Alpheus bouvieri,Intertidal cracks rocks,A. javieri / A. bouvieri,A. leviusculus 1,A. bouvieri,Yes,Pair with 7580,Western Atlantic,Bocas del Toro,Bocas del Toro,True Sample,Snapping shrimp
7581-M,Istmo S10,C,4,7581-M,Midgut,5240,6.7,TRANS-18,Alpheus bouvieri,Intertidal cracks rocks,A. javieri / A. bouvieri,A. leviusculus 1,A. bouvieri,Yes,Pair with 7580,Western Atlantic,Bocas del Toro,Bocas del Toro,True Sample,Snapping shrimp
7581-H,Istmo S10,C,5,7581-H,Hepatopancreas,5240,6.7,TRANS-18,Alpheus bouvieri,Intertidal cracks rocks,A. javieri / A. bouvieri,A. leviusculus 1,A. bouvieri,Yes,Pair with 7580,Western Atlantic,Bocas del Toro,Bocas del Toro,True Sample,Snapping shrimp
7581-G,Istmo S10,C,6,7581-G,Gill,5240,6.7,TRANS-18,Alpheus bouvieri,Intertidal cracks rocks,A. javieri / A. bouvieri,A. leviusculus 1,A. bouvieri,Yes,Pair with 7580,Western Atlantic,Bocas del Toro,Bocas del Toro,True Sample,Snapping shrimp
7581-E,Istmo S10,C,7,7581-E,Egg,5240,6.7,TRANS-18,Alpheus bouvieri,Intertidal cracks rocks,A. javieri / A. bouvieri,A. leviusculus 1,A. bouvieri,Yes,Pair with 7580,Western Atlantic,Bocas del Toro,Bocas del Toro,True Sample,Snapping shrimp
7515-S,Istmo S10,C,8,7515-S,Stomach,5088,6.3,TRANS-16,Alpheus bahamensis,Subtidal cracks exposed,no_pair,A. edwardsii 2,NA (sister to A. schmitti-A.umbo),Yes,,Western Atlantic,Bocas del Toro,Bocas del Toro,True Sample,Snapping shrimp
7515-M,Istmo S10,C,9,7515-M,Midgut,5088,6.3,TRANS-16,Alpheus bahamensis,Subtidal cracks exposed,no_pair,A. edwardsii 2,NA (sister to A. schmitti-A.umbo),Yes,,Western Atlantic,Bocas del Toro,Bocas del Toro,True Sample,Snapping shrimp
7515-H,Istmo S10,C,10,7515-H,Hepatopancreas,5088,6.3,TRANS-16,Alpheus bahamensis,Subtidal cracks exposed,no_pair,A. edwardsii 2,NA (sister to A. schmitti-A.umbo),Yes,,Western Atlantic,Bocas del Toro,Bocas del Toro,True Sample,Snapping shrimp
7515-G,Istmo S10,C,11,7515-G,Gill,5088,6.3,TRANS-16,Alpheus bahamensis,Subtidal cracks exposed,no_pair,A. edwardsii 2,NA (sister to A. schmitti-A.umbo),Yes,,Western Atlantic,Bocas del Toro,Bocas del Toro,True Sample,Snapping shrimp
7527-S,Istmo S10,C,12,7527-S,Stomach,5100,13.3,TRANS-16,Alpheus nuttingi,Subtidal cracks exposed,A. millsae / A. nuttingi,A. edwardsii 1,A. nuttingi,Yes,,Western Atlantic,Bocas del Toro,Bocas del Toro,True Sample,Snapping shrimp
7583-E,Istmo S10,D,1,7583-E,Egg,5230,7.9,TRANS-18,Alpheus bouvieri,Intertidal cracks rocks,A. javieri / A. bouvieri,A. leviusculus 1,A. bouvieri,Yes,,Western Atlantic,Bocas del Toro,Bocas del Toro,True Sample,Snapping shrimp
7583-S,Istmo S10,D,2,7583-S,Stomach,5230,7.9,TRANS-18,Alpheus bouvieri,Intertidal cracks rocks,A. javieri / A. bouvieri,A. leviusculus 1,A. bouvieri,Yes,,Western Atlantic,Bocas del Toro,Bocas del Toro,True Sample,Snapping shrimp
7583-M,Istmo S10,D,3,7583-M,Midgut,5230,7.9,TRANS-18,Alpheus bouvieri,Intertidal cracks rocks,A. javieri / A. bouvieri,A. leviusculus 1,A. bouvieri,Yes,,Western Atlantic,Bocas del Toro,Bocas del Toro,True Sample,Snapping shrimp
7583-H,Istmo S10,D,4,7583-H,Hepatopancreas,5230,7.9,TRANS-18,Alpheus bouvieri,Intertidal cracks rocks,A. javieri / A. bouvieri,A. leviusculus 1,A. bouvieri,Yes,,Western Atlantic,Bocas del Toro,Bocas del Toro,True Sample,Snapping shrimp
7583-G,Istmo S10,D,5,7583-G,Gill,5230,7.9,TRANS-18,Alpheus bouvieri,Intertidal cracks rocks,A. javieri / A. bouvieri,A. leviusculus 1,A. bouvieri,Yes,,Western Atlantic,Bocas del Toro,Bocas del Toro,True Sample,Snapping shrimp
7480-S,Istmo S10,D,6,7480-S,Stomach,4886,5.4,TRANS-12,Alpheus thomasi,Subtidal cracks exposed,no_pair,A. formosus*,NA (sister to A. websteri-A.fagei),Yes,,Western Atlantic,Bocas del Toro,Bocas del Toro,True Sample,Snapping shrimp
7480-M,Istmo S10,D,7,7480-M,Midgut,4886,5.4,TRANS-12,Alpheus thomasi,Subtidal cracks exposed,no_pair,A. formosus*,NA (sister to A. websteri-A.fagei),Yes,,Western Atlantic,Bocas del Toro,Bocas del Toro,True Sample,Snapping shrimp
7480-H,Istmo S10,D,8,7480-H,Hepatopancreas,4886,5.4,TRANS-12,Alpheus thomasi,Subtidal cracks exposed,no_pair,A. formosus*,NA (sister to A. websteri-A.fagei),Yes,,Western Atlantic,Bocas del Toro,Bocas del Toro,True Sample,Snapping shrimp
7480-G,Istmo S10,D,9,7480-G,Gill,4886,5.4,TRANS-12,Alpheus thomasi,Subtidal cracks exposed,no_pair,A. formosus*,NA (sister to A. websteri-A.fagei),Yes,,Western Atlantic,Bocas del Toro,Bocas del Toro,True Sample,Snapping shrimp
7491-S,Istmo S10,D,10,7491-S,Stomach,5030,14.1,TRANS-15,Alpheus nuttingi,Subtidal cracks exposed,A. millsae / A. nuttingi,A. edwardsii 1,A. nuttingi,Yes,,Western Atlantic,Bocas del Toro,Bocas del Toro,True Sample,Snapping shrimp
7491-M,Istmo S10,D,11,7491-M,Midgut,5030,14.1,TRANS-15,Alpheus nuttingi,Subtidal cracks exposed,A. millsae / A. nuttingi,A. edwardsii 1,A. nuttingi,Yes,,Western Atlantic,Bocas del Toro,Bocas del Toro,True Sample,Snapping shrimp
7491-H,Istmo S10,D,12,7491-H,Hepatopancreas,5030,14.1,TRANS-15,Alpheus nuttingi,Subtidal cracks exposed,A. millsae / A. nuttingi,A. edwardsii 1,A. nuttingi,Yes,,Western Atlantic,Bocas del Toro,Bocas del Toro,True Sample,Snapping shrimp
7491-G,Istmo S10,E,1,7491-G,Gill,5030,14.1,TRANS-15,Alpheus nuttingi,Subtidal cracks exposed,A. millsae / A. nuttingi,A. edwardsii 1,A. nuttingi,Yes,,Western Atlantic,Bocas del Toro,Bocas del Toro,True Sample,Snapping shrimp
7527-M,Istmo S10,E,2,7527-M,Midgut,5100,13.3,TRANS-16,Alpheus nuttingi,Subtidal cracks exposed,A. millsae / A. nuttingi,A. edwardsii 1,A. nuttingi,Yes,,Western Atlantic,Bocas del Toro,Bocas del Toro,True Sample,Snapping shrimp
7403-S,Istmo S10,E,3,7403-S,Stomach,4611,6.3,TRANS-09,Alpheus formosus,Subtidal cracks exposed,A. panamensis / A. formosus,A. formosus*,A. formosus,Yes,,Western Atlantic,Bocas del Toro,Bocas del Toro,True Sample,Snapping shrimp
7403-M,Istmo S10,E,4,7403-M,Midgut,4611,6.3,TRANS-09,Alpheus formosus,Subtidal cracks exposed,A. panamensis / A. formosus,A. formosus*,A. formosus,Yes,,Western Atlantic,Bocas del Toro,Bocas del Toro,True Sample,Snapping shrimp
7403-H,Istmo S10,E,5,7403-H,Hepatopancreas,4611,6.3,TRANS-09,Alpheus formosus,Subtidal cracks exposed,A. panamensis / A. formosus,A. formosus*,A. formosus,Yes,,Western Atlantic,Bocas del Toro,Bocas del Toro,True Sample,Snapping shrimp
7403-G,Istmo S10,E,6,7403-G,Gill,4611,6.3,TRANS-09,Alpheus formosus,Subtidal cracks exposed,A. panamensis / A. formosus,A. formosus*,A. formosus,Yes,,Western Atlantic,Bocas del Toro,Bocas del Toro,True Sample,Snapping shrimp
7554-S,Istmo S10,E,7,7554-S,Stomach,5170,4.4,TRANS-17,Alpheus paracrinitus no spot,Subtidal cracks exposed,A. fasciatus / A. paracrinitus no spot,A. paracrinitus*,A. paracrinitus,Yes,,Western Atlantic,Bocas del Toro,Bocas del Toro,True Sample,Snapping shrimp
7554-M,Istmo S10,E,8,7554-M,Midgut,5170,4.4,TRANS-17,Alpheus paracrinitus no spot,Subtidal cracks exposed,A. fasciatus / A. paracrinitus no spot,A. paracrinitus*,A. paracrinitus,Yes,,Western Atlantic,Bocas del Toro,Bocas del Toro,True Sample,Snapping shrimp
7554-H,Istmo S10,E,9,7554-H,Hepatopancreas,5170,4.4,TRANS-17,Alpheus paracrinitus no spot,Subtidal cracks exposed,A. fasciatus / A. paracrinitus no spot,A. paracrinitus*,A. paracrinitus,Yes,,Western Atlantic,Bocas del Toro,Bocas del Toro,True Sample,Snapping shrimp
7554-G,Istmo S10,E,10,7554-G,Gill,5170,4.4,TRANS-17,Alpheus paracrinitus no spot,Subtidal cracks exposed,A. fasciatus / A. paracrinitus no spot,A. paracrinitus*,A. paracrinitus,Yes,,Western Atlantic,Bocas del Toro,Bocas del Toro,True Sample,Snapping shrimp
7456-S,Istmo S10,E,11,7456-S,Stomach,4802,6.2,TRANS-11,Alpheus formosus,Subtidal cracks exposed,A. panamensis / A. formosus,A. formosus*,A. formosus,Yes,,Western Atlantic,Bocas del Toro,Bocas del Toro,True Sample,Snapping shrimp
7456-M,Istmo S10,E,12,7456-M,Midgut,4802,6.2,TRANS-11,Alpheus formosus,Subtidal cracks exposed,A. panamensis / A. formosus,A. formosus*,A. formosus,Yes,,Western Atlantic,Bocas del Toro,Bocas del Toro,True Sample,Snapping shrimp
7456-H,Istmo S10,F,1,7456-H,Hepatopancreas,4802,6.2,TRANS-11,Alpheus formosus,Subtidal cracks exposed,A. panamensis / A. formosus,A. formosus*,A. formosus,Yes,,Western Atlantic,Bocas del Toro,Bocas del Toro,True Sample,Snapping shrimp
7456-G,Istmo S10,F,2,7456-G,Gill,4802,6.2,TRANS-11,Alpheus formosus,Subtidal cracks exposed,A. panamensis / A. formosus,A. formosus*,A. formosus,Yes,,Western Atlantic,Bocas del Toro,Bocas del Toro,True Sample,Snapping shrimp
7501-S,Istmo S10,F,3,7501-S,Stomach,5054,6.4,TRANS-15,Alpheus bahamensis,Subtidal cracks exposed,no_pair,A. edwardsii 2,NA (sister to A. schmitti-A.umbo),Yes,,Western Atlantic,Bocas del Toro,Bocas del Toro,True Sample,Snapping shrimp
7501-M,Istmo S10,F,4,7501-M,Midgut,5054,6.4,TRANS-15,Alpheus bahamensis,Subtidal cracks exposed,no_pair,A. edwardsii 2,NA (sister to A. schmitti-A.umbo),Yes,,Western Atlantic,Bocas del Toro,Bocas del Toro,True Sample,Snapping shrimp
7501-H,Istmo S10,F,5,7501-H,Hepatopancreas,5054,6.4,TRANS-15,Alpheus bahamensis,Subtidal cracks exposed,no_pair,A. edwardsii 2,NA (sister to A. schmitti-A.umbo),Yes,,Western Atlantic,Bocas del Toro,Bocas del Toro,True Sample,Snapping shrimp
7501-G,Istmo S10,F,6,7501-G,Gill,5054,6.4,TRANS-15,Alpheus bahamensis,Subtidal cracks exposed,no_pair,A. edwardsii 2,NA (sister to A. schmitti-A.umbo),Yes,,Western Atlantic,Bocas del Toro,Bocas del Toro,True Sample,Snapping shrimp
7420-S,Istmo S10,F,7,7420-S,Stomach,4741,6.3,TRANS-11,Alpheus thomasi,Subtidal cracks exposed,no_pair,A. formosus*,NA (sister to A. websteri-A.fagei),Yes,,Western Atlantic,Bocas del Toro,Bocas del Toro,True Sample,Snapping shrimp
7420-M,Istmo S10,F,8,7420-M,Midgut,4741,6.3,TRANS-11,Alpheus thomasi,Subtidal cracks exposed,no_pair,A. formosus*,NA (sister to A. websteri-A.fagei),Yes,,Western Atlantic,Bocas del Toro,Bocas del Toro,True Sample,Snapping shrimp
7420-H,Istmo S10,F,9,7420-H,Hepatopancreas,4741,6.3,TRANS-11,Alpheus thomasi,Subtidal cracks exposed,no_pair,A. formosus*,NA (sister to A. websteri-A.fagei),Yes,,Western Atlantic,Bocas del Toro,Bocas del Toro,True Sample,Snapping shrimp
7420-G,Istmo S10,F,10,7420-G,Gill,4741,6.3,TRANS-11,Alpheus thomasi,Subtidal cracks exposed,no_pair,A. formosus*,NA (sister to A. websteri-A.fagei),Yes,,Western Atlantic,Bocas del Toro,Bocas del Toro,True Sample,Snapping shrimp
7537-E,Istmo S10,F,11,7537-E,Egg,5139,6.7,TRANS-17,Alpheus cristulifrons,Subtidal cracks exposed,A. utriensis / A. cristulifrons,A. crinitus,A. cristulifrons,Yes,Pair with 7538,Western Atlantic,Bocas del Toro,Bocas del Toro,True Sample,Snapping shrimp
7537-S,Istmo S10,F,12,7537-S,Stomach,5139,6.7,TRANS-17,Alpheus cristulifrons,Subtidal cracks exposed,A. utriensis / A. cristulifrons,A. crinitus,A. cristulifrons,Yes,Pair with 7538,Western Atlantic,Bocas del Toro,Bocas del Toro,True Sample,Snapping shrimp
7537-M,Istmo S10,G,1,7537-M,Midgut,5139,6.7,TRANS-17,Alpheus cristulifrons,Subtidal cracks exposed,A. utriensis / A. cristulifrons,A. crinitus,A. cristulifrons,Yes,Pair with 7538,Western Atlantic,Bocas del Toro,Bocas del Toro,True Sample,Snapping shrimp
7537-H,Istmo S10,G,2,7537-H,Hepatopancreas,5139,6.7,TRANS-17,Alpheus cristulifrons,Subtidal cracks exposed,A. utriensis / A. cristulifrons,A. crinitus,A. cristulifrons,Yes,Pair with 7538,Western Atlantic,Bocas del Toro,Bocas del Toro,True Sample,Snapping shrimp
7537-G,Istmo S10,G,3,7537-G,Gill,5139,6.7,TRANS-17,Alpheus cristulifrons,Subtidal cracks exposed,A. utriensis / A. cristulifrons,A. crinitus,A. cristulifrons,Yes,Pair with 7538,Western Atlantic,Bocas del Toro,Bocas del Toro,True Sample,Snapping shrimp
7527-G,Istmo S10,G,4,7527-G,Gill,5100,13.3,TRANS-16,Alpheus nuttingi,Subtidal cracks exposed,A. millsae / A. nuttingi,A. edwardsii 1,A. nuttingi,Yes,,Western Atlantic,Bocas del Toro,Bocas del Toro,True Sample,Snapping shrimp
7527-H,Istmo S10,G,5,7527-H,Hepatopancreas,5100,13.3,TRANS-16,Alpheus nuttingi,Subtidal cracks exposed,A. millsae / A. nuttingi,A. edwardsii 1,A. nuttingi,Yes,,Western Atlantic,Bocas del Toro,Bocas del Toro,True Sample,Snapping shrimp
7451-M,Istmo S10,G,6,7451-M,Midgut,4735,6.6,TRANS-10,Alpheus paraformosus,Subtidal cracks exposed,no_pair,A. formosus*,A. formosus,Yes,Pair with 7452,Western Atlantic,Bocas del Toro,Bocas del Toro,True Sample,Snapping shrimp
7451-H,Istmo S10,G,7,7451-H,Hepatopancreas,4735,6.6,TRANS-10,Alpheus paraformosus,Subtidal cracks exposed,no_pair,A. formosus*,A. formosus,Yes,Pair with 7452,Western Atlantic,Bocas del Toro,Bocas del Toro,True Sample,Snapping shrimp
7451-G,Istmo S10,G,8,7451-G,Gill,4735,6.6,TRANS-10,Alpheus paraformosus,Subtidal cracks exposed,no_pair,A. formosus*,A. formosus,Yes,Pair with 7452,Western Atlantic,Bocas del Toro,Bocas del Toro,True Sample,Snapping shrimp
7451-E,Istmo S10,G,9,7451-E,Egg,4735,6.6,TRANS-10,Alpheus paraformosus,Subtidal cracks exposed,no_pair,A. formosus*,A. formosus,Yes,Pair with 7452,Western Atlantic,Bocas del Toro,Bocas del Toro,True Sample,Snapping shrimp
7451-S,Istmo S10,G,10,7451-S,Stomach,4735,6.6,TRANS-10,Alpheus paraformosus,Subtidal cracks exposed,no_pair,A. formosus*,A. formosus,Yes,Pair with 7452,Western Atlantic,Bocas del Toro,Bocas del Toro,True Sample,Snapping shrimp
7558-E,Istmo S10,G,11,7558-E,Egg,5177,4.2,TRANS-17,Alpheus paracrinitus with spot,Subtidal cracks exposed,A. rostratus / A. paracrinitus with spot,A. paracrinitus*,A. paracrinitus,Yes,,Western Atlantic,Bocas del Toro,Bocas del Toro,True Sample,Snapping shrimp
7558-G,Istmo S10,G,12,7558-G,Gill,5177,4.2,TRANS-17,Alpheus paracrinitus with spot,Subtidal cracks exposed,A. rostratus / A. paracrinitus with spot,A. paracrinitus*,A. paracrinitus,Yes,,Western Atlantic,Bocas del Toro,Bocas del Toro,True Sample,Snapping shrimp
7558-H,Istmo S10,H,1,7558-H,Hepatopancreas,5177,4.2,TRANS-17,Alpheus paracrinitus with spot,Subtidal cracks exposed,A. rostratus / A. paracrinitus with spot,A. paracrinitus*,A. paracrinitus,Yes,,Western Atlantic,Bocas del Toro,Bocas del Toro,True Sample,Snapping shrimp
7558-M,Istmo S10,H,2,7558-M,Midgut,5177,4.2,TRANS-17,Alpheus paracrinitus with spot,Subtidal cracks exposed,A. rostratus / A. paracrinitus with spot,A. paracrinitus*,A. paracrinitus,Yes,,Western Atlantic,Bocas del Toro,Bocas del Toro,True Sample,Snapping shrimp
7558-S,Istmo S10,H,3,7558-S,Stomach,5177,4.2,TRANS-17,Alpheus paracrinitus with spot,Subtidal cracks exposed,A. rostratus / A. paracrinitus with spot,A. paracrinitus*,A. paracrinitus,Yes,,Western Atlantic,Bocas del Toro,Bocas del Toro,True Sample,Snapping shrimp
7513-G,Istmo S10,H,4,7513-G,Gill,5094,6.1,TRANS-16,Alpheus bahamensis,Subtidal cracks exposed,no_pair,A. edwardsii 2,NA (sister to A. schmitti-A.umbo),Yes,,Western Atlantic,Bocas del Toro,Bocas del Toro,True Sample,Snapping shrimp
7513-H,Istmo S10,H,5,7513-H,Hepatopancreas,5094,6.1,TRANS-16,Alpheus bahamensis,Subtidal cracks exposed,no_pair,A. edwardsii 2,NA (sister to A. schmitti-A.umbo),Yes,,Western Atlantic,Bocas del Toro,Bocas del Toro,True Sample,Snapping shrimp
7513-M,Istmo S10,H,6,7513-M,Midgut,5094,6.1,TRANS-16,Alpheus bahamensis,Subtidal cracks exposed,no_pair,A. edwardsii 2,NA (sister to A. schmitti-A.umbo),Yes,,Western Atlantic,Bocas del Toro,Bocas del Toro,True Sample,Snapping shrimp
7513-S,Istmo S10,H,7,7513-S,Stomach,5094,6.1,TRANS-16,Alpheus bahamensis,Subtidal cracks exposed,no_pair,A. edwardsii 2,NA (sister to A. schmitti-A.umbo),Yes,,Western Atlantic,Bocas del Toro,Bocas del Toro,True Sample,Snapping shrimp
7557-G,Istmo S10,H,8,7557-G,Gill,5175,3.6,TRANS-17,Alpheus paracrinitus with spot,Subtidal cracks exposed,A. rostratus / A. paracrinitus with spot,A. paracrinitus*,A. paracrinitus,Yes,,Western Atlantic,Bocas del Toro,Bocas del Toro,True Sample,Snapping shrimp
7557-H,Istmo S10,H,9,7557-H,Hepatopancreas,5175,3.6,TRANS-17,Alpheus paracrinitus with spot,Subtidal cracks exposed,A. rostratus / A. paracrinitus with spot,A. paracrinitus*,A. paracrinitus,Yes,,Western Atlantic,Bocas del Toro,Bocas del Toro,True Sample,Snapping shrimp
Control-16,Istmo S10,H,10,Control-16,Control,Control,Control,Control,Control,Control,Control,Control,Control,Control,Control,Control,Control,Control,Control Sample,Control
Control-17,Istmo S10,H,11,Control-17,Control,Control,Control,Control,Control,Control,Control,Control,Control,Control,Control,Control,Control,Control,Control Sample,Control
Control-18,Istmo S10,H,12,Control-18,Control,Control,Control,Control,Control,Control,Control,Control,Control,Control,Control,Control,Control,Control,Control Sample,Control
8983-S,Istmo S11,A,1,8983-S,Stomach,7455,7.1,TRANS-58,Alpheus hebes,Intertidal cracks rocks,no_pair,A. leviusculus 1,A. hebes,,,Pacific,Bay of Panama-Las Perlas,Bay of Panama,True Sample,Snapping shrimp
8983-M,Istmo S11,A,2,8983-M,Midgut,7455,7.1,TRANS-58,Alpheus hebes,Intertidal cracks rocks,no_pair,A. leviusculus 1,A. hebes,,,Pacific,Bay of Panama-Las Perlas,Bay of Panama,True Sample,Snapping shrimp
8983-H,Istmo S11,A,3,8983-H,Hepatopancreas,7455,7.1,TRANS-58,Alpheus hebes,Intertidal cracks rocks,no_pair,A. leviusculus 1,A. hebes,,,Pacific,Bay of Panama-Las Perlas,Bay of Panama,True Sample,Snapping shrimp
8983-G,Istmo S11,A,4,8983-G,Gill,7455,7.1,TRANS-58,Alpheus hebes,Intertidal cracks rocks,no_pair,A. leviusculus 1,A. hebes,,,Pacific,Bay of Panama-Las Perlas,Bay of Panama,True Sample,Snapping shrimp
9196-E,Istmo S11,A,5,9196-E,Egg,8158,7.6,TRANS-63,Alpheus arenensis,Intertidal under rocks,A. arenensis / A. websteri,A. formosus*,A. websteri,,Pair with 9195,Pacific,Bay of Panama-Las Perlas,Bay of Panama,True Sample,Snapping shrimp
9196-S,Istmo S11,A,6,9196-S,Stomach,8158,7.6,TRANS-63,Alpheus arenensis,Intertidal under rocks,A. arenensis / A. websteri,A. formosus*,A. websteri,,Pair with 9195,Pacific,Bay of Panama-Las Perlas,Bay of Panama,True Sample,Snapping shrimp
9196-M,Istmo S11,A,7,9196-M,Midgut,8158,7.6,TRANS-63,Alpheus arenensis,Intertidal under rocks,A. arenensis / A. websteri,A. formosus*,A. websteri,,Pair with 9195,Pacific,Bay of Panama-Las Perlas,Bay of Panama,True Sample,Snapping shrimp
9196-H,Istmo S11,A,8,9196-H,Hepatopancreas,8158,7.6,TRANS-63,Alpheus arenensis,Intertidal under rocks,A. arenensis / A. websteri,A. formosus*,A. websteri,,Pair with 9195,Pacific,Bay of Panama-Las Perlas,Bay of Panama,True Sample,Snapping shrimp
9196-G,Istmo S11,A,9,9196-G,Gill,8158,7.6,TRANS-63,Alpheus arenensis,Intertidal under rocks,A. arenensis / A. websteri,A. formosus*,A. websteri,,Pair with 9195,Pacific,Bay of Panama-Las Perlas,Bay of Panama,True Sample,Snapping shrimp
8955-E,Istmo S11,A,10,8955-E,Egg,7470,10.7,TRANS-58,Alpheus hyeyoungae,Intertidal under rocks,A. hyeyoungae / A. verilli,A. edwardsii 1,A. armillatus,,Pair with 8956,Pacific,Bay of Panama-Las Perlas,Bay of Panama,True Sample,Snapping shrimp
8955-S,Istmo S11,A,11,8955-S,Stomach,7470,10.7,TRANS-58,Alpheus hyeyoungae,Intertidal under rocks,A. hyeyoungae / A. verilli,A. edwardsii 1,A. armillatus,,Pair with 8956,Pacific,Bay of Panama-Las Perlas,Bay of Panama,True Sample,Snapping shrimp
8955-M,Istmo S11,A,12,8955-M,Midgut,7470,10.7,TRANS-58,Alpheus hyeyoungae,Intertidal under rocks,A. hyeyoungae / A. verilli,A. edwardsii 1,A. armillatus,,Pair with 8956,Pacific,Bay of Panama-Las Perlas,Bay of Panama,True Sample,Snapping shrimp
8955-H,Istmo S11,B,1,8955-H,Hepatopancreas,7470,10.7,TRANS-58,Alpheus hyeyoungae,Intertidal under rocks,A. hyeyoungae / A. verilli,A. edwardsii 1,A. armillatus,,Pair with 8956,Pacific,Bay of Panama-Las Perlas,Bay of Panama,True Sample,Snapping shrimp
8955-G,Istmo S11,B,2,8955-G,Gill,7470,10.7,TRANS-58,Alpheus hyeyoungae,Intertidal under rocks,A. hyeyoungae / A. verilli,A. edwardsii 1,A. armillatus,,Pair with 8956,Pacific,Bay of Panama-Las Perlas,Bay of Panama,True Sample,Snapping shrimp
9135-S,Istmo S11,B,3,9135-S,Stomach,7983,5,TRANS-62,Alpheus utriensis,Subtidal rubble,A. utriensis / A. cristulifrons,A. crinitus,A. cristulifrons,,,Pacific,Bay of Panama-Las Perlas,Bay of Panama,True Sample,Snapping shrimp
9135-M,Istmo S11,B,4,9135-M,Midgut,7983,5,TRANS-62,Alpheus utriensis,Subtidal rubble,A. utriensis / A. cristulifrons,A. crinitus,A. cristulifrons,,,Pacific,Bay of Panama-Las Perlas,Bay of Panama,True Sample,Snapping shrimp
9135-H,Istmo S11,B,5,9135-H,Hepatopancreas,7983,5,TRANS-62,Alpheus utriensis,Subtidal rubble,A. utriensis / A. cristulifrons,A. crinitus,A. cristulifrons,,,Pacific,Bay of Panama-Las Perlas,Bay of Panama,True Sample,Snapping shrimp
9135-G,Istmo S11,B,6,9135-G,Gill,7983,5,TRANS-62,Alpheus utriensis,Subtidal rubble,A. utriensis / A. cristulifrons,A. crinitus,A. cristulifrons,,,Pacific,Bay of Panama-Las Perlas,Bay of Panama,True Sample,Snapping shrimp
9187-S,Istmo S11,B,7,9187-S,Stomach,8167,6.1,TRANS-63,Alpheus utriensis,Subtidal rubble,A. utriensis / A. cristulifrons,A. crinitus,A. cristulifrons,,Pair with 9188,Pacific,Bay of Panama-Las Perlas,Bay of Panama,True Sample,Snapping shrimp
9187-M,Istmo S11,B,8,9187-M,Midgut,8167,6.1,TRANS-63,Alpheus utriensis,Subtidal rubble,A. utriensis / A. cristulifrons,A. crinitus,A. cristulifrons,,Pair with 9188,Pacific,Bay of Panama-Las Perlas,Bay of Panama,True Sample,Snapping shrimp
9187-H,Istmo S11,B,9,9187-H,Hepatopancreas,8167,6.1,TRANS-63,Alpheus utriensis,Subtidal rubble,A. utriensis / A. cristulifrons,A. crinitus,A. cristulifrons,,Pair with 9188,Pacific,Bay of Panama-Las Perlas,Bay of Panama,True Sample,Snapping shrimp
9187-G,Istmo S11,B,10,9187-G,Gill,8167,6.1,TRANS-63,Alpheus utriensis,Subtidal rubble,A. utriensis / A. cristulifrons,A. crinitus,A. cristulifrons,,Pair with 9188,Pacific,Bay of Panama-Las Perlas,Bay of Panama,True Sample,Snapping shrimp
9131-S,Istmo S11,B,11,9131-S,Stomach,7966,10.6,TRANS-62,Alpheus panamensis,Intertidal under rocks,A. panamensis / A. formosus,A. formosus*,A. formosus,,,Pacific,Bay of Panama-Las Perlas,Bay of Panama,True Sample,Snapping shrimp
9131-M,Istmo S11,B,12,9131-M,Midgut,7966,10.6,TRANS-62,Alpheus panamensis,Intertidal under rocks,A. panamensis / A. formosus,A. formosus*,A. formosus,,,Pacific,Bay of Panama-Las Perlas,Bay of Panama,True Sample,Snapping shrimp
9131-H,Istmo S11,C,1,9131-H,Hepatopancreas,7966,10.6,TRANS-62,Alpheus panamensis,Intertidal under rocks,A. panamensis / A. formosus,A. formosus*,A. formosus,,,Pacific,Bay of Panama-Las Perlas,Bay of Panama,True Sample,Snapping shrimp
9131-G,Istmo S11,C,2,9131-G,Gill,7966,10.6,TRANS-62,Alpheus panamensis,Intertidal under rocks,A. panamensis / A. formosus,A. formosus*,A. formosus,,,Pacific,Bay of Panama-Las Perlas,Bay of Panama,True Sample,Snapping shrimp
9271-S,Istmo S11,C,3,9271-S,Stomach,8381,5.8,TRANS-64,Alpheus utriensis,Subtidal rubble,A. utriensis / A. cristulifrons,A. crinitus,A. cristulifrons,,,Pacific,Bay of Panama-Las Perlas,Bay of Panama,True Sample,Snapping shrimp
9271-M,Istmo S11,C,4,9271-M,Midgut,8381,5.8,TRANS-64,Alpheus utriensis,Subtidal rubble,A. utriensis / A. cristulifrons,A. crinitus,A. cristulifrons,,,Pacific,Bay of Panama-Las Perlas,Bay of Panama,True Sample,Snapping shrimp
9271-H,Istmo S11,C,5,9271-H,Hepatopancreas,8381,5.8,TRANS-64,Alpheus utriensis,Subtidal rubble,A. utriensis / A. cristulifrons,A. crinitus,A. cristulifrons,,,Pacific,Bay of Panama-Las Perlas,Bay of Panama,True Sample,Snapping shrimp
9271-G,Istmo S11,C,6,9271-G,Gill,8381,5.8,TRANS-64,Alpheus utriensis,Subtidal rubble,A. utriensis / A. cristulifrons,A. crinitus,A. cristulifrons,,,Pacific,Bay of Panama-Las Perlas,Bay of Panama,True Sample,Snapping shrimp
9269-S,Istmo S11,C,7,9269-S,Stomach,8380,7.3,TRANS-64,Alpheus utriensis,Subtidal rubble,A. utriensis / A. cristulifrons,A. crinitus,A. cristulifrons,,,Pacific,Bay of Panama-Las Perlas,Bay of Panama,True Sample,Snapping shrimp
9269-M,Istmo S11,C,8,9269-M,Midgut,8380,7.3,TRANS-64,Alpheus utriensis,Subtidal rubble,A. utriensis / A. cristulifrons,A. crinitus,A. cristulifrons,,,Pacific,Bay of Panama-Las Perlas,Bay of Panama,True Sample,Snapping shrimp
9269-H,Istmo S11,C,9,9269-H,Hepatopancreas,8380,7.3,TRANS-64,Alpheus utriensis,Subtidal rubble,A. utriensis / A. cristulifrons,A. crinitus,A. cristulifrons,,,Pacific,Bay of Panama-Las Perlas,Bay of Panama,True Sample,Snapping shrimp
9269-G,Istmo S11,C,10,9269-G,Gill,8380,7.3,TRANS-64,Alpheus utriensis,Subtidal rubble,A. utriensis / A. cristulifrons,A. crinitus,A. cristulifrons,,,Pacific,Bay of Panama-Las Perlas,Bay of Panama,True Sample,Snapping shrimp
8962-S,Istmo S11,C,11,8962-S,Stomach,7477,10.6,TRANS-58,Alpheus hyeyoungae,Intertidal under rocks,A. hyeyoungae / A. verilli,A. edwardsii 1,A. armillatus,,,Pacific,Bay of Panama-Las Perlas,Bay of Panama,True Sample,Snapping shrimp
8962-M,Istmo S11,C,12,8962-M,Midgut,7477,10.6,TRANS-58,Alpheus hyeyoungae,Intertidal under rocks,A. hyeyoungae / A. verilli,A. edwardsii 1,A. armillatus,,,Pacific,Bay of Panama-Las Perlas,Bay of Panama,True Sample,Snapping shrimp
8962-H,Istmo S11,D,1,8962-H,Hepatopancreas,7477,10.6,TRANS-58,Alpheus hyeyoungae,Intertidal under rocks,A. hyeyoungae / A. verilli,A. edwardsii 1,A. armillatus,,,Pacific,Bay of Panama-Las Perlas,Bay of Panama,True Sample,Snapping shrimp
8962-G,Istmo S11,D,2,8962-G,Gill,7477,10.6,TRANS-58,Alpheus hyeyoungae,Intertidal under rocks,A. hyeyoungae / A. verilli,A. edwardsii 1,A. armillatus,,,Pacific,Bay of Panama-Las Perlas,Bay of Panama,True Sample,Snapping shrimp
9134-M,Istmo S11,D,3,9134-M,Midgut,7982,4.6,TRANS-62,Alpheus utriensis,Subtidal rubble,A. utriensis / A. cristulifrons,A. crinitus,A. cristulifrons,,,Pacific,Bay of Panama-Las Perlas,Bay of Panama,True Sample,Snapping shrimp
9134-H,Istmo S11,D,4,9134-H,Hepatopancreas,7982,4.6,TRANS-62,Alpheus utriensis,Subtidal rubble,A. utriensis / A. cristulifrons,A. crinitus,A. cristulifrons,,,Pacific,Bay of Panama-Las Perlas,Bay of Panama,True Sample,Snapping shrimp
9134-G,Istmo S11,D,5,9134-G,Gill,7982,4.6,TRANS-62,Alpheus utriensis,Subtidal rubble,A. utriensis / A. cristulifrons,A. crinitus,A. cristulifrons,,,Pacific,Bay of Panama-Las Perlas,Bay of Panama,True Sample,Snapping shrimp
9016-E,Istmo S11,D,6,9016-E,Egg,7722,5.8,TRANS-60,Alpheus fasciatus,Subtidal under rocks,A. fasciatus / A. paracrinitus no spot,A. paracrinitus*,A. paracrinitus,,Pair with 9015,Pacific,Bay of Panama-Las Perlas,Bay of Panama,True Sample,Snapping shrimp
9016-S,Istmo S11,D,7,9016-S,Stomach,7722,5.8,TRANS-60,Alpheus fasciatus,Subtidal under rocks,A. fasciatus / A. paracrinitus no spot,A. paracrinitus*,A. paracrinitus,,Pair with 9015,Pacific,Bay of Panama-Las Perlas,Bay of Panama,True Sample,Snapping shrimp
9016-M,Istmo S11,D,8,9016-M,Midgut,7722,5.8,TRANS-60,Alpheus fasciatus,Subtidal under rocks,A. fasciatus / A. paracrinitus no spot,A. paracrinitus*,A. paracrinitus,,Pair with 9015,Pacific,Bay of Panama-Las Perlas,Bay of Panama,True Sample,Snapping shrimp
9016-H,Istmo S11,D,9,9016-H,Hepatopancreas,7722,5.8,TRANS-60,Alpheus fasciatus,Subtidal under rocks,A. fasciatus / A. paracrinitus no spot,A. paracrinitus*,A. paracrinitus,,Pair with 9015,Pacific,Bay of Panama-Las Perlas,Bay of Panama,True Sample,Snapping shrimp
9016-G,Istmo S11,D,10,9016-G,Gill,7722,5.8,TRANS-60,Alpheus fasciatus,Subtidal under rocks,A. fasciatus / A. paracrinitus no spot,A. paracrinitus*,A. paracrinitus,,Pair with 9015,Pacific,Bay of Panama-Las Perlas,Bay of Panama,True Sample,Snapping shrimp
9340-S,Istmo S11,D,11,9340-S,Stomach,8621,10.5,TRANS-65,Alpheus panamensis,Intertidal under rocks,A. panamensis / A. formosus,A. formosus*,A. formosus,,Paired with 9339,Pacific,Bay of Panama-Las Perlas,Bay of Panama,True Sample,Snapping shrimp
9340-M,Istmo S11,D,12,9340-M,Midgut,8621,10.5,TRANS-65,Alpheus panamensis,Intertidal under rocks,A. panamensis / A. formosus,A. formosus*,A. formosus,,Paired with 9339,Pacific,Bay of Panama-Las Perlas,Bay of Panama,True Sample,Snapping shrimp
9340-H,Istmo S11,E,1,9340-H,Hepatopancreas,8621,10.5,TRANS-65,Alpheus panamensis,Intertidal under rocks,A. panamensis / A. formosus,A. formosus*,A. formosus,,Paired with 9339,Pacific,Bay of Panama-Las Perlas,Bay of Panama,True Sample,Snapping shrimp
9340-G,Istmo S11,E,2,9340-G,Gill,8621,10.5,TRANS-65,Alpheus panamensis,Intertidal under rocks,A. panamensis / A. formosus,A. formosus*,A. formosus,,Paired with 9339,Pacific,Bay of Panama-Las Perlas,Bay of Panama,True Sample,Snapping shrimp
8961-S,Istmo S11,E,3,8961-S,Stomach,7474,12.6,TRANS-58,Alpheus hyeyoungae,Intertidal under rocks,A. hyeyoungae / A. verilli,A. edwardsii 1,A. armillatus,,,Pacific,Bay of Panama-Las Perlas,Bay of Panama,True Sample,Snapping shrimp
8961-M,Istmo S11,E,4,8961-M,Midgut,7474,12.6,TRANS-58,Alpheus hyeyoungae,Intertidal under rocks,A. hyeyoungae / A. verilli,A. edwardsii 1,A. armillatus,,,Pacific,Bay of Panama-Las Perlas,Bay of Panama,True Sample,Snapping shrimp
8961-H,Istmo S11,E,5,8961-H,Hepatopancreas,7474,12.6,TRANS-58,Alpheus hyeyoungae,Intertidal under rocks,A. hyeyoungae / A. verilli,A. edwardsii 1,A. armillatus,,,Pacific,Bay of Panama-Las Perlas,Bay of Panama,True Sample,Snapping shrimp
8961-G,Istmo S11,E,6,8961-G,Gill,7474,12.6,TRANS-58,Alpheus hyeyoungae,Intertidal under rocks,A. hyeyoungae / A. verilli,A. edwardsii 1,A. armillatus,,,Pacific,Bay of Panama-Las Perlas,Bay of Panama,True Sample,Snapping shrimp
8975-S,Istmo S11,E,7,8975-S,Stomach,7446,11.8,TRANS-58,Alpheus galapagensis,Intertidal under rocks,no_pair,A. edwardsii 1,A. nuttingi,,,Pacific,Bay of Panama-Las Perlas,Bay of Panama,True Sample,Snapping shrimp
8975-M,Istmo S11,E,8,8975-M,Midgut,7446,11.8,TRANS-58,Alpheus galapagensis,Intertidal under rocks,no_pair,A. edwardsii 1,A. nuttingi,,,Pacific,Bay of Panama-Las Perlas,Bay of Panama,True Sample,Snapping shrimp
8975-H,Istmo S11,E,9,8975-H,Hepatopancreas,7446,11.8,TRANS-58,Alpheus galapagensis,Intertidal under rocks,no_pair,A. edwardsii 1,A. nuttingi,,,Pacific,Bay of Panama-Las Perlas,Bay of Panama,True Sample,Snapping shrimp
8975-G,Istmo S11,E,10,8975-G,Gill,7446,11.8,TRANS-58,Alpheus galapagensis,Intertidal under rocks,no_pair,A. edwardsii 1,A. nuttingi,,,Pacific,Bay of Panama-Las Perlas,Bay of Panama,True Sample,Snapping shrimp
8959-E,Istmo S11,E,11,8959-E,Egg,7473,13,TRANS-58,Alpheus hyeyoungae,Intertidal under rocks,A. hyeyoungae / A. verilli,A. edwardsii 1,A. armillatus,,,Pacific,Bay of Panama-Las Perlas,Bay of Panama,True Sample,Snapping shrimp
8959-S,Istmo S11,E,12,8959-S,Stomach,7473,13,TRANS-58,Alpheus hyeyoungae,Intertidal under rocks,A. hyeyoungae / A. verilli,A. edwardsii 1,A. armillatus,,,Pacific,Bay of Panama-Las Perlas,Bay of Panama,True Sample,Snapping shrimp
8959-M,Istmo S11,F,1,8959-M,Midgut,7473,13,TRANS-58,Alpheus hyeyoungae,Intertidal under rocks,A. hyeyoungae / A. verilli,A. edwardsii 1,A. armillatus,,,Pacific,Bay of Panama-Las Perlas,Bay of Panama,True Sample,Snapping shrimp
8959-H,Istmo S11,F,2,8959-H,Hepatopancreas,7473,13,TRANS-58,Alpheus hyeyoungae,Intertidal under rocks,A. hyeyoungae / A. verilli,A. edwardsii 1,A. armillatus,,,Pacific,Bay of Panama-Las Perlas,Bay of Panama,True Sample,Snapping shrimp
8959-G,Istmo S11,F,3,8959-G,Gill,7473,13,TRANS-58,Alpheus hyeyoungae,Intertidal under rocks,A. hyeyoungae / A. verilli,A. edwardsii 1,A. armillatus,,,Pacific,Bay of Panama-Las Perlas,Bay of Panama,True Sample,Snapping shrimp
9266-S,Istmo S11,F,4,9266-S,Stomach,8386,6.9,TRANS-64,Alpheus umbo,Subtidal cracks exposed,no_pair,A. edwardsii 2,A. schmitti,,,Pacific,Bay of Panama-Las Perlas,Bay of Panama,True Sample,Snapping shrimp
9266-M,Istmo S11,F,5,9266-M,Midgut,8386,6.9,TRANS-64,Alpheus umbo,Subtidal cracks exposed,no_pair,A. edwardsii 2,A. schmitti,,,Pacific,Bay of Panama-Las Perlas,Bay of Panama,True Sample,Snapping shrimp
9266-H,Istmo S11,F,6,9266-H,Hepatopancreas,8386,6.9,TRANS-64,Alpheus umbo,Subtidal cracks exposed,no_pair,A. edwardsii 2,A. schmitti,,,Pacific,Bay of Panama-Las Perlas,Bay of Panama,True Sample,Snapping shrimp
9266-G,Istmo S11,F,7,9266-G,Gill,8386,6.9,TRANS-64,Alpheus umbo,Subtidal cracks exposed,no_pair,A. edwardsii 2,A. schmitti,,,Pacific,Bay of Panama-Las Perlas,Bay of Panama,True Sample,Snapping shrimp
8981-G,Istmo S11,F,8,8981-G,Gill,7439,6.8,TRANS-58,Alpheus javieri,Intertidal cracks rocks,A. javieri / A. bouvieri,A. leviusculus 1,A. bouvieri,,,Pacific,Bay of Panama-Las Perlas,Bay of Panama,True Sample,Snapping shrimp
8981-H,Istmo S11,F,9,8981-H,Hepatopancreas,7439,6.8,TRANS-58,Alpheus javieri,Intertidal cracks rocks,A. javieri / A. bouvieri,A. leviusculus 1,A. bouvieri,,,Pacific,Bay of Panama-Las Perlas,Bay of Panama,True Sample,Snapping shrimp
8981-M,Istmo S11,F,10,8981-M,Midgut,7439,6.8,TRANS-58,Alpheus javieri,Intertidal cracks rocks,A. javieri / A. bouvieri,A. leviusculus 1,A. bouvieri,,,Pacific,Bay of Panama-Las Perlas,Bay of Panama,True Sample,Snapping shrimp
8981-S,Istmo S11,F,11,8981-S,Stomach,7439,6.8,TRANS-58,Alpheus javieri,Intertidal cracks rocks,A. javieri / A. bouvieri,A. leviusculus 1,A. bouvieri,,,Pacific,Bay of Panama-Las Perlas,Bay of Panama,True Sample,Snapping shrimp
9122-G,Istmo S11,F,12,9122-G,Gill,7995,5,TRANS-62,Alpheus rostratus,Subtidal under rocks,A. rostratus / A. paracrinitus with spot,A. paracrinitus*,A. paracrinitus,,,Pacific,Bay of Panama-Las Perlas,Bay of Panama,True Sample,Snapping shrimp
9122-H,Istmo S11,G,1,9122-H,Hepatopancreas,7995,5,TRANS-62,Alpheus rostratus,Subtidal under rocks,A. rostratus / A. paracrinitus with spot,A. paracrinitus*,A. paracrinitus,,,Pacific,Bay of Panama-Las Perlas,Bay of Panama,True Sample,Snapping shrimp
9122-M,Istmo S11,G,2,9122-M,Midgut,7995,5,TRANS-62,Alpheus rostratus,Subtidal under rocks,A. rostratus / A. paracrinitus with spot,A. paracrinitus*,A. paracrinitus,,,Pacific,Bay of Panama-Las Perlas,Bay of Panama,True Sample,Snapping shrimp
9122-S,Istmo S11,G,3,9122-S,Stomach,7995,5,TRANS-62,Alpheus rostratus,Subtidal under rocks,A. rostratus / A. paracrinitus with spot,A. paracrinitus*,A. paracrinitus,,,Pacific,Bay of Panama-Las Perlas,Bay of Panama,True Sample,Snapping shrimp
9133-G,Istmo S11,G,4,9133-G,Gill,7979,5.3,TRANS-62,Alpheus utriensis,Subtidal rubble,A. utriensis / A. cristulifrons,A. crinitus,A. cristulifrons,,,Pacific,Bay of Panama-Las Perlas,Bay of Panama,True Sample,Snapping shrimp
9133-H,Istmo S11,G,5,9133-H,Hepatopancreas,7979,5.3,TRANS-62,Alpheus utriensis,Subtidal rubble,A. utriensis / A. cristulifrons,A. crinitus,A. cristulifrons,,,Pacific,Bay of Panama-Las Perlas,Bay of Panama,True Sample,Snapping shrimp
9133-M,Istmo S11,G,6,9133-M,Midgut,7979,5.3,TRANS-62,Alpheus utriensis,Subtidal rubble,A. utriensis / A. cristulifrons,A. crinitus,A. cristulifrons,,,Pacific,Bay of Panama-Las Perlas,Bay of Panama,True Sample,Snapping shrimp
9133-S,Istmo S11,G,7,9133-S,Stomach,7979,5.3,TRANS-62,Alpheus utriensis,Subtidal rubble,A. utriensis / A. cristulifrons,A. crinitus,A. cristulifrons,,,Pacific,Bay of Panama-Las Perlas,Bay of Panama,True Sample,Snapping shrimp
9074-G,Istmo S11,G,8,9074-G,Gill,7741,4.4,TRANS-61,Alpheus rostratus,Subtidal under rocks,A. rostratus / A. paracrinitus with spot,A. paracrinitus*,A. paracrinitus,,,Pacific,Bay of Panama-Las Perlas,Bay of Panama,True Sample,Snapping shrimp
9074-H,Istmo S11,G,9,9074-H,Hepatopancreas,7741,4.4,TRANS-61,Alpheus rostratus,Subtidal under rocks,A. rostratus / A. paracrinitus with spot,A. paracrinitus*,A. paracrinitus,,,Pacific,Bay of Panama-Las Perlas,Bay of Panama,True Sample,Snapping shrimp
9074-M,Istmo S11,G,10,9074-M,Midgut,7741,4.4,TRANS-61,Alpheus rostratus,Subtidal under rocks,A. rostratus / A. paracrinitus with spot,A. paracrinitus*,A. paracrinitus,,,Pacific,Bay of Panama-Las Perlas,Bay of Panama,True Sample,Snapping shrimp
9074-S,Istmo S11,G,11,9074-S,Stomach,7741,4.4,TRANS-61,Alpheus rostratus,Subtidal under rocks,A. rostratus / A. paracrinitus with spot,A. paracrinitus*,A. paracrinitus,,,Pacific,Bay of Panama-Las Perlas,Bay of Panama,True Sample,Snapping shrimp
9072-G,Istmo S11,G,12,9072-G,Gill,7743,4.3,TRANS-61,Alpheus rostratus,Subtidal under rocks,A. rostratus / A. paracrinitus with spot,A. paracrinitus*,A. paracrinitus,,,Pacific,Bay of Panama-Las Perlas,Bay of Panama,True Sample,Snapping shrimp
9072-H,Istmo S11,H,1,9072-H,Hepatopancreas,7743,4.3,TRANS-61,Alpheus rostratus,Subtidal under rocks,A. rostratus / A. paracrinitus with spot,A. paracrinitus*,A. paracrinitus,,,Pacific,Bay of Panama-Las Perlas,Bay of Panama,True Sample,Snapping shrimp
9072-M,Istmo S11,H,2,9072-M,Midgut,7743,4.3,TRANS-61,Alpheus rostratus,Subtidal under rocks,A. rostratus / A. paracrinitus with spot,A. paracrinitus*,A. paracrinitus,,,Pacific,Bay of Panama-Las Perlas,Bay of Panama,True Sample,Snapping shrimp
9072-S,Istmo S11,H,3,9072-S,Stomach,7743,4.3,TRANS-61,Alpheus rostratus,Subtidal under rocks,A. rostratus / A. paracrinitus with spot,A. paracrinitus*,A. paracrinitus,,,Pacific,Bay of Panama-Las Perlas,Bay of Panama,True Sample,Snapping shrimp
9072-E,Istmo S11,H,4,9072-E,Egg,7743,4.3,TRANS-61,Alpheus rostratus,Subtidal under rocks,A. rostratus / A. paracrinitus with spot,A. paracrinitus*,A. paracrinitus,,,Pacific,Bay of Panama-Las Perlas,Bay of Panama,True Sample,Snapping shrimp
8991-G,Istmo S11,H,5,8991-G,Gill,7458,6.2,TRANS-58,Alpheus fasciatus,Subtidal under rocks,A. fasciatus / A. paracrinitus no spot,A. paracrinitus*,A. paracrinitus,,,Pacific,Bay of Panama-Las Perlas,Bay of Panama,True Sample,Snapping shrimp
8991-H,Istmo S11,H,6,8991-H,Hepatopancreas,7458,6.2,TRANS-58,Alpheus fasciatus,Subtidal under rocks,A. fasciatus / A. paracrinitus no spot,A. paracrinitus*,A. paracrinitus,,,Pacific,Bay of Panama-Las Perlas,Bay of Panama,True Sample,Snapping shrimp
8991-M,Istmo S11,H,7,8991-M,Midgut,7458,6.2,TRANS-58,Alpheus fasciatus,Subtidal under rocks,A. fasciatus / A. paracrinitus no spot,A. paracrinitus*,A. paracrinitus,,,Pacific,Bay of Panama-Las Perlas,Bay of Panama,True Sample,Snapping shrimp
8991-S,Istmo S11,H,8,8991-S,Stomach,7458,6.2,TRANS-58,Alpheus fasciatus,Subtidal under rocks,A. fasciatus / A. paracrinitus no spot,A. paracrinitus*,A. paracrinitus,,,Pacific,Bay of Panama-Las Perlas,Bay of Panama,True Sample,Snapping shrimp
8991-E,Istmo S11,H,9,8991-E,Egg,7458,6.2,TRANS-58,Alpheus fasciatus,Subtidal under rocks,A. fasciatus / A. paracrinitus no spot,A. paracrinitus*,A. paracrinitus,,,Pacific,Bay of Panama-Las Perlas,Bay of Panama,True Sample,Snapping shrimp
Control-19,Istmo S11,H,10,Control-19,Control,Control,Control,Control,Control,Control,Control,Control,Control,Control,Control,Control,Control,Control,Control Sample,Control
Control-20,Istmo S11,H,11,Control-20,Control,Control,Control,Control,Control,Control,Control,Control,Control,Control,Control,Control,Control,Control,Control Sample,Control
Control-21,Istmo S11,H,12,Control-21,Control,Control,Control,Control,Control,Control,Control,Control,Control,Control,Control,Control,Control,Control,Control Sample,Control
7643-G,Istmo S12,A,1,7643-G,Gill,5389,5,TRANS-21,Alpheus bouvieri,Intertidal cracks rocks,A. javieri / A. bouvieri,A. leviusculus 1,A. bouvieri,Yes,,Western Atlantic,Isla Grande,Colon area,True Sample,Snapping shrimp
7643-H,Istmo S12,A,2,7643-H,Hepatopancreas,5389,5,TRANS-21,Alpheus bouvieri,Intertidal cracks rocks,A. javieri / A. bouvieri,A. leviusculus 1,A. bouvieri,Yes,,Western Atlantic,Isla Grande,Colon area,True Sample,Snapping shrimp
7643-M,Istmo S12,A,3,7643-M,Midgut,5389,5,TRANS-21,Alpheus bouvieri,Intertidal cracks rocks,A. javieri / A. bouvieri,A. leviusculus 1,A. bouvieri,Yes,,Western Atlantic,Isla Grande,Colon area,True Sample,Snapping shrimp
7643-S,Istmo S12,A,4,7643-S,Stomach,5389,5,TRANS-21,Alpheus bouvieri,Intertidal cracks rocks,A. javieri / A. bouvieri,A. leviusculus 1,A. bouvieri,Yes,,Western Atlantic,Isla Grande,Colon area,True Sample,Snapping shrimp
7657-G,Istmo S12,A,5,7657-G,Gill,5399,6.1,TRANS-22,Alpheus formosus,Subtidal cracks exposed,A. panamensis / A. formosus,A. formosus*,A. formosus,Yes,,Western Atlantic,Isla Grande,Colon area,True Sample,Snapping shrimp
7657-H,Istmo S12,A,6,7657-H,Hepatopancreas,5399,6.1,TRANS-22,Alpheus formosus,Subtidal cracks exposed,A. panamensis / A. formosus,A. formosus*,A. formosus,Yes,,Western Atlantic,Isla Grande,Colon area,True Sample,Snapping shrimp
7657-S,Istmo S12,A,7,7657-S,Stomach,5399,6.1,TRANS-22,Alpheus formosus,Subtidal cracks exposed,A. panamensis / A. formosus,A. formosus*,A. formosus,Yes,,Western Atlantic,Isla Grande,Colon area,True Sample,Snapping shrimp
8987-G,Istmo S12,A,8,8987-G,Gill,7464,6.4,TRANS-58,Alpheus hebes,Intertidal cracks rocks,no_pair,A. leviusculus 1,A. hebes,,,Pacific,Bay of Panama-Las Perlas,Bay of Panama,True Sample,Snapping shrimp
8987-H,Istmo S12,A,9,8987-H,Hepatopancreas,7464,6.4,TRANS-58,Alpheus hebes,Intertidal cracks rocks,no_pair,A. leviusculus 1,A. hebes,,,Pacific,Bay of Panama-Las Perlas,Bay of Panama,True Sample,Snapping shrimp
8987-M,Istmo S12,A,10,8987-M,Midgut,7464,6.4,TRANS-58,Alpheus hebes,Intertidal cracks rocks,no_pair,A. leviusculus 1,A. hebes,,,Pacific,Bay of Panama-Las Perlas,Bay of Panama,True Sample,Snapping shrimp
8987-S,Istmo S12,A,11,8987-S,Stomach,7464,6.4,TRANS-58,Alpheus hebes,Intertidal cracks rocks,no_pair,A. leviusculus 1,A. hebes,,,Pacific,Bay of Panama-Las Perlas,Bay of Panama,True Sample,Snapping shrimp
7644-G,Istmo S12,A,12,7644-G,Gill,5381,5.2,TRANS-21,Alpheus bouvieri,Intertidal cracks rocks,A. javieri / A. bouvieri,A. leviusculus 1,A. bouvieri,Yes,,Western Atlantic,Isla Grande,Colon area,True Sample,Snapping shrimp
7644-H,Istmo S12,B,1,7644-H,Hepatopancreas,5381,5.2,TRANS-21,Alpheus bouvieri,Intertidal cracks rocks,A. javieri / A. bouvieri,A. leviusculus 1,A. bouvieri,Yes,,Western Atlantic,Isla Grande,Colon area,True Sample,Snapping shrimp
7644-M,Istmo S12,B,2,7644-M,Midgut,5381,5.2,TRANS-21,Alpheus bouvieri,Intertidal cracks rocks,A. javieri / A. bouvieri,A. leviusculus 1,A. bouvieri,Yes,,Western Atlantic,Isla Grande,Colon area,True Sample,Snapping shrimp
7644-S,Istmo S12,B,3,7644-S,Stomach,5381,5.2,TRANS-21,Alpheus bouvieri,Intertidal cracks rocks,A. javieri / A. bouvieri,A. leviusculus 1,A. bouvieri,Yes,,Western Atlantic,Isla Grande,Colon area,True Sample,Snapping shrimp
7652-E,Istmo S12,B,4,7652-E,Egg,5362,6,TRANS-21,Alpheus bahamensis,Subtidal cracks exposed,no_pair,A. edwardsii 2,NA (sister to A. schmitti-A.umbo),Yes,Pair with 7651,Western Atlantic,Isla Grande,Colon area,True Sample,Snapping shrimp
7652-G,Istmo S12,B,5,7652-G,Gill,5362,6,TRANS-21,Alpheus bahamensis,Subtidal cracks exposed,no_pair,A. edwardsii 2,NA (sister to A. schmitti-A.umbo),Yes,Pair with 7651,Western Atlantic,Isla Grande,Colon area,True Sample,Snapping shrimp
7652-H,Istmo S12,B,6,7652-H,Hepatopancreas,5362,6,TRANS-21,Alpheus bahamensis,Subtidal cracks exposed,no_pair,A. edwardsii 2,NA (sister to A. schmitti-A.umbo),Yes,Pair with 7651,Western Atlantic,Isla Grande,Colon area,True Sample,Snapping shrimp
7652-M,Istmo S12,B,7,7652-M,Midgut,5362,6,TRANS-21,Alpheus bahamensis,Subtidal cracks exposed,no_pair,A. edwardsii 2,NA (sister to A. schmitti-A.umbo),Yes,Pair with 7651,Western Atlantic,Isla Grande,Colon area,True Sample,Snapping shrimp
7652-S,Istmo S12,B,8,7652-S,Stomach,5362,6,TRANS-21,Alpheus bahamensis,Subtidal cracks exposed,no_pair,A. edwardsii 2,NA (sister to A. schmitti-A.umbo),Yes,Pair with 7651,Western Atlantic,Isla Grande,Colon area,True Sample,Snapping shrimp
7654-G,Istmo S12,B,9,7654-G,Gill,5361,5.8,TRANS-21,Alpheus bahamensis,Subtidal cracks exposed,no_pair,A. edwardsii 2,NA (sister to A. schmitti-A.umbo),Yes,Pair with 7653,Western Atlantic,Isla Grande,Colon area,True Sample,Snapping shrimp
7654-H,Istmo S12,B,10,7654-H,Hepatopancreas,5361,5.8,TRANS-21,Alpheus bahamensis,Subtidal cracks exposed,no_pair,A. edwardsii 2,NA (sister to A. schmitti-A.umbo),Yes,Pair with 7653,Western Atlantic,Isla Grande,Colon area,True Sample,Snapping shrimp
7654-M,Istmo S12,B,11,7654-M,Midgut,5361,5.8,TRANS-21,Alpheus bahamensis,Subtidal cracks exposed,no_pair,A. edwardsii 2,NA (sister to A. schmitti-A.umbo),Yes,Pair with 7653,Western Atlantic,Isla Grande,Colon area,True Sample,Snapping shrimp
7654-S,Istmo S12,B,12,7654-S,Stomach,5361,5.8,TRANS-21,Alpheus bahamensis,Subtidal cracks exposed,no_pair,A. edwardsii 2,NA (sister to A. schmitti-A.umbo),Yes,Pair with 7653,Western Atlantic,Isla Grande,Colon area,True Sample,Snapping shrimp
7654-E,Istmo S12,C,1,7654-E,Egg,5361,5.8,TRANS-21,Alpheus bahamensis,Subtidal cracks exposed,no_pair,A. edwardsii 2,NA (sister to A. schmitti-A.umbo),Yes,Pair with 7653,Western Atlantic,Isla Grande,Colon area,True Sample,Snapping shrimp
7730-G,Istmo S12,C,2,7730-G,Gill,5561,7.8,TRANS-24,Alpheus websteri,Subtidal cracks exposed,A. arenensis / A. websteri,A. formosus*,A. websteri,Yes,,Western Atlantic,Isla Grande,Colon area,True Sample,Snapping shrimp
7730-H,Istmo S12,C,3,7730-H,Hepatopancreas,5561,7.8,TRANS-24,Alpheus websteri,Subtidal cracks exposed,A. arenensis / A. websteri,A. formosus*,A. websteri,Yes,,Western Atlantic,Isla Grande,Colon area,True Sample,Snapping shrimp
7730-M,Istmo S12,C,4,7730-M,Midgut,5561,7.8,TRANS-24,Alpheus websteri,Subtidal cracks exposed,A. arenensis / A. websteri,A. formosus*,A. websteri,Yes,,Western Atlantic,Isla Grande,Colon area,True Sample,Snapping shrimp
7730-S,Istmo S12,C,5,7730-S,Stomach,5561,7.8,TRANS-24,Alpheus websteri,Subtidal cracks exposed,A. arenensis / A. websteri,A. formosus*,A. websteri,Yes,,Western Atlantic,Isla Grande,Colon area,True Sample,Snapping shrimp
7645-E,Istmo S12,C,6,7645-E,Egg,5379,7.2,TRANS-21,Alpheus bouvieri,Intertidal cracks rocks,A. javieri / A. bouvieri,A. leviusculus 1,A. bouvieri,Yes,,Western Atlantic,Isla Grande,Colon area,True Sample,Snapping shrimp
7645-G,Istmo S12,C,7,7645-G,Gill,5379,7.2,TRANS-21,Alpheus bouvieri,Intertidal cracks rocks,A. javieri / A. bouvieri,A. leviusculus 1,A. bouvieri,Yes,,Western Atlantic,Isla Grande,Colon area,True Sample,Snapping shrimp
7645-H,Istmo S12,C,8,7645-H,Hepatopancreas,5379,7.2,TRANS-21,Alpheus bouvieri,Intertidal cracks rocks,A. javieri / A. bouvieri,A. leviusculus 1,A. bouvieri,Yes,,Western Atlantic,Isla Grande,Colon area,True Sample,Snapping shrimp
7645-M,Istmo S12,C,9,7645-M,Midgut,5379,7.2,TRANS-21,Alpheus bouvieri,Intertidal cracks rocks,A. javieri / A. bouvieri,A. leviusculus 1,A. bouvieri,Yes,,Western Atlantic,Isla Grande,Colon area,True Sample,Snapping shrimp
7645-S,Istmo S12,C,10,7645-S,Stomach,5379,7.2,TRANS-21,Alpheus bouvieri,Intertidal cracks rocks,A. javieri / A. bouvieri,A. leviusculus 1,A. bouvieri,Yes,,Western Atlantic,Isla Grande,Colon area,True Sample,Snapping shrimp
7715-G,Istmo S12,C,11,7715-G,Gill,5532,4.1,TRANS-24,Alpheus paracrinitus no spot,Subtidal cracks exposed,A. fasciatus / A. paracrinitus no spot,A. paracrinitus*,A. paracrinitus,Yes,,Western Atlantic,Isla Grande,Colon area,True Sample,Snapping shrimp
7715-H,Istmo S12,C,12,7715-H,Hepatopancreas,5532,4.1,TRANS-24,Alpheus paracrinitus no spot,Subtidal cracks exposed,A. fasciatus / A. paracrinitus no spot,A. paracrinitus*,A. paracrinitus,Yes,,Western Atlantic,Isla Grande,Colon area,True Sample,Snapping shrimp
7715-M,Istmo S12,D,1,7715-M,Midgut,5532,4.1,TRANS-24,Alpheus paracrinitus no spot,Subtidal cracks exposed,A. fasciatus / A. paracrinitus no spot,A. paracrinitus*,A. paracrinitus,Yes,,Western Atlantic,Isla Grande,Colon area,True Sample,Snapping shrimp
7715-S,Istmo S12,D,2,7715-S,Stomach,5532,4.1,TRANS-24,Alpheus paracrinitus no spot,Subtidal cracks exposed,A. fasciatus / A. paracrinitus no spot,A. paracrinitus*,A. paracrinitus,Yes,,Western Atlantic,Isla Grande,Colon area,True Sample,Snapping shrimp
7715-E,Istmo S12,D,3,7715-E,Egg,5532,4.1,TRANS-24,Alpheus paracrinitus no spot,Subtidal cracks exposed,A. fasciatus / A. paracrinitus no spot,A. paracrinitus*,A. paracrinitus,Yes,,Western Atlantic,Isla Grande,Colon area,True Sample,Snapping shrimp
9507-G,Istmo S12,D,4,9507-G,Gill,,NA,TRANS-78,Alpheus verrilli,Subtidal under rocks,A. hyeyoungae / A. verilli,A. edwardsii 1,A. armillatus,,,Western Atlantic,Bocas del Toro,Bocas del Toro,True Sample,Snapping shrimp
9507-H,Istmo S12,D,5,9507-H,Hepatopancreas,,NA,TRANS-78,Alpheus verrilli,Subtidal under rocks,A. hyeyoungae / A. verilli,A. edwardsii 1,A. armillatus,,,Western Atlantic,Bocas del Toro,Bocas del Toro,True Sample,Snapping shrimp
9507-M,Istmo S12,D,6,9507-M,Midgut,,NA,TRANS-78,Alpheus verrilli,Subtidal under rocks,A. hyeyoungae / A. verilli,A. edwardsii 1,A. armillatus,,,Western Atlantic,Bocas del Toro,Bocas del Toro,True Sample,Snapping shrimp
9507-S,Istmo S12,D,7,9507-S,Stomach,,NA,TRANS-78,Alpheus verrilli,Subtidal under rocks,A. hyeyoungae / A. verilli,A. edwardsii 1,A. armillatus,,,Western Atlantic,Bocas del Toro,Bocas del Toro,True Sample,Snapping shrimp
9119-E,Istmo S12,D,8,9119-E,Egg,7993,4.6,TRANS-62,Alpheus rostratus,Subtidal under rocks,A. rostratus / A. paracrinitus with spot,A. paracrinitus*,A. paracrinitus,,Pair with 9120,Pacific,Bay of Panama-Las Perlas,Bay of Panama,True Sample,Snapping shrimp
9119-G,Istmo S12,D,9,9119-G,Gill,7993,4.6,TRANS-62,Alpheus rostratus,Subtidal under rocks,A. rostratus / A. paracrinitus with spot,A. paracrinitus*,A. paracrinitus,,Pair with 9120,Pacific,Bay of Panama-Las Perlas,Bay of Panama,True Sample,Snapping shrimp
9119-H,Istmo S12,D,10,9119-H,Hepatopancreas,7993,4.6,TRANS-62,Alpheus rostratus,Subtidal under rocks,A. rostratus / A. paracrinitus with spot,A. paracrinitus*,A. paracrinitus,,Pair with 9120,Pacific,Bay of Panama-Las Perlas,Bay of Panama,True Sample,Snapping shrimp
9119-M,Istmo S12,D,11,9119-M,Midgut,7993,4.6,TRANS-62,Alpheus rostratus,Subtidal under rocks,A. rostratus / A. paracrinitus with spot,A. paracrinitus*,A. paracrinitus,,Pair with 9120,Pacific,Bay of Panama-Las Perlas,Bay of Panama,True Sample,Snapping shrimp
9119-S,Istmo S12,D,12,9119-S,Stomach,7993,4.6,TRANS-62,Alpheus rostratus,Subtidal under rocks,A. rostratus / A. paracrinitus with spot,A. paracrinitus*,A. paracrinitus,,Pair with 9120,Pacific,Bay of Panama-Las Perlas,Bay of Panama,True Sample,Snapping shrimp
8940-G,Istmo S12,E,1,8940-G,Gill,7435,7.3,TRANS-57,Alpheus javieri,Intertidal cracks rocks,A. javieri / A. bouvieri,A. leviusculus 1,A. bouvieri,,Pair with 8939,Pacific,Bay of Panama-Las Perlas,Bay of Panama,True Sample,Snapping shrimp
8940-H,Istmo S12,E,2,8940-H,Hepatopancreas,7435,7.3,TRANS-57,Alpheus javieri,Intertidal cracks rocks,A. javieri / A. bouvieri,A. leviusculus 1,A. bouvieri,,Pair with 8939,Pacific,Bay of Panama-Las Perlas,Bay of Panama,True Sample,Snapping shrimp
8940-M,Istmo S12,E,3,8940-M,Midgut,7435,7.3,TRANS-57,Alpheus javieri,Intertidal cracks rocks,A. javieri / A. bouvieri,A. leviusculus 1,A. bouvieri,,Pair with 8939,Pacific,Bay of Panama-Las Perlas,Bay of Panama,True Sample,Snapping shrimp
8940-S,Istmo S12,E,4,8940-S,Stomach,7435,7.3,TRANS-57,Alpheus javieri,Intertidal cracks rocks,A. javieri / A. bouvieri,A. leviusculus 1,A. bouvieri,,Pair with 8939,Pacific,Bay of Panama-Las Perlas,Bay of Panama,True Sample,Snapping shrimp
8996-G,Istmo S12,E,5,8996-G,Gill,7493,5.8,TRANS-59,Alpheus fasciatus,Subtidal under rocks,A. fasciatus / A. paracrinitus no spot,A. paracrinitus*,A. paracrinitus,,,Pacific,Bay of Panama-Las Perlas,Bay of Panama,True Sample,Snapping shrimp
8996-H,Istmo S12,E,6,8996-H,Hepatopancreas,7493,5.8,TRANS-59,Alpheus fasciatus,Subtidal under rocks,A. fasciatus / A. paracrinitus no spot,A. paracrinitus*,A. paracrinitus,,,Pacific,Bay of Panama-Las Perlas,Bay of Panama,True Sample,Snapping shrimp
8996-M,Istmo S12,E,7,8996-M,Midgut,7493,5.8,TRANS-59,Alpheus fasciatus,Subtidal under rocks,A. fasciatus / A. paracrinitus no spot,A. paracrinitus*,A. paracrinitus,,,Pacific,Bay of Panama-Las Perlas,Bay of Panama,True Sample,Snapping shrimp
8996-S,Istmo S12,E,8,8996-S,Stomach,7493,5.8,TRANS-59,Alpheus fasciatus,Subtidal under rocks,A. fasciatus / A. paracrinitus no spot,A. paracrinitus*,A. paracrinitus,,,Pacific,Bay of Panama-Las Perlas,Bay of Panama,True Sample,Snapping shrimp
9124-G,Istmo S12,E,9,9124-G,Gill,7996,4.6,TRANS-62,Alpheus rostratus,Subtidal under rocks,A. rostratus / A. paracrinitus with spot,A. paracrinitus*,A. paracrinitus,,,Pacific,Bay of Panama-Las Perlas,Bay of Panama,True Sample,Snapping shrimp
9124-H,Istmo S12,E,10,9124-H,Hepatopancreas,7996,4.6,TRANS-62,Alpheus rostratus,Subtidal under rocks,A. rostratus / A. paracrinitus with spot,A. paracrinitus*,A. paracrinitus,,,Pacific,Bay of Panama-Las Perlas,Bay of Panama,True Sample,Snapping shrimp
9124-M,Istmo S12,E,11,9124-M,Midgut,7996,4.6,TRANS-62,Alpheus rostratus,Subtidal under rocks,A. rostratus / A. paracrinitus with spot,A. paracrinitus*,A. paracrinitus,,,Pacific,Bay of Panama-Las Perlas,Bay of Panama,True Sample,Snapping shrimp
9124-S,Istmo S12,E,12,9124-S,Stomach,7996,4.6,TRANS-62,Alpheus rostratus,Subtidal under rocks,A. rostratus / A. paracrinitus with spot,A. paracrinitus*,A. paracrinitus,,,Pacific,Bay of Panama-Las Perlas,Bay of Panama,True Sample,Snapping shrimp
7604-E,Istmo S12,F,1,7604-E,Egg,5294,5.5,TRANS-20,Alpheus paracrinitus no spot,Subtidal cracks exposed,A. fasciatus / A. paracrinitus no spot,A. paracrinitus*,A. paracrinitus,Yes,,Western Atlantic,Isla Grande,Colon area,True Sample,Snapping shrimp
7604-S,Istmo S12,F,2,7604-S,Stomach,5294,5.5,TRANS-20,Alpheus paracrinitus no spot,Subtidal cracks exposed,A. fasciatus / A. paracrinitus no spot,A. paracrinitus*,A. paracrinitus,Yes,,Western Atlantic,Isla Grande,Colon area,True Sample,Snapping shrimp
7604-M,Istmo S12,F,3,7604-M,Midgut,5294,5.5,TRANS-20,Alpheus paracrinitus no spot,Subtidal cracks exposed,A. fasciatus / A. paracrinitus no spot,A. paracrinitus*,A. paracrinitus,Yes,,Western Atlantic,Isla Grande,Colon area,True Sample,Snapping shrimp
7604-H,Istmo S12,F,4,7604-H,Hepatopancreas,5294,5.5,TRANS-20,Alpheus paracrinitus no spot,Subtidal cracks exposed,A. fasciatus / A. paracrinitus no spot,A. paracrinitus*,A. paracrinitus,Yes,,Western Atlantic,Isla Grande,Colon area,True Sample,Snapping shrimp
7604-G,Istmo S12,F,5,7604-G,Gill,5294,5.5,TRANS-20,Alpheus paracrinitus no spot,Subtidal cracks exposed,A. fasciatus / A. paracrinitus no spot,A. paracrinitus*,A. paracrinitus,Yes,,Western Atlantic,Isla Grande,Colon area,True Sample,Snapping shrimp
7672-S,Istmo S12,F,6,7672-S,Stomach,5419,4,TRANS-22,Alpheus paracrinitus with spot,Subtidal cracks exposed,A. rostratus / A. paracrinitus with spot,A. paracrinitus*,A. paracrinitus,Yes,,Western Atlantic,Isla Grande,Colon area,True Sample,Snapping shrimp
7672-M,Istmo S12,F,7,7672-M,Midgut,5419,4,TRANS-22,Alpheus paracrinitus with spot,Subtidal cracks exposed,A. rostratus / A. paracrinitus with spot,A. paracrinitus*,A. paracrinitus,Yes,,Western Atlantic,Isla Grande,Colon area,True Sample,Snapping shrimp
7672-H,Istmo S12,F,8,7672-H,Hepatopancreas,5419,4,TRANS-22,Alpheus paracrinitus with spot,Subtidal cracks exposed,A. rostratus / A. paracrinitus with spot,A. paracrinitus*,A. paracrinitus,Yes,,Western Atlantic,Isla Grande,Colon area,True Sample,Snapping shrimp
7672-G,Istmo S12,F,9,7672-G,Gill,5419,4,TRANS-22,Alpheus paracrinitus with spot,Subtidal cracks exposed,A. rostratus / A. paracrinitus with spot,A. paracrinitus*,A. paracrinitus,Yes,,Western Atlantic,Isla Grande,Colon area,True Sample,Snapping shrimp
7640-S,Istmo S12,F,10,7640-S,Stomach,5376,5.6,TRANS-21,Alpheus bouvieri,Intertidal cracks rocks,A. javieri / A. bouvieri,A. leviusculus 1,A. bouvieri,Yes,,Western Atlantic,Isla Grande,Colon area,True Sample,Snapping shrimp
7640-M,Istmo S12,F,11,7640-M,Midgut,5376,5.6,TRANS-21,Alpheus bouvieri,Intertidal cracks rocks,A. javieri / A. bouvieri,A. leviusculus 1,A. bouvieri,Yes,,Western Atlantic,Isla Grande,Colon area,True Sample,Snapping shrimp
7640-H,Istmo S12,F,12,7640-H,Hepatopancreas,5376,5.6,TRANS-21,Alpheus bouvieri,Intertidal cracks rocks,A. javieri / A. bouvieri,A. leviusculus 1,A. bouvieri,Yes,,Western Atlantic,Isla Grande,Colon area,True Sample,Snapping shrimp
7640-G,Istmo S12,G,1,7640-G,Gill,5376,5.6,TRANS-21,Alpheus bouvieri,Intertidal cracks rocks,A. javieri / A. bouvieri,A. leviusculus 1,A. bouvieri,Yes,,Western Atlantic,Isla Grande,Colon area,True Sample,Snapping shrimp
7748-S,Istmo S12,G,2,7748-S,Stomach,5590,5.6,TRANS-25,Alpheus formosus,Subtidal cracks exposed,A. panamensis / A. formosus,A. formosus*,A. formosus,Yes,,Western Atlantic,Isla Grande,Colon area,True Sample,Snapping shrimp
7748-M,Istmo S12,G,3,7748-M,Midgut,5590,5.6,TRANS-25,Alpheus formosus,Subtidal cracks exposed,A. panamensis / A. formosus,A. formosus*,A. formosus,Yes,,Western Atlantic,Isla Grande,Colon area,True Sample,Snapping shrimp
7748-H,Istmo S12,G,4,7748-H,Hepatopancreas,5590,5.6,TRANS-25,Alpheus formosus,Subtidal cracks exposed,A. panamensis / A. formosus,A. formosus*,A. formosus,Yes,,Western Atlantic,Isla Grande,Colon area,True Sample,Snapping shrimp
7748-G,Istmo S12,G,5,7748-G,Gill,5590,5.6,TRANS-25,Alpheus formosus,Subtidal cracks exposed,A. panamensis / A. formosus,A. formosus*,A. formosus,Yes,,Western Atlantic,Isla Grande,Colon area,True Sample,Snapping shrimp
7639-S,Istmo S12,G,6,7639-S,Stomach,5378,5.6,TRANS-21,Alpheus bouvieri,Intertidal cracks rocks,A. javieri / A. bouvieri,A. leviusculus 1,A. bouvieri,Yes,,Western Atlantic,Isla Grande,Colon area,True Sample,Snapping shrimp
7639-M,Istmo S12,G,7,7639-M,Midgut,5378,5.6,TRANS-21,Alpheus bouvieri,Intertidal cracks rocks,A. javieri / A. bouvieri,A. leviusculus 1,A. bouvieri,Yes,,Western Atlantic,Isla Grande,Colon area,True Sample,Snapping shrimp
7639-H,Istmo S12,G,8,7639-H,Hepatopancreas,5378,5.6,TRANS-21,Alpheus bouvieri,Intertidal cracks rocks,A. javieri / A. bouvieri,A. leviusculus 1,A. bouvieri,Yes,,Western Atlantic,Isla Grande,Colon area,True Sample,Snapping shrimp
7639-G,Istmo S12,G,9,7639-G,Gill,5378,5.6,TRANS-21,Alpheus bouvieri,Intertidal cracks rocks,A. javieri / A. bouvieri,A. leviusculus 1,A. bouvieri,Yes,,Western Atlantic,Isla Grande,Colon area,True Sample,Snapping shrimp
7675-S,Istmo S12,G,10,7675-S,Stomach,5430,5.5,TRANS-23,Alpheus formosus,Subtidal cracks exposed,A. panamensis / A. formosus,A. formosus*,A. formosus,Yes,,Western Atlantic,Isla Grande,Colon area,True Sample,Snapping shrimp
7675-M,Istmo S12,G,11,7675-M,Midgut,5430,5.5,TRANS-23,Alpheus formosus,Subtidal cracks exposed,A. panamensis / A. formosus,A. formosus*,A. formosus,Yes,,Western Atlantic,Isla Grande,Colon area,True Sample,Snapping shrimp
7675-H,Istmo S12,G,12,7675-H,Hepatopancreas,5430,5.5,TRANS-23,Alpheus formosus,Subtidal cracks exposed,A. panamensis / A. formosus,A. formosus*,A. formosus,Yes,,Western Atlantic,Isla Grande,Colon area,True Sample,Snapping shrimp
7675-G,Istmo S12,H,1,7675-G,Gill,5430,5.5,TRANS-23,Alpheus formosus,Subtidal cracks exposed,A. panamensis / A. formosus,A. formosus*,A. formosus,Yes,,Western Atlantic,Isla Grande,Colon area,True Sample,Snapping shrimp
7658-S,Istmo S12,H,2,7658-S,Stomach,5393,7.9,TRANS-22,Alpheus formosus,Subtidal cracks exposed,A. panamensis / A. formosus,A. formosus*,A. formosus,Yes,,Western Atlantic,Isla Grande,Colon area,True Sample,Snapping shrimp
7658-M,Istmo S12,H,3,7658-M,Midgut,5393,7.9,TRANS-22,Alpheus formosus,Subtidal cracks exposed,A. panamensis / A. formosus,A. formosus*,A. formosus,Yes,,Western Atlantic,Isla Grande,Colon area,True Sample,Snapping shrimp
7658-H,Istmo S12,H,4,7658-H,Hepatopancreas,5393,7.9,TRANS-22,Alpheus formosus,Subtidal cracks exposed,A. panamensis / A. formosus,A. formosus*,A. formosus,Yes,,Western Atlantic,Isla Grande,Colon area,True Sample,Snapping shrimp
7658-G,Istmo S12,H,5,7658-G,Gill,5393,7.9,TRANS-22,Alpheus formosus,Subtidal cracks exposed,A. panamensis / A. formosus,A. formosus*,A. formosus,Yes,,Western Atlantic,Isla Grande,Colon area,True Sample,Snapping shrimp
7696-S,Istmo S12,H,6,7696-S,Stomach,5465,7.7,TRANS-23,Alpheus floridanus,Burrows,A. hephaestus / A. floridanus,A. brevirostris,A. floridanus,Yes,,Western Atlantic,Isla Grande,Colon area,True Sample,Snapping shrimp
7696-M,Istmo S12,H,7,7696-M,Midgut,5465,7.7,TRANS-23,Alpheus floridanus,Burrows,A. hephaestus / A. floridanus,A. brevirostris,A. floridanus,Yes,,Western Atlantic,Isla Grande,Colon area,True Sample,Snapping shrimp
7696-H,Istmo S12,H,8,7696-H,Hepatopancreas,5465,7.7,TRANS-23,Alpheus floridanus,Burrows,A. hephaestus / A. floridanus,A. brevirostris,A. floridanus,Yes,,Western Atlantic,Isla Grande,Colon area,True Sample,Snapping shrimp
7696-G,Istmo S12,H,9,7696-G,Gill,5465,7.7,TRANS-23,Alpheus floridanus,Burrows,A. hephaestus / A. floridanus,A. brevirostris,A. floridanus,Yes,,Western Atlantic,Isla Grande,Colon area,True Sample,Snapping shrimp
Control-22,Istmo S12,H,10,Control-22,Control,Control,Control,Control,Control,Control,Control,Control,Control,Control,Control,Control,Control,Control,Control Sample,Control
Control-23,Istmo S12,H,11,Control-23,Control,Control,Control,Control,Control,Control,Control,Control,Control,Control,Control,Control,Control,Control,Control Sample,Control
Control-24,Istmo S12,H,12,Control-24,Control,Control,Control,Control,Control,Control,Control,Control,Control,Control,Control,Control,Control,Control,Control Sample,Control
7446-S,Istmo S9,A,1,7446-S,Stomach,4852,4.1,TRANS-11,Alpheus paracrinitus no spot,Subtidal cracks exposed,A. fasciatus / A. paracrinitus no spot,A. paracrinitus*,A. paracrinitus,Yes,,Western Atlantic,Bocas del Toro,Bocas del Toro,True Sample,Snapping shrimp
7446-H,Istmo S9,A,2,7446-H,Hepatopancreas,4852,4.1,TRANS-11,Alpheus paracrinitus no spot,Subtidal cracks exposed,A. fasciatus / A. paracrinitus no spot,A. paracrinitus*,A. paracrinitus,Yes,,Western Atlantic,Bocas del Toro,Bocas del Toro,True Sample,Snapping shrimp
7446-M,Istmo S9,A,3,7446-M,Midgut,4852,4.1,TRANS-11,Alpheus paracrinitus no spot,Subtidal cracks exposed,A. fasciatus / A. paracrinitus no spot,A. paracrinitus*,A. paracrinitus,Yes,,Western Atlantic,Bocas del Toro,Bocas del Toro,True Sample,Snapping shrimp
7446-G,Istmo S9,A,4,7446-G,Gill,4852,4.1,TRANS-11,Alpheus paracrinitus no spot,Subtidal cracks exposed,A. fasciatus / A. paracrinitus no spot,A. paracrinitus*,A. paracrinitus,Yes,,Western Atlantic,Bocas del Toro,Bocas del Toro,True Sample,Snapping shrimp
7393-H,Istmo S9,A,5,7393-H,Hepatopancreas,4559,5.2,TRANS-09,Alpheus thomasi,Subtidal cracks exposed,no_pair,A. formosus*,NA (sister to A. websteri-A.fagei),Yes,Pair with 7392,Western Atlantic,Bocas del Toro,Bocas del Toro,True Sample,Snapping shrimp
7393-M,Istmo S9,A,6,7393-M,Midgut,4559,5.2,TRANS-09,Alpheus thomasi,Subtidal cracks exposed,no_pair,A. formosus*,NA (sister to A. websteri-A.fagei),Yes,Pair with 7392,Western Atlantic,Bocas del Toro,Bocas del Toro,True Sample,Snapping shrimp
7393-S,Istmo S9,A,7,7393-S,Stomach,4559,5.2,TRANS-09,Alpheus thomasi,Subtidal cracks exposed,no_pair,A. formosus*,NA (sister to A. websteri-A.fagei),Yes,Pair with 7392,Western Atlantic,Bocas del Toro,Bocas del Toro,True Sample,Snapping shrimp
7393-G,Istmo S9,A,8,7393-G,Gill,4559,5.2,TRANS-09,Alpheus thomasi,Subtidal cracks exposed,no_pair,A. formosus*,NA (sister to A. websteri-A.fagei),Yes,Pair with 7392,Western Atlantic,Bocas del Toro,Bocas del Toro,True Sample,Snapping shrimp
7526-H,Istmo S9,A,9,7526-H,Hepatopancreas,5098,12.3,TRANS-16,Alpheus nuttingi,Subtidal cracks exposed,A. millsae / A. nuttingi,A. edwardsii 1,A. nuttingi,Yes,,Western Atlantic,Bocas del Toro,Bocas del Toro,True Sample,Snapping shrimp
7526-M,Istmo S9,A,10,7526-M,Midgut,5098,12.3,TRANS-16,Alpheus nuttingi,Subtidal cracks exposed,A. millsae / A. nuttingi,A. edwardsii 1,A. nuttingi,Yes,,Western Atlantic,Bocas del Toro,Bocas del Toro,True Sample,Snapping shrimp
7526-S,Istmo S9,A,11,7526-S,Stomach,5098,12.3,TRANS-16,Alpheus nuttingi,Subtidal cracks exposed,A. millsae / A. nuttingi,A. edwardsii 1,A. nuttingi,Yes,,Western Atlantic,Bocas del Toro,Bocas del Toro,True Sample,Snapping shrimp
7526-G,Istmo S9,A,12,7526-G,Gill,5098,12.3,TRANS-16,Alpheus nuttingi,Subtidal cracks exposed,A. millsae / A. nuttingi,A. edwardsii 1,A. nuttingi,Yes,,Western Atlantic,Bocas del Toro,Bocas del Toro,True Sample,Snapping shrimp
7526-E,Istmo S9,B,1,7526-E,Egg,5098,12.3,TRANS-16,Alpheus nuttingi,Subtidal cracks exposed,A. millsae / A. nuttingi,A. edwardsii 1,A. nuttingi,Yes,,Western Atlantic,Bocas del Toro,Bocas del Toro,True Sample,Snapping shrimp
7556-H,Istmo S9,B,2,7556-H,Hepatopancreas,5179,4.3,TRANS-17,Alpheus paracrinitus with spot,Subtidal cracks exposed,A. rostratus / A. paracrinitus with spot,A. paracrinitus*,A. paracrinitus,Yes,Pair with 7555,Western Atlantic,Bocas del Toro,Bocas del Toro,True Sample,Snapping shrimp
7556-S,Istmo S9,B,3,7556-S,Stomach,5179,4.3,TRANS-17,Alpheus paracrinitus with spot,Subtidal cracks exposed,A. rostratus / A. paracrinitus with spot,A. paracrinitus*,A. paracrinitus,Yes,Pair with 7555,Western Atlantic,Bocas del Toro,Bocas del Toro,True Sample,Snapping shrimp
7556-G,Istmo S9,B,4,7556-G,Gill,5179,4.3,TRANS-17,Alpheus paracrinitus with spot,Subtidal cracks exposed,A. rostratus / A. paracrinitus with spot,A. paracrinitus*,A. paracrinitus,Yes,Pair with 7555,Western Atlantic,Bocas del Toro,Bocas del Toro,True Sample,Snapping shrimp
7556-M,Istmo S9,B,5,7556-M,Midgut,5179,4.3,TRANS-17,Alpheus paracrinitus with spot,Subtidal cracks exposed,A. rostratus / A. paracrinitus with spot,A. paracrinitus*,A. paracrinitus,Yes,Pair with 7555,Western Atlantic,Bocas del Toro,Bocas del Toro,True Sample,Snapping shrimp
7584-S,Istmo S9,B,6,7584-S,Stomach,5233,6.7,TRANS-18,Alpheus bouvieri,Intertidal cracks rocks,A. javieri / A. bouvieri,A. leviusculus 1,A. bouvieri,Yes,,Western Atlantic,Bocas del Toro,Bocas del Toro,True Sample,Snapping shrimp
7584-H,Istmo S9,B,7,7584-H,Hepatopancreas,5233,6.7,TRANS-18,Alpheus bouvieri,Intertidal cracks rocks,A. javieri / A. bouvieri,A. leviusculus 1,A. bouvieri,Yes,,Western Atlantic,Bocas del Toro,Bocas del Toro,True Sample,Snapping shrimp
7584-M,Istmo S9,B,8,7584-M,Midgut,5233,6.7,TRANS-18,Alpheus bouvieri,Intertidal cracks rocks,A. javieri / A. bouvieri,A. leviusculus 1,A. bouvieri,Yes,,Western Atlantic,Bocas del Toro,Bocas del Toro,True Sample,Snapping shrimp
7584-G,Istmo S9,B,9,7584-G,Gill,5233,6.7,TRANS-18,Alpheus bouvieri,Intertidal cracks rocks,A. javieri / A. bouvieri,A. leviusculus 1,A. bouvieri,Yes,,Western Atlantic,Bocas del Toro,Bocas del Toro,True Sample,Snapping shrimp
7400-S,Istmo S9,B,10,7400-S,Stomach,4571,4.5,TRANS-09,Alpheus paracrinitus with spot,Subtidal cracks exposed,A. rostratus / A. paracrinitus with spot,A. paracrinitus*,A. paracrinitus,Yes,,Western Atlantic,Bocas del Toro,Bocas del Toro,True Sample,Snapping shrimp
7400-M,Istmo S9,B,11,7400-M,Midgut,4571,4.5,TRANS-09,Alpheus paracrinitus with spot,Subtidal cracks exposed,A. rostratus / A. paracrinitus with spot,A. paracrinitus*,A. paracrinitus,Yes,,Western Atlantic,Bocas del Toro,Bocas del Toro,True Sample,Snapping shrimp
7400-H,Istmo S9,B,12,7400-H,Hepatopancreas,4571,4.5,TRANS-09,Alpheus paracrinitus with spot,Subtidal cracks exposed,A. rostratus / A. paracrinitus with spot,A. paracrinitus*,A. paracrinitus,Yes,,Western Atlantic,Bocas del Toro,Bocas del Toro,True Sample,Snapping shrimp
7587-S,Istmo S9,C,1,7587-S,Stomach,5237,5,TRANS-18,Alpheus bouvieri,Intertidal cracks rocks,A. javieri / A. bouvieri,A. leviusculus 1,A. bouvieri,Yes,,Western Atlantic,Bocas del Toro,Bocas del Toro,True Sample,Snapping shrimp
7587-H,Istmo S9,C,2,7587-H,Hepatopancreas,5237,5,TRANS-18,Alpheus bouvieri,Intertidal cracks rocks,A. javieri / A. bouvieri,A. leviusculus 1,A. bouvieri,Yes,,Western Atlantic,Bocas del Toro,Bocas del Toro,True Sample,Snapping shrimp
7587-G,Istmo S9,C,3,7587-G,Gill,5237,5,TRANS-18,Alpheus bouvieri,Intertidal cracks rocks,A. javieri / A. bouvieri,A. leviusculus 1,A. bouvieri,Yes,,Western Atlantic,Bocas del Toro,Bocas del Toro,True Sample,Snapping shrimp
7587-M,Istmo S9,C,4,7587-M,Midgut,5237,5,TRANS-18,Alpheus bouvieri,Intertidal cracks rocks,A. javieri / A. bouvieri,A. leviusculus 1,A. bouvieri,Yes,,Western Atlantic,Bocas del Toro,Bocas del Toro,True Sample,Snapping shrimp
7508-G,Istmo S9,C,5,7508-G,Gill,5078,6.3,TRANS-16,Alpheus bouvieri,Intertidal cracks rocks,A. javieri / A. bouvieri,A. leviusculus 1,A. bouvieri,Yes,,Western Atlantic,Bocas del Toro,Bocas del Toro,True Sample,Snapping shrimp
7508-M,Istmo S9,C,6,7508-M,Midgut,5078,6.3,TRANS-16,Alpheus bouvieri,Intertidal cracks rocks,A. javieri / A. bouvieri,A. leviusculus 1,A. bouvieri,Yes,,Western Atlantic,Bocas del Toro,Bocas del Toro,True Sample,Snapping shrimp
7508-S,Istmo S9,C,7,7508-S,Stomach,5078,6.3,TRANS-16,Alpheus bouvieri,Intertidal cracks rocks,A. javieri / A. bouvieri,A. leviusculus 1,A. bouvieri,Yes,,Western Atlantic,Bocas del Toro,Bocas del Toro,True Sample,Snapping shrimp
7508-H,Istmo S9,C,8,7508-H,Hepatopancreas,5078,6.3,TRANS-16,Alpheus bouvieri,Intertidal cracks rocks,A. javieri / A. bouvieri,A. leviusculus 1,A. bouvieri,Yes,,Western Atlantic,Bocas del Toro,Bocas del Toro,True Sample,Snapping shrimp
7499-H,Istmo S9,C,9,7499-H,Hepatopancreas,5043,5.4,TRANS-15,Alpheus cristulifrons,Subtidal cracks exposed,A. utriensis / A. cristulifrons,A. crinitus,A. cristulifrons,Yes,,Western Atlantic,Bocas del Toro,Bocas del Toro,True Sample,Snapping shrimp
7499-G,Istmo S9,C,10,7499-G,Gill,5043,5.4,TRANS-15,Alpheus cristulifrons,Subtidal cracks exposed,A. utriensis / A. cristulifrons,A. crinitus,A. cristulifrons,Yes,,Western Atlantic,Bocas del Toro,Bocas del Toro,True Sample,Snapping shrimp
7499-M,Istmo S9,C,11,7499-M,Midgut,5043,5.4,TRANS-15,Alpheus cristulifrons,Subtidal cracks exposed,A. utriensis / A. cristulifrons,A. crinitus,A. cristulifrons,Yes,,Western Atlantic,Bocas del Toro,Bocas del Toro,True Sample,Snapping shrimp
7499-S,Istmo S9,C,12,7499-S,Stomach,5043,5.4,TRANS-15,Alpheus cristulifrons,Subtidal cracks exposed,A. utriensis / A. cristulifrons,A. crinitus,A. cristulifrons,Yes,,Western Atlantic,Bocas del Toro,Bocas del Toro,True Sample,Snapping shrimp
7550-M,Istmo S9,D,1,7550-M,Midgut,5171,7.1,TRANS-17,Alpheus formosus,Subtidal cracks exposed,A. panamensis / A. formosus,A. formosus*,A. formosus,Yes,,Western Atlantic,Bocas del Toro,Bocas del Toro,True Sample,Snapping shrimp
7550-G,Istmo S9,D,2,7550-G,Gill,5171,7.1,TRANS-17,Alpheus formosus,Subtidal cracks exposed,A. panamensis / A. formosus,A. formosus*,A. formosus,Yes,,Western Atlantic,Bocas del Toro,Bocas del Toro,True Sample,Snapping shrimp
7550-S,Istmo S9,D,3,7550-S,Stomach,5171,7.1,TRANS-17,Alpheus formosus,Subtidal cracks exposed,A. panamensis / A. formosus,A. formosus*,A. formosus,Yes,,Western Atlantic,Bocas del Toro,Bocas del Toro,True Sample,Snapping shrimp
7550-H,Istmo S9,D,4,7550-H,Hepatopancreas,5171,7.1,TRANS-17,Alpheus formosus,Subtidal cracks exposed,A. panamensis / A. formosus,A. formosus*,A. formosus,Yes,,Western Atlantic,Bocas del Toro,Bocas del Toro,True Sample,Snapping shrimp
7555-H,Istmo S9,D,5,7555-H,Hepatopancreas,5183,3.5,TRANS-17,Alpheus paracrinitus with spot,Subtidal cracks exposed,A. rostratus / A. paracrinitus with spot,A. paracrinitus*,A. paracrinitus,Yes,Pair with 7556,Western Atlantic,Bocas del Toro,Bocas del Toro,True Sample,Snapping shrimp
7555-G,Istmo S9,D,6,7555-G,Gill,5183,3.5,TRANS-17,Alpheus paracrinitus with spot,Subtidal cracks exposed,A. rostratus / A. paracrinitus with spot,A. paracrinitus*,A. paracrinitus,Yes,Pair with 7556,Western Atlantic,Bocas del Toro,Bocas del Toro,True Sample,Snapping shrimp
7555-M,Istmo S9,D,7,7555-M,Midgut,5183,3.5,TRANS-17,Alpheus paracrinitus with spot,Subtidal cracks exposed,A. rostratus / A. paracrinitus with spot,A. paracrinitus*,A. paracrinitus,Yes,Pair with 7556,Western Atlantic,Bocas del Toro,Bocas del Toro,True Sample,Snapping shrimp
7555-S,Istmo S9,D,8,7555-S,Stomach,5183,3.5,TRANS-17,Alpheus paracrinitus with spot,Subtidal cracks exposed,A. rostratus / A. paracrinitus with spot,A. paracrinitus*,A. paracrinitus,Yes,Pair with 7556,Western Atlantic,Bocas del Toro,Bocas del Toro,True Sample,Snapping shrimp
7439-H,Istmo S9,D,9,7439-H,Hepatopancreas,4843,3.7,TRANS-11,Alpheus paracrinitus with spot,Subtidal cracks exposed,A. rostratus / A. paracrinitus with spot,A. paracrinitus*,A. paracrinitus,Yes,,Western Atlantic,Bocas del Toro,Bocas del Toro,True Sample,Snapping shrimp
7439-M,Istmo S9,D,10,7439-M,Midgut,4843,3.7,TRANS-11,Alpheus paracrinitus with spot,Subtidal cracks exposed,A. rostratus / A. paracrinitus with spot,A. paracrinitus*,A. paracrinitus,Yes,,Western Atlantic,Bocas del Toro,Bocas del Toro,True Sample,Snapping shrimp
7439-S,Istmo S9,D,11,7439-S,Stomach,4843,3.7,TRANS-11,Alpheus paracrinitus with spot,Subtidal cracks exposed,A. rostratus / A. paracrinitus with spot,A. paracrinitus*,A. paracrinitus,Yes,,Western Atlantic,Bocas del Toro,Bocas del Toro,True Sample,Snapping shrimp
7439-G,Istmo S9,D,12,7439-G,Gill,4843,3.7,TRANS-11,Alpheus paracrinitus with spot,Subtidal cracks exposed,A. rostratus / A. paracrinitus with spot,A. paracrinitus*,A. paracrinitus,Yes,,Western Atlantic,Bocas del Toro,Bocas del Toro,True Sample,Snapping shrimp
7509-S,Istmo S9,E,1,7509-S,Stomach,5074,6.3,TRANS-16,Alpheus bouvieri,Intertidal cracks rocks,A. javieri / A. bouvieri,A. leviusculus 1,A. bouvieri,Yes,,Western Atlantic,Bocas del Toro,Bocas del Toro,True Sample,Snapping shrimp
7509-M,Istmo S9,E,2,7509-M,Midgut,5074,6.3,TRANS-16,Alpheus bouvieri,Intertidal cracks rocks,A. javieri / A. bouvieri,A. leviusculus 1,A. bouvieri,Yes,,Western Atlantic,Bocas del Toro,Bocas del Toro,True Sample,Snapping shrimp
7509-H,Istmo S9,E,3,7509-H,Hepatopancreas,5074,6.3,TRANS-16,Alpheus bouvieri,Intertidal cracks rocks,A. javieri / A. bouvieri,A. leviusculus 1,A. bouvieri,Yes,,Western Atlantic,Bocas del Toro,Bocas del Toro,True Sample,Snapping shrimp
7509-G,Istmo S9,E,4,7509-G,Gill,5074,6.3,TRANS-16,Alpheus bouvieri,Intertidal cracks rocks,A. javieri / A. bouvieri,A. leviusculus 1,A. bouvieri,Yes,,Western Atlantic,Bocas del Toro,Bocas del Toro,True Sample,Snapping shrimp
7586-E,Istmo S9,E,5,7586-E,Egg,5226,8.4,TRANS-18,Alpheus bouvieri,Intertidal cracks rocks,A. javieri / A. bouvieri,A. leviusculus 1,A. bouvieri,Yes,,Western Atlantic,Bocas del Toro,Bocas del Toro,True Sample,Snapping shrimp
7586-S,Istmo S9,E,6,7586-S,Stomach,5226,8.4,TRANS-18,Alpheus bouvieri,Intertidal cracks rocks,A. javieri / A. bouvieri,A. leviusculus 1,A. bouvieri,Yes,,Western Atlantic,Bocas del Toro,Bocas del Toro,True Sample,Snapping shrimp
7586-M,Istmo S9,E,7,7586-M,Midgut,5226,8.4,TRANS-18,Alpheus bouvieri,Intertidal cracks rocks,A. javieri / A. bouvieri,A. leviusculus 1,A. bouvieri,Yes,,Western Atlantic,Bocas del Toro,Bocas del Toro,True Sample,Snapping shrimp
7586-H,Istmo S9,E,8,7586-H,Hepatopancreas,5226,8.4,TRANS-18,Alpheus bouvieri,Intertidal cracks rocks,A. javieri / A. bouvieri,A. leviusculus 1,A. bouvieri,Yes,,Western Atlantic,Bocas del Toro,Bocas del Toro,True Sample,Snapping shrimp
7586-G,Istmo S9,E,9,7586-G,Gill,5226,8.4,TRANS-18,Alpheus bouvieri,Intertidal cracks rocks,A. javieri / A. bouvieri,A. leviusculus 1,A. bouvieri,Yes,,Western Atlantic,Bocas del Toro,Bocas del Toro,True Sample,Snapping shrimp
7467-S,Istmo S9,E,10,7467-S,Stomach,4828,5.6,TRANS-11,Alpheus paraformosus,Subtidal cracks exposed,no_pair,A. formosus*,A. formosus,Yes,,Western Atlantic,Bocas del Toro,Bocas del Toro,True Sample,Snapping shrimp
7467-M,Istmo S9,E,11,7467-M,Midgut,4828,5.6,TRANS-11,Alpheus paraformosus,Subtidal cracks exposed,no_pair,A. formosus*,A. formosus,Yes,,Western Atlantic,Bocas del Toro,Bocas del Toro,True Sample,Snapping shrimp
7467-H,Istmo S9,E,12,7467-H,Hepatopancreas,4828,5.6,TRANS-11,Alpheus paraformosus,Subtidal cracks exposed,no_pair,A. formosus*,A. formosus,Yes,,Western Atlantic,Bocas del Toro,Bocas del Toro,True Sample,Snapping shrimp
7467-G,Istmo S9,F,1,7467-G,Gill,4828,5.6,TRANS-11,Alpheus paraformosus,Subtidal cracks exposed,no_pair,A. formosus*,A. formosus,Yes,,Western Atlantic,Bocas del Toro,Bocas del Toro,True Sample,Snapping shrimp
7462-S,Istmo S9,F,2,7462-S,Stomach,4814,7.8,TRANS-11,Alpheus paraformosus,Subtidal cracks exposed,no_pair,A. formosus*,A. formosus,Yes,,Western Atlantic,Bocas del Toro,Bocas del Toro,True Sample,Snapping shrimp
7462-M,Istmo S9,F,3,7462-M,Midgut,4814,7.8,TRANS-11,Alpheus paraformosus,Subtidal cracks exposed,no_pair,A. formosus*,A. formosus,Yes,,Western Atlantic,Bocas del Toro,Bocas del Toro,True Sample,Snapping shrimp
7462-H,Istmo S9,F,4,7462-H,Hepatopancreas,4814,7.8,TRANS-11,Alpheus paraformosus,Subtidal cracks exposed,no_pair,A. formosus*,A. formosus,Yes,,Western Atlantic,Bocas del Toro,Bocas del Toro,True Sample,Snapping shrimp
7462-G,Istmo S9,F,5,7462-G,Gill,4814,7.8,TRANS-11,Alpheus paraformosus,Subtidal cracks exposed,no_pair,A. formosus*,A. formosus,Yes,,Western Atlantic,Bocas del Toro,Bocas del Toro,True Sample,Snapping shrimp
7444-E,Istmo S9,F,6,7444-E,Egg,4830,3.9,TRANS-11,Alpheus paracrinitus with spot,Subtidal cracks exposed,A. rostratus / A. paracrinitus with spot,A. paracrinitus*,A. paracrinitus,Yes,Pair with 7443,Western Atlantic,Bocas del Toro,Bocas del Toro,True Sample,Snapping shrimp
7444-S,Istmo S9,F,7,7444-S,Stomach,4830,3.9,TRANS-11,Alpheus paracrinitus with spot,Subtidal cracks exposed,A. rostratus / A. paracrinitus with spot,A. paracrinitus*,A. paracrinitus,Yes,Pair with 7443,Western Atlantic,Bocas del Toro,Bocas del Toro,True Sample,Snapping shrimp
7444-M,Istmo S9,F,8,7444-M,Midgut,4830,3.9,TRANS-11,Alpheus paracrinitus with spot,Subtidal cracks exposed,A. rostratus / A. paracrinitus with spot,A. paracrinitus*,A. paracrinitus,Yes,Pair with 7443,Western Atlantic,Bocas del Toro,Bocas del Toro,True Sample,Snapping shrimp
7444-H,Istmo S9,F,9,7444-H,Hepatopancreas,4830,3.9,TRANS-11,Alpheus paracrinitus with spot,Subtidal cracks exposed,A. rostratus / A. paracrinitus with spot,A. paracrinitus*,A. paracrinitus,Yes,Pair with 7443,Western Atlantic,Bocas del Toro,Bocas del Toro,True Sample,Snapping shrimp
7444-G,Istmo S9,F,10,7444-G,Gill,4830,3.9,TRANS-11,Alpheus paracrinitus with spot,Subtidal cracks exposed,A. rostratus / A. paracrinitus with spot,A. paracrinitus*,A. paracrinitus,Yes,Pair with 7443,Western Atlantic,Bocas del Toro,Bocas del Toro,True Sample,Snapping shrimp
7502-S,Istmo S9,F,11,7502-S,Stomach,5049,6.5,TRANS-15,Alpheus thomasi,Subtidal cracks exposed,no_pair,A. formosus*,NA (sister to A. websteri-A.fagei),Yes,,Western Atlantic,Bocas del Toro,Bocas del Toro,True Sample,Snapping shrimp
7502-M,Istmo S9,F,12,7502-M,Midgut,5049,6.5,TRANS-15,Alpheus thomasi,Subtidal cracks exposed,no_pair,A. formosus*,NA (sister to A. websteri-A.fagei),Yes,,Western Atlantic,Bocas del Toro,Bocas del Toro,True Sample,Snapping shrimp
7502-H,Istmo S9,G,1,7502-H,Hepatopancreas,5049,6.5,TRANS-15,Alpheus thomasi,Subtidal cracks exposed,no_pair,A. formosus*,NA (sister to A. websteri-A.fagei),Yes,,Western Atlantic,Bocas del Toro,Bocas del Toro,True Sample,Snapping shrimp
7502-G,Istmo S9,G,2,7502-G,Gill,5049,6.5,TRANS-15,Alpheus thomasi,Subtidal cracks exposed,no_pair,A. formosus*,NA (sister to A. websteri-A.fagei),Yes,,Western Atlantic,Bocas del Toro,Bocas del Toro,True Sample,Snapping shrimp
7422-S,Istmo S9,G,3,7422-S,Stomach,4753,4.1,TRANS-11,Alpheus websteri,Subtidal cracks exposed,A. arenensis / A. websteri,A. formosus*,A. websteri,Yes,,Western Atlantic,Bocas del Toro,Bocas del Toro,True Sample,Snapping shrimp
7422-M,Istmo S9,G,4,7422-M,Midgut,4753,4.1,TRANS-11,Alpheus websteri,Subtidal cracks exposed,A. arenensis / A. websteri,A. formosus*,A. websteri,Yes,,Western Atlantic,Bocas del Toro,Bocas del Toro,True Sample,Snapping shrimp
7422-H,Istmo S9,G,5,7422-H,Hepatopancreas,4753,4.1,TRANS-11,Alpheus websteri,Subtidal cracks exposed,A. arenensis / A. websteri,A. formosus*,A. websteri,Yes,,Western Atlantic,Bocas del Toro,Bocas del Toro,True Sample,Snapping shrimp
7422-G,Istmo S9,G,6,7422-G,Gill,4753,4.1,TRANS-11,Alpheus websteri,Subtidal cracks exposed,A. arenensis / A. websteri,A. formosus*,A. websteri,Yes,,Western Atlantic,Bocas del Toro,Bocas del Toro,True Sample,Snapping shrimp
7492-S,Istmo S9,G,7,7492-S,Stomach,5039,7.6,TRANS-15,Alpheus nuttingi,Subtidal cracks exposed,A. millsae / A. nuttingi,A. edwardsii 1,A. nuttingi,Yes,,Western Atlantic,Bocas del Toro,Bocas del Toro,True Sample,Snapping shrimp
7492-M,Istmo S9,G,8,7492-M,Midgut,5039,7.6,TRANS-15,Alpheus nuttingi,Subtidal cracks exposed,A. millsae / A. nuttingi,A. edwardsii 1,A. nuttingi,Yes,,Western Atlantic,Bocas del Toro,Bocas del Toro,True Sample,Snapping shrimp
7492-H,Istmo S9,G,9,7492-H,Hepatopancreas,5039,7.6,TRANS-15,Alpheus nuttingi,Subtidal cracks exposed,A. millsae / A. nuttingi,A. edwardsii 1,A. nuttingi,Yes,,Western Atlantic,Bocas del Toro,Bocas del Toro,True Sample,Snapping shrimp
7492-G,Istmo S9,G,10,7492-G,Gill,5039,7.6,TRANS-15,Alpheus nuttingi,Subtidal cracks exposed,A. millsae / A. nuttingi,A. edwardsii 1,A. nuttingi,Yes,,Western Atlantic,Bocas del Toro,Bocas del Toro,True Sample,Snapping shrimp
7431-S,Istmo S9,G,11,7431-S,Stomach,4780,6.6,TRANS-11,Alpheus nuttingi,Subtidal cracks exposed,A. millsae / A. nuttingi,A. edwardsii 1,A. nuttingi,Yes,,Western Atlantic,Bocas del Toro,Bocas del Toro,True Sample,Snapping shrimp
7431-M,Istmo S9,G,12,7431-M,Midgut,4780,6.6,TRANS-11,Alpheus nuttingi,Subtidal cracks exposed,A. millsae / A. nuttingi,A. edwardsii 1,A. nuttingi,Yes,,Western Atlantic,Bocas del Toro,Bocas del Toro,True Sample,Snapping shrimp
7431-H,Istmo S9,H,1,7431-H,Hepatopancreas,4780,6.6,TRANS-11,Alpheus nuttingi,Subtidal cracks exposed,A. millsae / A. nuttingi,A. edwardsii 1,A. nuttingi,Yes,,Western Atlantic,Bocas del Toro,Bocas del Toro,True Sample,Snapping shrimp
7431-G,Istmo S9,H,2,7431-G,Gill,4780,6.6,TRANS-11,Alpheus nuttingi,Subtidal cracks exposed,A. millsae / A. nuttingi,A. edwardsii 1,A. nuttingi,Yes,,Western Atlantic,Bocas del Toro,Bocas del Toro,True Sample,Snapping shrimp
7511-E,Istmo S9,H,3,7511-E,Egg,5071,8.6,TRANS-16,Alpheus bouvieri,Intertidal cracks rocks,A. javieri / A. bouvieri,A. leviusculus 1,A. bouvieri,Yes,Pair with 7510,Western Atlantic,Bocas del Toro,Bocas del Toro,True Sample,Snapping shrimp
7511-S,Istmo S9,H,4,7511-S,Stomach,5071,8.6,TRANS-16,Alpheus bouvieri,Intertidal cracks rocks,A. javieri / A. bouvieri,A. leviusculus 1,A. bouvieri,Yes,Pair with 7510,Western Atlantic,Bocas del Toro,Bocas del Toro,True Sample,Snapping shrimp
7511-M,Istmo S9,H,5,7511-M,Midgut,5071,8.6,TRANS-16,Alpheus bouvieri,Intertidal cracks rocks,A. javieri / A. bouvieri,A. leviusculus 1,A. bouvieri,Yes,Pair with 7510,Western Atlantic,Bocas del Toro,Bocas del Toro,True Sample,Snapping shrimp
7511-H,Istmo S9,H,6,7511-H,Hepatopancreas,5071,8.6,TRANS-16,Alpheus bouvieri,Intertidal cracks rocks,A. javieri / A. bouvieri,A. leviusculus 1,A. bouvieri,Yes,Pair with 7510,Western Atlantic,Bocas del Toro,Bocas del Toro,True Sample,Snapping shrimp
7511-G,Istmo S9,H,7,7511-G,Gill,5071,8.6,TRANS-16,Alpheus bouvieri,Intertidal cracks rocks,A. javieri / A. bouvieri,A. leviusculus 1,A. bouvieri,Yes,Pair with 7510,Western Atlantic,Bocas del Toro,Bocas del Toro,True Sample,Snapping shrimp
7528-S,Istmo S9,H,8,7528-S,Stomach,5103,9.2,TRANS-16,Alpheus nuttingi,Subtidal cracks exposed,A. millsae / A. nuttingi,A. edwardsii 1,A. nuttingi,Yes,Pair with 7529,Western Atlantic,Bocas del Toro,Bocas del Toro,True Sample,Snapping shrimp
7528-M,Istmo S9,H,9,7528-M,Midgut,5103,9.2,TRANS-16,Alpheus nuttingi,Subtidal cracks exposed,A. millsae / A. nuttingi,A. edwardsii 1,A. nuttingi,Yes,Pair with 7529,Western Atlantic,Bocas del Toro,Bocas del Toro,True Sample,Snapping shrimp
Control-13,Istmo S9,H,10,Control-13,Control,Control,Control,Control,Control,Control,Control,Control,Control,Control,Control,Control,Control,Control,Control Sample,Control
Control-14,Istmo S9,H,11,Control-14,Control,Control,Control,Control,Control,Control,Control,Control,Control,Control,Control,Control,Control,Control,Control Sample,Control
Control-15,Istmo S9,H,12,Control-15,Control,Control,Control,Control,Control,Control,Control,Control,Control,Control,Control,Control,Control,Control,Control Sample,Control