Code,Plate-Original,Row-Original,Column-Original,Code,Tissue,Photo_no,Length,Station_no,Morphospecies,Habitat,Pair,Species group,Species complex,Photo,Notes,Ocean,Site,Site.2,Sample_or_Control,Taxon
9123-G,Istmo S1,A,1,9123-G,Gill,7997,4.5,TRANS-62,Alpheus rostratus,Subtidal under rocks,A. rostratus / A. paracrinitus with spot,A. paracrinitus*,A. paracrinitus,,,Pacific,Bay of Panama-Las Perlas,Bay of Panama,True Sample,Snapping shrimp
9123-H,Istmo S1,A,2,9123-H,Hepatopancreas,7997,4.5,TRANS-62,Alpheus rostratus,Subtidal under rocks,A. rostratus / A. paracrinitus with spot,A. paracrinitus*,A. paracrinitus,,,Pacific,Bay of Panama-Las Perlas,Bay of Panama,True Sample,Snapping shrimp
9123-M,Istmo S1,A,3,9123-M,Midgut,7997,4.5,TRANS-62,Alpheus rostratus,Subtidal under rocks,A. rostratus / A. paracrinitus with spot,A. paracrinitus*,A. paracrinitus,,,Pacific,Bay of Panama-Las Perlas,Bay of Panama,True Sample,Snapping shrimp
9123-S,Istmo S1,A,4,9123-S,Stomach,7997,4.5,TRANS-62,Alpheus rostratus,Subtidal under rocks,A. rostratus / A. paracrinitus with spot,A. paracrinitus*,A. paracrinitus,,,Pacific,Bay of Panama-Las Perlas,Bay of Panama,True Sample,Snapping shrimp
8963-G,Istmo S1,A,5,8963-G,Gill,7476,11.2,TRANS-58,Alpheus hyeyoungae,Intertidal under rocks,A. hyeyoungae / A. verilli,A. edwardsii 1,A. armillatus,,,Pacific,Bay of Panama-Las Perlas,Bay of Panama,True Sample,Snapping shrimp
8963-M,Istmo S1,A,6,8963-M,Midgut,7476,11.2,TRANS-58,Alpheus hyeyoungae,Intertidal under rocks,A. hyeyoungae / A. verilli,A. edwardsii 1,A. armillatus,,,Pacific,Bay of Panama-Las Perlas,Bay of Panama,True Sample,Snapping shrimp
8963-H,Istmo S1,A,7,8963-H,Hepatopancreas,7476,11.2,TRANS-58,Alpheus hyeyoungae,Intertidal under rocks,A. hyeyoungae / A. verilli,A. edwardsii 1,A. armillatus,,,Pacific,Bay of Panama-Las Perlas,Bay of Panama,True Sample,Snapping shrimp
8963-S,Istmo S1,A,8,8963-S,Stomach,7476,11.2,TRANS-58,Alpheus hyeyoungae,Intertidal under rocks,A. hyeyoungae / A. verilli,A. edwardsii 1,A. armillatus,,,Pacific,Bay of Panama-Las Perlas,Bay of Panama,True Sample,Snapping shrimp
9021-H,Istmo S1,A,9,9021-H,Hepatopancreas,7723,10.6,TRANS-60,Alpheus panamensis,Subtidal cracks exposed,A. panamensis / A. formosus,A. formosus*,A. formosus,,,Pacific,Bay of Panama-Las Perlas,Bay of Panama,True Sample,Snapping shrimp
9021-G,Istmo S1,A,10,9021-G,Gill,7723,10.6,TRANS-60,Alpheus panamensis,Subtidal cracks exposed,A. panamensis / A. formosus,A. formosus*,A. formosus,,,Pacific,Bay of Panama-Las Perlas,Bay of Panama,True Sample,Snapping shrimp
9021-M,Istmo S1,A,11,9021-M,Midgut,7723,10.6,TRANS-60,Alpheus panamensis,Subtidal cracks exposed,A. panamensis / A. formosus,A. formosus*,A. formosus,,,Pacific,Bay of Panama-Las Perlas,Bay of Panama,True Sample,Snapping shrimp
9021-E,Istmo S1,A,12,9021-E,Egg,7723,10.6,TRANS-60,Alpheus panamensis,Subtidal cracks exposed,A. panamensis / A. formosus,A. formosus*,A. formosus,,,Pacific,Bay of Panama-Las Perlas,Bay of Panama,True Sample,Snapping shrimp
9268-E,Istmo S1,B,1,9268-E,Egg,8383,6.3,TRANS-64,Alpheus utriensis,Subtidal rubble,A. utriensis / A. cristulifrons,A. crinitus,A. cristulifrons,,,Pacific,Bay of Panama-Las Perlas,Bay of Panama,True Sample,Snapping shrimp
9268-G,Istmo S1,B,2,9268-G,Gill,8383,6.3,TRANS-64,Alpheus utriensis,Subtidal rubble,A. utriensis / A. cristulifrons,A. crinitus,A. cristulifrons,,,Pacific,Bay of Panama-Las Perlas,Bay of Panama,True Sample,Snapping shrimp
9268-H,Istmo S1,B,3,9268-H,Hepatopancreas,8383,6.3,TRANS-64,Alpheus utriensis,Subtidal rubble,A. utriensis / A. cristulifrons,A. crinitus,A. cristulifrons,,,Pacific,Bay of Panama-Las Perlas,Bay of Panama,True Sample,Snapping shrimp
9268-M,Istmo S1,B,4,9268-M,Midgut,8383,6.3,TRANS-64,Alpheus utriensis,Subtidal rubble,A. utriensis / A. cristulifrons,A. crinitus,A. cristulifrons,,,Pacific,Bay of Panama-Las Perlas,Bay of Panama,True Sample,Snapping shrimp
9067-E,Istmo S1,B,5,9067-E,Egg,7748,7.8,TRANS-61,Alpheus utriensis,Subtidal rubble,A. utriensis / A. cristulifrons,A. crinitus,A. cristulifrons,,,Pacific,Bay of Panama-Las Perlas,Bay of Panama,True Sample,Snapping shrimp
9067-G,Istmo S1,B,6,9067-G,Gill,7748,7.8,TRANS-61,Alpheus utriensis,Subtidal rubble,A. utriensis / A. cristulifrons,A. crinitus,A. cristulifrons,,,Pacific,Bay of Panama-Las Perlas,Bay of Panama,True Sample,Snapping shrimp
9067-H,Istmo S1,B,7,9067-H,Hepatopancreas,7748,7.8,TRANS-61,Alpheus utriensis,Subtidal rubble,A. utriensis / A. cristulifrons,A. crinitus,A. cristulifrons,,,Pacific,Bay of Panama-Las Perlas,Bay of Panama,True Sample,Snapping shrimp
9067-M,Istmo S1,B,8,9067-M,Midgut,7748,7.8,TRANS-61,Alpheus utriensis,Subtidal rubble,A. utriensis / A. cristulifrons,A. crinitus,A. cristulifrons,,,Pacific,Bay of Panama-Las Perlas,Bay of Panama,True Sample,Snapping shrimp
9067-S,Istmo S1,B,9,9067-S,Stomach,7748,7.8,TRANS-61,Alpheus utriensis,Subtidal rubble,A. utriensis / A. cristulifrons,A. crinitus,A. cristulifrons,,,Pacific,Bay of Panama-Las Perlas,Bay of Panama,True Sample,Snapping shrimp
9020-G,Istmo S1,B,10,9020-G,Gill,7716,5.5,TRANS-60,Alpheus fasciatus,Subtidal under rocks,A. fasciatus / A. paracrinitus no spot,A. paracrinitus*,A. paracrinitus,,,Pacific,Bay of Panama-Las Perlas,Bay of Panama,True Sample,Snapping shrimp
9020-H,Istmo S1,B,11,9020-H,Hepatopancreas,7716,5.5,TRANS-60,Alpheus fasciatus,Subtidal under rocks,A. fasciatus / A. paracrinitus no spot,A. paracrinitus*,A. paracrinitus,,,Pacific,Bay of Panama-Las Perlas,Bay of Panama,True Sample,Snapping shrimp
9020-M,Istmo S1,B,12,9020-M,Midgut,7716,5.5,TRANS-60,Alpheus fasciatus,Subtidal under rocks,A. fasciatus / A. paracrinitus no spot,A. paracrinitus*,A. paracrinitus,,,Pacific,Bay of Panama-Las Perlas,Bay of Panama,True Sample,Snapping shrimp
9020-S,Istmo S1,C,1,9020-S,Stomach,7716,5.5,TRANS-60,Alpheus fasciatus,Subtidal under rocks,A. fasciatus / A. paracrinitus no spot,A. paracrinitus*,A. paracrinitus,,,Pacific,Bay of Panama-Las Perlas,Bay of Panama,True Sample,Snapping shrimp
9056-E,Istmo S1,C,2,9056-E,Egg,7787,6.4,TRANS-61,Alpheus fasciatus,Subtidal under rocks,A. fasciatus / A. paracrinitus no spot,A. paracrinitus*,A. paracrinitus,,,Pacific,Bay of Panama-Las Perlas,Bay of Panama,True Sample,Snapping shrimp
9056-G,Istmo S1,C,3,9056-G,Gill,7787,6.4,TRANS-61,Alpheus fasciatus,Subtidal under rocks,A. fasciatus / A. paracrinitus no spot,A. paracrinitus*,A. paracrinitus,,,Pacific,Bay of Panama-Las Perlas,Bay of Panama,True Sample,Snapping shrimp
9056-H,Istmo S1,C,4,9056-H,Hepatopancreas,7787,6.4,TRANS-61,Alpheus fasciatus,Subtidal under rocks,A. fasciatus / A. paracrinitus no spot,A. paracrinitus*,A. paracrinitus,,,Pacific,Bay of Panama-Las Perlas,Bay of Panama,True Sample,Snapping shrimp
9056-M,Istmo S1,C,5,9056-M,Midgut,7787,6.4,TRANS-61,Alpheus fasciatus,Subtidal under rocks,A. fasciatus / A. paracrinitus no spot,A. paracrinitus*,A. paracrinitus,,,Pacific,Bay of Panama-Las Perlas,Bay of Panama,True Sample,Snapping shrimp
8985-G,Istmo S1,C,6,8985-G,Gill,7462,5.9,TRANS-58,Alpheus hebes,Intertidal cracks rocks,no_pair,A. leviusculus 1,A. hebes,,,Pacific,Bay of Panama-Las Perlas,Bay of Panama,True Sample,Snapping shrimp
8985-H,Istmo S1,C,7,8985-H,Hepatopancreas,7462,5.9,TRANS-58,Alpheus hebes,Intertidal cracks rocks,no_pair,A. leviusculus 1,A. hebes,,,Pacific,Bay of Panama-Las Perlas,Bay of Panama,True Sample,Snapping shrimp
8985-M,Istmo S1,C,8,8985-M,Midgut,7462,5.9,TRANS-58,Alpheus hebes,Intertidal cracks rocks,no_pair,A. leviusculus 1,A. hebes,,,Pacific,Bay of Panama-Las Perlas,Bay of Panama,True Sample,Snapping shrimp
8985-S,Istmo S1,C,9,8985-S,Stomach,7462,5.9,TRANS-58,Alpheus hebes,Intertidal cracks rocks,no_pair,A. leviusculus 1,A. hebes,,,Pacific,Bay of Panama-Las Perlas,Bay of Panama,True Sample,Snapping shrimp
9115-G,Istmo S1,C,10,9115-G,Gill,7987,4.8,TRANS-62,Alpheus rostratus,Subtidal under rocks,A. rostratus / A. paracrinitus with spot,A. paracrinitus*,A. paracrinitus,,Pair with 9116,Pacific,Bay of Panama-Las Perlas,Bay of Panama,True Sample,Snapping shrimp
9115-H,Istmo S1,C,11,9115-H,Hepatopancreas,7987,4.8,TRANS-62,Alpheus rostratus,Subtidal under rocks,A. rostratus / A. paracrinitus with spot,A. paracrinitus*,A. paracrinitus,,Pair with 9116,Pacific,Bay of Panama-Las Perlas,Bay of Panama,True Sample,Snapping shrimp
9115-M,Istmo S1,C,12,9115-M,Midgut,7987,4.8,TRANS-62,Alpheus rostratus,Subtidal under rocks,A. rostratus / A. paracrinitus with spot,A. paracrinitus*,A. paracrinitus,,Pair with 9116,Pacific,Bay of Panama-Las Perlas,Bay of Panama,True Sample,Snapping shrimp
9003-G,Istmo S1,D,1,9003-G,Gill,7498,12,TRANS-59,Alpheus galapagensis,Intertidal under rocks,no_pair,A. edwardsii 1,A. nuttingi,,,Pacific,Bay of Panama-Las Perlas,Bay of Panama,True Sample,Snapping shrimp
9003-H,Istmo S1,D,2,9003-H,Hepatopancreas,7498,12,TRANS-59,Alpheus galapagensis,Intertidal under rocks,no_pair,A. edwardsii 1,A. nuttingi,,,Pacific,Bay of Panama-Las Perlas,Bay of Panama,True Sample,Snapping shrimp
9003-M,Istmo S1,D,3,9003-M,Midgut,7498,12,TRANS-59,Alpheus galapagensis,Intertidal under rocks,no_pair,A. edwardsii 1,A. nuttingi,,,Pacific,Bay of Panama-Las Perlas,Bay of Panama,True Sample,Snapping shrimp
9249-E,Istmo S1,D,4,9249-E,Egg,8426,8.5,TRANS-64,Alpheus saxidomus,Subtidal cracks exposed,A. saxidomus / A. simus,A. obesomanus 2,A. simus,,,Pacific,Bay of Panama-Las Perlas,Bay of Panama,True Sample,Snapping shrimp
9249-G,Istmo S1,D,5,9249-G,Gill,8426,8.5,TRANS-64,Alpheus saxidomus,Subtidal cracks exposed,A. saxidomus / A. simus,A. obesomanus 2,A. simus,,,Pacific,Bay of Panama-Las Perlas,Bay of Panama,True Sample,Snapping shrimp
9249-M,Istmo S1,D,6,9249-M,Midgut,8426,8.5,TRANS-64,Alpheus saxidomus,Subtidal cracks exposed,A. saxidomus / A. simus,A. obesomanus 2,A. simus,,,Pacific,Bay of Panama-Las Perlas,Bay of Panama,True Sample,Snapping shrimp
9253-H,Istmo S1,D,7,9253-H,Hepatopancreas,,NA,TRANS-64,Alpheus saxidomus,Subtidal cracks exposed,A. saxidomus / A. simus,A. obesomanus 2,A. simus,,Pair with 9252,Pacific,Bay of Panama-Las Perlas,Bay of Panama,True Sample,Snapping shrimp
9253-E,Istmo S1,D,8,9253-E,Egg,,NA,TRANS-64,Alpheus saxidomus,Subtidal cracks exposed,A. saxidomus / A. simus,A. obesomanus 2,A. simus,,Pair with 9252,Pacific,Bay of Panama-Las Perlas,Bay of Panama,True Sample,Snapping shrimp
9253-G,Istmo S1,D,9,9253-G,Gill,,NA,TRANS-64,Alpheus saxidomus,Subtidal cracks exposed,A. saxidomus / A. simus,A. obesomanus 2,A. simus,,Pair with 9252,Pacific,Bay of Panama-Las Perlas,Bay of Panama,True Sample,Snapping shrimp
9253-M,Istmo S1,D,10,9253-M,Midgut,,NA,TRANS-64,Alpheus saxidomus,Subtidal cracks exposed,A. saxidomus / A. simus,A. obesomanus 2,A. simus,,Pair with 9252,Pacific,Bay of Panama-Las Perlas,Bay of Panama,True Sample,Snapping shrimp
9250-E,Istmo S1,D,11,9250-E,Egg,8425,8.2,TRANS-64,Alpheus saxidomus,Subtidal cracks exposed,A. saxidomus / A. simus,A. obesomanus 2,A. simus,,,Pacific,Bay of Panama-Las Perlas,Bay of Panama,True Sample,Snapping shrimp
9250-G,Istmo S1,D,12,9250-G,Gill,8425,8.2,TRANS-64,Alpheus saxidomus,Subtidal cracks exposed,A. saxidomus / A. simus,A. obesomanus 2,A. simus,,,Pacific,Bay of Panama-Las Perlas,Bay of Panama,True Sample,Snapping shrimp
9250-H,Istmo S1,E,1,9250-H,Hepatopancreas,8425,8.2,TRANS-64,Alpheus saxidomus,Subtidal cracks exposed,A. saxidomus / A. simus,A. obesomanus 2,A. simus,,,Pacific,Bay of Panama-Las Perlas,Bay of Panama,True Sample,Snapping shrimp
8984-M,Istmo S1,E,2,8984-M,Midgut,7459,4.8,TRANS-58,Alpheus hebes,Intertidal cracks rocks,no_pair,A. leviusculus 1,A. hebes,,,Pacific,Bay of Panama-Las Perlas,Bay of Panama,True Sample,Snapping shrimp
8984-H,Istmo S1,E,3,8984-H,Hepatopancreas,7459,4.8,TRANS-58,Alpheus hebes,Intertidal cracks rocks,no_pair,A. leviusculus 1,A. hebes,,,Pacific,Bay of Panama-Las Perlas,Bay of Panama,True Sample,Snapping shrimp
8984-G,Istmo S1,E,4,8984-G,Gill,7459,4.8,TRANS-58,Alpheus hebes,Intertidal cracks rocks,no_pair,A. leviusculus 1,A. hebes,,,Pacific,Bay of Panama-Las Perlas,Bay of Panama,True Sample,Snapping shrimp
8984-S,Istmo S1,E,5,8984-S,Stomach,7459,4.8,TRANS-58,Alpheus hebes,Intertidal cracks rocks,no_pair,A. leviusculus 1,A. hebes,,,Pacific,Bay of Panama-Las Perlas,Bay of Panama,True Sample,Snapping shrimp
9255-M,Istmo S1,E,6,9255-M,Midgut,8404,9.8,TRANS-64,Alpheus saxidomus,Subtidal cracks exposed,A. saxidomus / A. simus,A. obesomanus 2,A. simus,,Pair with 9254,Pacific,Bay of Panama-Las Perlas,Bay of Panama,True Sample,Snapping shrimp
9255-H,Istmo S1,E,7,9255-H,Hepatopancreas,8404,9.8,TRANS-64,Alpheus saxidomus,Subtidal cracks exposed,A. saxidomus / A. simus,A. obesomanus 2,A. simus,,Pair with 9254,Pacific,Bay of Panama-Las Perlas,Bay of Panama,True Sample,Snapping shrimp
9255-G,Istmo S1,E,8,9255-G,Gill,8404,9.8,TRANS-64,Alpheus saxidomus,Subtidal cracks exposed,A. saxidomus / A. simus,A. obesomanus 2,A. simus,,Pair with 9254,Pacific,Bay of Panama-Las Perlas,Bay of Panama,True Sample,Snapping shrimp
9255-E,Istmo S1,E,9,9255-E,Egg,8404,9.8,TRANS-64,Alpheus saxidomus,Subtidal cracks exposed,A. saxidomus / A. simus,A. obesomanus 2,A. simus,,Pair with 9254,Pacific,Bay of Panama-Las Perlas,Bay of Panama,True Sample,Snapping shrimp
8993-E,Istmo S1,E,10,8993-E,Egg,7463,5.6,TRANS-58,Alpheus fasciatus,Subtidal under rocks,A. fasciatus / A. paracrinitus no spot,A. paracrinitus*,A. paracrinitus,,,Pacific,Bay of Panama-Las Perlas,Bay of Panama,True Sample,Snapping shrimp
8993-G,Istmo S1,E,11,8993-G,Gill,7463,5.6,TRANS-58,Alpheus fasciatus,Subtidal under rocks,A. fasciatus / A. paracrinitus no spot,A. paracrinitus*,A. paracrinitus,,,Pacific,Bay of Panama-Las Perlas,Bay of Panama,True Sample,Snapping shrimp
8993-H,Istmo S1,E,12,8993-H,Hepatopancreas,7463,5.6,TRANS-58,Alpheus fasciatus,Subtidal under rocks,A. fasciatus / A. paracrinitus no spot,A. paracrinitus*,A. paracrinitus,,,Pacific,Bay of Panama-Las Perlas,Bay of Panama,True Sample,Snapping shrimp
8993-M,Istmo S1,F,1,8993-M,Midgut,7463,5.6,TRANS-58,Alpheus fasciatus,Subtidal under rocks,A. fasciatus / A. paracrinitus no spot,A. paracrinitus*,A. paracrinitus,,,Pacific,Bay of Panama-Las Perlas,Bay of Panama,True Sample,Snapping shrimp
8993-S,Istmo S1,F,2,8993-S,Stomach,7463,5.6,TRANS-58,Alpheus fasciatus,Subtidal under rocks,A. fasciatus / A. paracrinitus no spot,A. paracrinitus*,A. paracrinitus,,,Pacific,Bay of Panama-Las Perlas,Bay of Panama,True Sample,Snapping shrimp
9120-G,Istmo S1,F,3,9120-G,Gill,7991,4.1,TRANS-62,Alpheus rostratus,Subtidal under rocks,A. rostratus / A. paracrinitus with spot,A. paracrinitus*,A. paracrinitus,,Pair with 9119,Pacific,Bay of Panama-Las Perlas,Bay of Panama,True Sample,Snapping shrimp
9120-H,Istmo S1,F,4,9120-H,Hepatopancreas,7991,4.1,TRANS-62,Alpheus rostratus,Subtidal under rocks,A. rostratus / A. paracrinitus with spot,A. paracrinitus*,A. paracrinitus,,Pair with 9119,Pacific,Bay of Panama-Las Perlas,Bay of Panama,True Sample,Snapping shrimp
9120-M,Istmo S1,F,5,9120-M,Midgut,7991,4.1,TRANS-62,Alpheus rostratus,Subtidal under rocks,A. rostratus / A. paracrinitus with spot,A. paracrinitus*,A. paracrinitus,,Pair with 9119,Pacific,Bay of Panama-Las Perlas,Bay of Panama,True Sample,Snapping shrimp
9120-S,Istmo S1,F,6,9120-S,Stomach,7991,4.1,TRANS-62,Alpheus rostratus,Subtidal under rocks,A. rostratus / A. paracrinitus with spot,A. paracrinitus*,A. paracrinitus,,Pair with 9119,Pacific,Bay of Panama-Las Perlas,Bay of Panama,True Sample,Snapping shrimp
9121-G,Istmo S1,F,7,9121-G,Gill,7994,4.6,TRANS-62,Alpheus rostratus,Subtidal under rocks,A. rostratus / A. paracrinitus with spot,A. paracrinitus*,A. paracrinitus,,,Pacific,Bay of Panama-Las Perlas,Bay of Panama,True Sample,Snapping shrimp
9121-H,Istmo S1,F,8,9121-H,Hepatopancreas,7994,4.6,TRANS-62,Alpheus rostratus,Subtidal under rocks,A. rostratus / A. paracrinitus with spot,A. paracrinitus*,A. paracrinitus,,,Pacific,Bay of Panama-Las Perlas,Bay of Panama,True Sample,Snapping shrimp
9121-M,Istmo S1,F,9,9121-M,Midgut,7994,4.6,TRANS-62,Alpheus rostratus,Subtidal under rocks,A. rostratus / A. paracrinitus with spot,A. paracrinitus*,A. paracrinitus,,,Pacific,Bay of Panama-Las Perlas,Bay of Panama,True Sample,Snapping shrimp
9121-S,Istmo S1,F,10,9121-S,Stomach,7994,4.6,TRANS-62,Alpheus rostratus,Subtidal under rocks,A. rostratus / A. paracrinitus with spot,A. paracrinitus*,A. paracrinitus,,,Pacific,Bay of Panama-Las Perlas,Bay of Panama,True Sample,Snapping shrimp
8970-E,Istmo S1,F,11,8970-E,Egg,7450,10.2,TRANS-58,Alpheus galapagensis,Intertidal under rocks,no_pair,A. edwardsii 1,A. nuttingi,,,Pacific,Bay of Panama-Las Perlas,Bay of Panama,True Sample,Snapping shrimp
8970-G,Istmo S1,F,12,8970-G,Gill,7450,10.2,TRANS-58,Alpheus galapagensis,Intertidal under rocks,no_pair,A. edwardsii 1,A. nuttingi,,,Pacific,Bay of Panama-Las Perlas,Bay of Panama,True Sample,Snapping shrimp
8970-H,Istmo S1,G,1,8970-H,Hepatopancreas,7450,10.2,TRANS-58,Alpheus galapagensis,Intertidal under rocks,no_pair,A. edwardsii 1,A. nuttingi,,,Pacific,Bay of Panama-Las Perlas,Bay of Panama,True Sample,Snapping shrimp
8970-M,Istmo S1,G,2,8970-M,Midgut,7450,10.2,TRANS-58,Alpheus galapagensis,Intertidal under rocks,no_pair,A. edwardsii 1,A. nuttingi,,,Pacific,Bay of Panama-Las Perlas,Bay of Panama,True Sample,Snapping shrimp
8970-S,Istmo S1,G,3,8970-S,Stomach,7450,10.2,TRANS-58,Alpheus galapagensis,Intertidal under rocks,no_pair,A. edwardsii 1,A. nuttingi,,,Pacific,Bay of Panama-Las Perlas,Bay of Panama,True Sample,Snapping shrimp
9127-G,Istmo S1,G,4,9127-G,Gill,7976,7.1,TRANS-62,Alpheus umbo,Subtidal cracks exposed,no_pair,A. edwardsii 2,A. schmitti,,,Pacific,Bay of Panama-Las Perlas,Bay of Panama,True Sample,Snapping shrimp
9127-M,Istmo S1,G,5,9127-M,Midgut,7976,7.1,TRANS-62,Alpheus umbo,Subtidal cracks exposed,no_pair,A. edwardsii 2,A. schmitti,,,Pacific,Bay of Panama-Las Perlas,Bay of Panama,True Sample,Snapping shrimp
9127-H,Istmo S1,G,6,9127-H,Hepatopancreas,7976,7.1,TRANS-62,Alpheus umbo,Subtidal cracks exposed,no_pair,A. edwardsii 2,A. schmitti,,,Pacific,Bay of Panama-Las Perlas,Bay of Panama,True Sample,Snapping shrimp
9127-S,Istmo S1,G,7,9127-S,Stomach,7976,7.1,TRANS-62,Alpheus umbo,Subtidal cracks exposed,no_pair,A. edwardsii 2,A. schmitti,,,Pacific,Bay of Panama-Las Perlas,Bay of Panama,True Sample,Snapping shrimp
9047-G,Istmo S1,G,8,9047-G,Gill,7776,12.9,TRANS-61,Alpheus hyeyoungae,Intertidal under rocks,A. hyeyoungae / A. verilli,A. edwardsii 1,A. armillatus,,,Pacific,Bay of Panama-Las Perlas,Bay of Panama,True Sample,Snapping shrimp
9047-H,Istmo S1,G,9,9047-H,Hepatopancreas,7776,12.9,TRANS-61,Alpheus hyeyoungae,Intertidal under rocks,A. hyeyoungae / A. verilli,A. edwardsii 1,A. armillatus,,,Pacific,Bay of Panama-Las Perlas,Bay of Panama,True Sample,Snapping shrimp
9047-M,Istmo S1,G,10,9047-M,Midgut,7776,12.9,TRANS-61,Alpheus hyeyoungae,Intertidal under rocks,A. hyeyoungae / A. verilli,A. edwardsii 1,A. armillatus,,,Pacific,Bay of Panama-Las Perlas,Bay of Panama,True Sample,Snapping shrimp
9047-S,Istmo S1,G,11,9047-S,Stomach,7776,12.9,TRANS-61,Alpheus hyeyoungae,Intertidal under rocks,A. hyeyoungae / A. verilli,A. edwardsii 1,A. armillatus,,,Pacific,Bay of Panama-Las Perlas,Bay of Panama,True Sample,Snapping shrimp
8978-E,Istmo S1,G,12,8978-E,Egg,7442,10.4,TRANS-58,Alpheus galapagensis,Intertidal under rocks,no_pair,A. edwardsii 1,A. nuttingi,,,Pacific,Bay of Panama-Las Perlas,Bay of Panama,True Sample,Snapping shrimp
8978-G,Istmo S1,H,1,8978-G,Gill,7442,10.4,TRANS-58,Alpheus galapagensis,Intertidal under rocks,no_pair,A. edwardsii 1,A. nuttingi,,,Pacific,Bay of Panama-Las Perlas,Bay of Panama,True Sample,Snapping shrimp
8978-H,Istmo S1,H,2,8978-H,Hepatopancreas,7442,10.4,TRANS-58,Alpheus galapagensis,Intertidal under rocks,no_pair,A. edwardsii 1,A. nuttingi,,,Pacific,Bay of Panama-Las Perlas,Bay of Panama,True Sample,Snapping shrimp
8978-M,Istmo S1,H,3,8978-M,Midgut,7442,10.4,TRANS-58,Alpheus galapagensis,Intertidal under rocks,no_pair,A. edwardsii 1,A. nuttingi,,,Pacific,Bay of Panama-Las Perlas,Bay of Panama,True Sample,Snapping shrimp
8978-S,Istmo S1,H,4,8978-S,Stomach,7442,10.4,TRANS-58,Alpheus galapagensis,Intertidal under rocks,no_pair,A. edwardsii 1,A. nuttingi,,,Pacific,Bay of Panama-Las Perlas,Bay of Panama,True Sample,Snapping shrimp
9198-G,Istmo S1,H,5,9198-G,Gill,8160,11.8,TRANS-63,Alpheus hyeyoungae,Intertidal under rocks,A. hyeyoungae / A. verilli,A. edwardsii 1,A. armillatus,,Pair with 9199,Pacific,Bay of Panama-Las Perlas,Bay of Panama,True Sample,Snapping shrimp
9198-H,Istmo S1,H,6,9198-H,Hepatopancreas,8160,11.8,TRANS-63,Alpheus hyeyoungae,Intertidal under rocks,A. hyeyoungae / A. verilli,A. edwardsii 1,A. armillatus,,Pair with 9199,Pacific,Bay of Panama-Las Perlas,Bay of Panama,True Sample,Snapping shrimp
9198-M,Istmo S1,H,7,9198-M,Midgut,8160,11.8,TRANS-63,Alpheus hyeyoungae,Intertidal under rocks,A. hyeyoungae / A. verilli,A. edwardsii 1,A. armillatus,,Pair with 9199,Pacific,Bay of Panama-Las Perlas,Bay of Panama,True Sample,Snapping shrimp
9198-S,Istmo S1,H,8,9198-S,Stomach,8160,11.8,TRANS-63,Alpheus hyeyoungae,Intertidal under rocks,A. hyeyoungae / A. verilli,A. edwardsii 1,A. armillatus,,Pair with 9199,Pacific,Bay of Panama-Las Perlas,Bay of Panama,True Sample,Snapping shrimp
8971-G,Istmo S1,H,9,8971-G,Gill,7452,10.4,TRANS-58,Alpheus galapagensis,Intertidal under rocks,no_pair,A. edwardsii 1,A. nuttingi,,,Pacific,Bay of Panama-Las Perlas,Bay of Panama,True Sample,Snapping shrimp
Control-25,Istmo S1,H,10,Control-25,Control,Control,Control,Control,Control,Control,Control,Control,Control,Control,Control,Control,Control,Control,Control Sample,Control
Control-26,Istmo S1,H,11,Control-26,Control,Control,Control,Control,Control,Control,Control,Control,Control,Control,Control,Control,Control,Control,Control Sample,Control
Control-27,Istmo S1,H,12,Control-27,Control,Control,Control,Control,Control,Control,Control,Control,Control,Control,Control,Control,Control,Control,Control Sample,Control
8971-H,Istmo S2,A,1,8971-H,Hepatopancreas,7452,10.4,TRANS-58,Alpheus galapagensis,Intertidal under rocks,no_pair,A. edwardsii 1,A. nuttingi,,,Pacific,Bay of Panama-Las Perlas,Bay of Panama,True Sample,Snapping shrimp
8971-M,Istmo S2,A,2,8971-M,Midgut,7452,10.4,TRANS-58,Alpheus galapagensis,Intertidal under rocks,no_pair,A. edwardsii 1,A. nuttingi,,,Pacific,Bay of Panama-Las Perlas,Bay of Panama,True Sample,Snapping shrimp
8971-S,Istmo S2,A,3,8971-S,Stomach,7452,10.4,TRANS-58,Alpheus galapagensis,Intertidal under rocks,no_pair,A. edwardsii 1,A. nuttingi,,,Pacific,Bay of Panama-Las Perlas,Bay of Panama,True Sample,Snapping shrimp
9267-G,Istmo S2,A,4,9267-G,Gill,8382,6.2,TRANS-64,Alpheus utriensis,Subtidal rubble,A. utriensis / A. cristulifrons,A. crinitus,A. cristulifrons,,,Pacific,Bay of Panama-Las Perlas,Bay of Panama,True Sample,Snapping shrimp
9267-H,Istmo S2,A,5,9267-H,Hepatopancreas,8382,6.2,TRANS-64,Alpheus utriensis,Subtidal rubble,A. utriensis / A. cristulifrons,A. crinitus,A. cristulifrons,,,Pacific,Bay of Panama-Las Perlas,Bay of Panama,True Sample,Snapping shrimp
9267-M,Istmo S2,A,6,9267-M,Midgut,8382,6.2,TRANS-64,Alpheus utriensis,Subtidal rubble,A. utriensis / A. cristulifrons,A. crinitus,A. cristulifrons,,,Pacific,Bay of Panama-Las Perlas,Bay of Panama,True Sample,Snapping shrimp
9267-S,Istmo S2,A,7,9267-S,Stomach,8382,6.2,TRANS-64,Alpheus utriensis,Subtidal rubble,A. utriensis / A. cristulifrons,A. crinitus,A. cristulifrons,,,Pacific,Bay of Panama-Las Perlas,Bay of Panama,True Sample,Snapping shrimp
9011-G,Istmo S2,A,8,9011-G,Gill,7714,11.9,TRANS-60,Alpheus hyeyoungae,Intertidal under rocks,A. hyeyoungae / A. verilli,A. edwardsii 1,A. armillatus,,,Pacific,Bay of Panama-Las Perlas,Bay of Panama,True Sample,Snapping shrimp
9011-H,Istmo S2,A,9,9011-H,Hepatopancreas,7714,11.9,TRANS-60,Alpheus hyeyoungae,Intertidal under rocks,A. hyeyoungae / A. verilli,A. edwardsii 1,A. armillatus,,,Pacific,Bay of Panama-Las Perlas,Bay of Panama,True Sample,Snapping shrimp
9011-M,Istmo S2,A,10,9011-M,Midgut,7714,11.9,TRANS-60,Alpheus hyeyoungae,Intertidal under rocks,A. hyeyoungae / A. verilli,A. edwardsii 1,A. armillatus,,,Pacific,Bay of Panama-Las Perlas,Bay of Panama,True Sample,Snapping shrimp
9011-S,Istmo S2,A,11,9011-S,Stomach,7714,11.9,TRANS-60,Alpheus hyeyoungae,Intertidal under rocks,A. hyeyoungae / A. verilli,A. edwardsii 1,A. armillatus,,,Pacific,Bay of Panama-Las Perlas,Bay of Panama,True Sample,Snapping shrimp
8964-G,Istmo S2,A,12,8964-G,Gill,7478,10.6,TRANS-58,Alpheus hyeyoungae,Intertidal under rocks,A. hyeyoungae / A. verilli,A. edwardsii 1,A. armillatus,,,Pacific,Bay of Panama-Las Perlas,Bay of Panama,True Sample,Snapping shrimp
8964-H,Istmo S2,B,1,8964-H,Hepatopancreas,7478,10.6,TRANS-58,Alpheus hyeyoungae,Intertidal under rocks,A. hyeyoungae / A. verilli,A. edwardsii 1,A. armillatus,,,Pacific,Bay of Panama-Las Perlas,Bay of Panama,True Sample,Snapping shrimp
8964-M,Istmo S2,B,2,8964-M,Midgut,7478,10.6,TRANS-58,Alpheus hyeyoungae,Intertidal under rocks,A. hyeyoungae / A. verilli,A. edwardsii 1,A. armillatus,,,Pacific,Bay of Panama-Las Perlas,Bay of Panama,True Sample,Snapping shrimp
8964-S,Istmo S2,B,3,8964-S,Stomach,7478,10.6,TRANS-58,Alpheus hyeyoungae,Intertidal under rocks,A. hyeyoungae / A. verilli,A. edwardsii 1,A. armillatus,,,Pacific,Bay of Panama-Las Perlas,Bay of Panama,True Sample,Snapping shrimp
8937-G,Istmo S2,B,4,8937-G,Gill,7430,8.5,TRANS-57,Alpheus hebes,Intertidal cracks rocks,no_pair,A. leviusculus 1,A. hebes,,Pair with 8936,Pacific,Bay of Panama-Las Perlas,Bay of Panama,True Sample,Snapping shrimp
8937-H,Istmo S2,B,5,8937-H,Hepatopancreas,7430,8.5,TRANS-57,Alpheus hebes,Intertidal cracks rocks,no_pair,A. leviusculus 1,A. hebes,,Pair with 8936,Pacific,Bay of Panama-Las Perlas,Bay of Panama,True Sample,Snapping shrimp
8937-M,Istmo S2,B,6,8937-M,Midgut,7430,8.5,TRANS-57,Alpheus hebes,Intertidal cracks rocks,no_pair,A. leviusculus 1,A. hebes,,Pair with 8936,Pacific,Bay of Panama-Las Perlas,Bay of Panama,True Sample,Snapping shrimp
8937-S,Istmo S2,B,7,8937-S,Stomach,7430,8.5,TRANS-57,Alpheus hebes,Intertidal cracks rocks,no_pair,A. leviusculus 1,A. hebes,,Pair with 8936,Pacific,Bay of Panama-Las Perlas,Bay of Panama,True Sample,Snapping shrimp
8979-G,Istmo S2,B,8,8979-G,Gill,7441,10.5,TRANS-58,Alpheus galapagensis,Intertidal under rocks,no_pair,A. edwardsii 1,A. nuttingi,,Pair with 8980,Pacific,Bay of Panama-Las Perlas,Bay of Panama,True Sample,Snapping shrimp
8979-H,Istmo S2,B,9,8979-H,Hepatopancreas,7441,10.5,TRANS-58,Alpheus galapagensis,Intertidal under rocks,no_pair,A. edwardsii 1,A. nuttingi,,Pair with 8980,Pacific,Bay of Panama-Las Perlas,Bay of Panama,True Sample,Snapping shrimp
8979-M,Istmo S2,B,10,8979-M,Midgut,7441,10.5,TRANS-58,Alpheus galapagensis,Intertidal under rocks,no_pair,A. edwardsii 1,A. nuttingi,,Pair with 8980,Pacific,Bay of Panama-Las Perlas,Bay of Panama,True Sample,Snapping shrimp
8979-S,Istmo S2,B,11,8979-S,Stomach,7441,10.5,TRANS-58,Alpheus galapagensis,Intertidal under rocks,no_pair,A. edwardsii 1,A. nuttingi,,Pair with 8980,Pacific,Bay of Panama-Las Perlas,Bay of Panama,True Sample,Snapping shrimp
8972-G,Istmo S2,B,12,8972-G,Gill,7449,11.9,TRANS-58,Alpheus galapagensis,Intertidal under rocks,no_pair,A. edwardsii 1,A. nuttingi,,,Pacific,Bay of Panama-Las Perlas,Bay of Panama,True Sample,Snapping shrimp
8972-H,Istmo S2,C,1,8972-H,Hepatopancreas,7449,11.9,TRANS-58,Alpheus galapagensis,Intertidal under rocks,no_pair,A. edwardsii 1,A. nuttingi,,,Pacific,Bay of Panama-Las Perlas,Bay of Panama,True Sample,Snapping shrimp
8972-M,Istmo S2,C,2,8972-M,Midgut,7449,11.9,TRANS-58,Alpheus galapagensis,Intertidal under rocks,no_pair,A. edwardsii 1,A. nuttingi,,,Pacific,Bay of Panama-Las Perlas,Bay of Panama,True Sample,Snapping shrimp
8972-S,Istmo S2,C,3,8972-S,Stomach,7449,11.9,TRANS-58,Alpheus galapagensis,Intertidal under rocks,no_pair,A. edwardsii 1,A. nuttingi,,,Pacific,Bay of Panama-Las Perlas,Bay of Panama,True Sample,Snapping shrimp
8972-E,Istmo S2,C,4,8972-E,Egg,7449,11.9,TRANS-58,Alpheus galapagensis,Intertidal under rocks,no_pair,A. edwardsii 1,A. nuttingi,,,Pacific,Bay of Panama-Las Perlas,Bay of Panama,True Sample,Snapping shrimp
9045-G,Istmo S2,C,5,9045-G,Gill,7773,13.4,TRANS-61,Alpheus hyeyoungae,Intertidal under rocks,A. hyeyoungae / A. verilli,A. edwardsii 1,A. armillatus,,,Pacific,Bay of Panama-Las Perlas,Bay of Panama,True Sample,Snapping shrimp
9045-H,Istmo S2,C,6,9045-H,Hepatopancreas,7773,13.4,TRANS-61,Alpheus hyeyoungae,Intertidal under rocks,A. hyeyoungae / A. verilli,A. edwardsii 1,A. armillatus,,,Pacific,Bay of Panama-Las Perlas,Bay of Panama,True Sample,Snapping shrimp
9045-M,Istmo S2,C,7,9045-M,Midgut,7773,13.4,TRANS-61,Alpheus hyeyoungae,Intertidal under rocks,A. hyeyoungae / A. verilli,A. edwardsii 1,A. armillatus,,,Pacific,Bay of Panama-Las Perlas,Bay of Panama,True Sample,Snapping shrimp
9045-S,Istmo S2,C,8,9045-S,Stomach,7773,13.4,TRANS-61,Alpheus hyeyoungae,Intertidal under rocks,A. hyeyoungae / A. verilli,A. edwardsii 1,A. armillatus,,,Pacific,Bay of Panama-Las Perlas,Bay of Panama,True Sample,Snapping shrimp
9045-E,Istmo S2,C,9,9045-E,Egg,7773,13.4,TRANS-61,Alpheus hyeyoungae,Intertidal under rocks,A. hyeyoungae / A. verilli,A. edwardsii 1,A. armillatus,,,Pacific,Bay of Panama-Las Perlas,Bay of Panama,True Sample,Snapping shrimp
9195-G,Istmo S2,C,10,9195-G,Gill,8156,7.8,TRANS-63,Alpheus arenensis,Intertidal under rocks,A. arenensis / A. websteri,A. formosus*,A. websteri,,Pair with 9196,Pacific,Bay of Panama-Las Perlas,Bay of Panama,True Sample,Snapping shrimp
9195-H,Istmo S2,C,11,9195-H,Hepatopancreas,8156,7.8,TRANS-63,Alpheus arenensis,Intertidal under rocks,A. arenensis / A. websteri,A. formosus*,A. websteri,,Pair with 9196,Pacific,Bay of Panama-Las Perlas,Bay of Panama,True Sample,Snapping shrimp
9195-M,Istmo S2,C,12,9195-M,Midgut,8156,7.8,TRANS-63,Alpheus arenensis,Intertidal under rocks,A. arenensis / A. websteri,A. formosus*,A. websteri,,Pair with 9196,Pacific,Bay of Panama-Las Perlas,Bay of Panama,True Sample,Snapping shrimp
9195-S,Istmo S2,D,1,9195-S,Stomach,8156,7.8,TRANS-63,Alpheus arenensis,Intertidal under rocks,A. arenensis / A. websteri,A. formosus*,A. websteri,,Pair with 9196,Pacific,Bay of Panama-Las Perlas,Bay of Panama,True Sample,Snapping shrimp
8943-G,Istmo S2,D,2,8943-G,Gill,7436,6.8,TRANS-57,Alpheus javieri,Intertidal cracks rocks,A. javieri / A. bouvieri,A. leviusculus 1,A. bouvieri,,,Pacific,Bay of Panama-Las Perlas,Bay of Panama,True Sample,Snapping shrimp
8943-E,Istmo S2,D,3,8943-E,Egg,7436,6.8,TRANS-57,Alpheus javieri,Intertidal cracks rocks,A. javieri / A. bouvieri,A. leviusculus 1,A. bouvieri,,,Pacific,Bay of Panama-Las Perlas,Bay of Panama,True Sample,Snapping shrimp
8943-H,Istmo S2,D,4,8943-H,Hepatopancreas,7436,6.8,TRANS-57,Alpheus javieri,Intertidal cracks rocks,A. javieri / A. bouvieri,A. leviusculus 1,A. bouvieri,,,Pacific,Bay of Panama-Las Perlas,Bay of Panama,True Sample,Snapping shrimp
8943-M,Istmo S2,D,5,8943-M,Midgut,7436,6.8,TRANS-57,Alpheus javieri,Intertidal cracks rocks,A. javieri / A. bouvieri,A. leviusculus 1,A. bouvieri,,,Pacific,Bay of Panama-Las Perlas,Bay of Panama,True Sample,Snapping shrimp
9233-M,Istmo S2,D,6,9233-M,Midgut,8434,8.1,TRANS-64,Alpheus saxidomus,Subtidal cracks exposed,A. saxidomus / A. simus,A. obesomanus 2,A. simus,,,Pacific,Bay of Panama-Las Perlas,Bay of Panama,True Sample,Snapping shrimp
9233-H,Istmo S2,D,7,9233-H,Hepatopancreas,8434,8.1,TRANS-64,Alpheus saxidomus,Subtidal cracks exposed,A. saxidomus / A. simus,A. obesomanus 2,A. simus,,,Pacific,Bay of Panama-Las Perlas,Bay of Panama,True Sample,Snapping shrimp
9233-G,Istmo S2,D,8,9233-G,Gill,8434,8.1,TRANS-64,Alpheus saxidomus,Subtidal cracks exposed,A. saxidomus / A. simus,A. obesomanus 2,A. simus,,,Pacific,Bay of Panama-Las Perlas,Bay of Panama,True Sample,Snapping shrimp
9233-E,Istmo S2,D,9,9233-E,Egg,8434,8.1,TRANS-64,Alpheus saxidomus,Subtidal cracks exposed,A. saxidomus / A. simus,A. obesomanus 2,A. simus,,,Pacific,Bay of Panama-Las Perlas,Bay of Panama,True Sample,Snapping shrimp
9272-G,Istmo S2,D,10,9272-G,Gill,8385,5.2,TRANS-64,Alpheus utriensis,Subtidal rubble,A. utriensis / A. cristulifrons,A. crinitus,A. cristulifrons,,,Pacific,Bay of Panama-Las Perlas,Bay of Panama,True Sample,Snapping shrimp
9272-H,Istmo S2,D,11,9272-H,Hepatopancreas,8385,5.2,TRANS-64,Alpheus utriensis,Subtidal rubble,A. utriensis / A. cristulifrons,A. crinitus,A. cristulifrons,,,Pacific,Bay of Panama-Las Perlas,Bay of Panama,True Sample,Snapping shrimp
9272-S,Istmo S2,D,12,9272-S,Stomach,8385,5.2,TRANS-64,Alpheus utriensis,Subtidal rubble,A. utriensis / A. cristulifrons,A. crinitus,A. cristulifrons,,,Pacific,Bay of Panama-Las Perlas,Bay of Panama,True Sample,Snapping shrimp
9350-E,Istmo S2,E,1,9350-E,Egg,8622,6.3,TRANS-65,Alpheus hebes,Intertidal cracks rocks,no_pair,A. leviusculus 1,A. hebes,,,Pacific,Bay of Panama-Las Perlas,Bay of Panama,True Sample,Snapping shrimp
9350-G,Istmo S2,E,2,9350-G,Gill,8622,6.3,TRANS-65,Alpheus hebes,Intertidal cracks rocks,no_pair,A. leviusculus 1,A. hebes,,,Pacific,Bay of Panama-Las Perlas,Bay of Panama,True Sample,Snapping shrimp
9350-H,Istmo S2,E,3,9350-H,Hepatopancreas,8622,6.3,TRANS-65,Alpheus hebes,Intertidal cracks rocks,no_pair,A. leviusculus 1,A. hebes,,,Pacific,Bay of Panama-Las Perlas,Bay of Panama,True Sample,Snapping shrimp
9350-M,Istmo S2,E,4,9350-M,Midgut,8622,6.3,TRANS-65,Alpheus hebes,Intertidal cracks rocks,no_pair,A. leviusculus 1,A. hebes,,,Pacific,Bay of Panama-Las Perlas,Bay of Panama,True Sample,Snapping shrimp
9075-G,Istmo S2,E,5,9075-G,Gill,7740,4.1,TRANS-61,Alpheus rostratus,Subtidal under rocks,A. rostratus / A. paracrinitus with spot,A. paracrinitus*,A. paracrinitus,,,Pacific,Bay of Panama-Las Perlas,Bay of Panama,True Sample,Snapping shrimp
9075-H,Istmo S2,E,6,9075-H,Hepatopancreas,7740,4.1,TRANS-61,Alpheus rostratus,Subtidal under rocks,A. rostratus / A. paracrinitus with spot,A. paracrinitus*,A. paracrinitus,,,Pacific,Bay of Panama-Las Perlas,Bay of Panama,True Sample,Snapping shrimp
9075-M,Istmo S2,E,7,9075-M,Midgut,7740,4.1,TRANS-61,Alpheus rostratus,Subtidal under rocks,A. rostratus / A. paracrinitus with spot,A. paracrinitus*,A. paracrinitus,,,Pacific,Bay of Panama-Las Perlas,Bay of Panama,True Sample,Snapping shrimp
9075-S,Istmo S2,E,8,9075-S,Stomach,7740,4.1,TRANS-61,Alpheus rostratus,Subtidal under rocks,A. rostratus / A. paracrinitus with spot,A. paracrinitus*,A. paracrinitus,,,Pacific,Bay of Panama-Las Perlas,Bay of Panama,True Sample,Snapping shrimp
9259-G,Istmo S2,E,9,9259-G,Gill,8402,9.1,TRANS-64,Alpheus saxidomus,Subtidal cracks exposed,A. saxidomus / A. simus,A. obesomanus 2,A. simus,,Pair with 9258,Pacific,Bay of Panama-Las Perlas,Bay of Panama,True Sample,Snapping shrimp
9259-H,Istmo S2,E,10,9259-H,Hepatopancreas,8402,9.1,TRANS-64,Alpheus saxidomus,Subtidal cracks exposed,A. saxidomus / A. simus,A. obesomanus 2,A. simus,,Pair with 9258,Pacific,Bay of Panama-Las Perlas,Bay of Panama,True Sample,Snapping shrimp
9076-G,Istmo S2,E,11,9076-G,Gill,7739,5.3,TRANS-61,Alpheus rostratus,Subtidal under rocks,A. rostratus / A. paracrinitus with spot,A. paracrinitus*,A. paracrinitus,,,Pacific,Bay of Panama-Las Perlas,Bay of Panama,True Sample,Snapping shrimp
9076-H,Istmo S2,E,12,9076-H,Hepatopancreas,7739,5.3,TRANS-61,Alpheus rostratus,Subtidal under rocks,A. rostratus / A. paracrinitus with spot,A. paracrinitus*,A. paracrinitus,,,Pacific,Bay of Panama-Las Perlas,Bay of Panama,True Sample,Snapping shrimp
9076-M,Istmo S2,F,1,9076-M,Midgut,7739,5.3,TRANS-61,Alpheus rostratus,Subtidal under rocks,A. rostratus / A. paracrinitus with spot,A. paracrinitus*,A. paracrinitus,,,Pacific,Bay of Panama-Las Perlas,Bay of Panama,True Sample,Snapping shrimp
9076-S,Istmo S2,F,2,9076-S,Stomach,7739,5.3,TRANS-61,Alpheus rostratus,Subtidal under rocks,A. rostratus / A. paracrinitus with spot,A. paracrinitus*,A. paracrinitus,,,Pacific,Bay of Panama-Las Perlas,Bay of Panama,True Sample,Snapping shrimp
8938-G,Istmo S2,F,3,8938-G,Gill,7431,6.3,TRANS-57,Alpheus hebes,Intertidal cracks rocks,no_pair,A. leviusculus 1,A. hebes,,,Pacific,Bay of Panama-Las Perlas,Bay of Panama,True Sample,Snapping shrimp
8938-H,Istmo S2,F,4,8938-H,Hepatopancreas,7431,6.3,TRANS-57,Alpheus hebes,Intertidal cracks rocks,no_pair,A. leviusculus 1,A. hebes,,,Pacific,Bay of Panama-Las Perlas,Bay of Panama,True Sample,Snapping shrimp
8938-M,Istmo S2,F,5,8938-M,Midgut,7431,6.3,TRANS-57,Alpheus hebes,Intertidal cracks rocks,no_pair,A. leviusculus 1,A. hebes,,,Pacific,Bay of Panama-Las Perlas,Bay of Panama,True Sample,Snapping shrimp
8938-S,Istmo S2,F,6,8938-S,Stomach,7431,6.3,TRANS-57,Alpheus hebes,Intertidal cracks rocks,no_pair,A. leviusculus 1,A. hebes,,,Pacific,Bay of Panama-Las Perlas,Bay of Panama,True Sample,Snapping shrimp
9131-E,Istmo S2,F,7,9131-E,Egg,7966,10.6,TRANS-62,Alpheus panamensis,Subtidal cracks exposed,A. panamensis / A. formosus,A. formosus*,A. formosus,,,Pacific,Bay of Panama-Las Perlas,Bay of Panama,True Sample,Snapping shrimp
8992-G,Istmo S2,F,8,8992-G,Gill,7461,5.7,TRANS-58,Alpheus fasciatus,Subtidal under rocks,A. fasciatus / A. paracrinitus no spot,A. paracrinitus*,A. paracrinitus,,,Pacific,Bay of Panama-Las Perlas,Bay of Panama,True Sample,Snapping shrimp
8992-H,Istmo S2,F,9,8992-H,Hepatopancreas,7461,5.7,TRANS-58,Alpheus fasciatus,Subtidal under rocks,A. fasciatus / A. paracrinitus no spot,A. paracrinitus*,A. paracrinitus,,,Pacific,Bay of Panama-Las Perlas,Bay of Panama,True Sample,Snapping shrimp
8992-M,Istmo S2,F,10,8992-M,Midgut,7461,5.7,TRANS-58,Alpheus fasciatus,Subtidal under rocks,A. fasciatus / A. paracrinitus no spot,A. paracrinitus*,A. paracrinitus,,,Pacific,Bay of Panama-Las Perlas,Bay of Panama,True Sample,Snapping shrimp
8992-S,Istmo S2,F,11,8992-S,Stomach,7461,5.7,TRANS-58,Alpheus fasciatus,Subtidal under rocks,A. fasciatus / A. paracrinitus no spot,A. paracrinitus*,A. paracrinitus,,,Pacific,Bay of Panama-Las Perlas,Bay of Panama,True Sample,Snapping shrimp
9241-H,Istmo S2,F,12,9241-H,Hepatopancreas,8432,9.3,TRANS-64,Alpheus saxidomus,Subtidal cracks exposed,A. saxidomus / A. simus,A. obesomanus 2,A. simus,,,Pacific,Bay of Panama-Las Perlas,Bay of Panama,True Sample,Snapping shrimp
9241-E,Istmo S2,G,1,9241-E,Egg,8432,9.3,TRANS-64,Alpheus saxidomus,Subtidal cracks exposed,A. saxidomus / A. simus,A. obesomanus 2,A. simus,,,Pacific,Bay of Panama-Las Perlas,Bay of Panama,True Sample,Snapping shrimp
9241-G,Istmo S2,G,2,9241-G,Gill,8432,9.3,TRANS-64,Alpheus saxidomus,Subtidal cracks exposed,A. saxidomus / A. simus,A. obesomanus 2,A. simus,,,Pacific,Bay of Panama-Las Perlas,Bay of Panama,True Sample,Snapping shrimp
9241-M,Istmo S2,G,3,9241-M,Midgut,8432,9.3,TRANS-64,Alpheus saxidomus,Subtidal cracks exposed,A. saxidomus / A. simus,A. obesomanus 2,A. simus,,,Pacific,Bay of Panama-Las Perlas,Bay of Panama,True Sample,Snapping shrimp
8986-S,Istmo S2,G,4,8986-S,Stomach,7457,7,TRANS-58,Alpheus hebes,Intertidal cracks rocks,no_pair,A. leviusculus 1,A. hebes,,,Pacific,Bay of Panama-Las Perlas,Bay of Panama,True Sample,Snapping shrimp
8986-M,Istmo S2,G,5,8986-M,Midgut,7457,7,TRANS-58,Alpheus hebes,Intertidal cracks rocks,no_pair,A. leviusculus 1,A. hebes,,,Pacific,Bay of Panama-Las Perlas,Bay of Panama,True Sample,Snapping shrimp
8986-E,Istmo S2,G,6,8986-E,Egg,7457,7,TRANS-58,Alpheus hebes,Intertidal cracks rocks,no_pair,A. leviusculus 1,A. hebes,,,Pacific,Bay of Panama-Las Perlas,Bay of Panama,True Sample,Snapping shrimp
8986-G,Istmo S2,G,7,8986-G,Gill,7457,7,TRANS-58,Alpheus hebes,Intertidal cracks rocks,no_pair,A. leviusculus 1,A. hebes,,,Pacific,Bay of Panama-Las Perlas,Bay of Panama,True Sample,Snapping shrimp
8986-H,Istmo S2,G,8,8986-H,Hepatopancreas,7457,7,TRANS-58,Alpheus hebes,Intertidal cracks rocks,no_pair,A. leviusculus 1,A. hebes,,,Pacific,Bay of Panama-Las Perlas,Bay of Panama,True Sample,Snapping shrimp
9247-G,Istmo S2,G,9,9247-G,Gill,8429,8,TRANS-64,Alpheus saxidomus,Subtidal cracks exposed,A. saxidomus / A. simus,A. obesomanus 2,A. simus,,,Pacific,Bay of Panama-Las Perlas,Bay of Panama,True Sample,Snapping shrimp
9247-H,Istmo S2,G,10,9247-H,Hepatopancreas,8429,8,TRANS-64,Alpheus saxidomus,Subtidal cracks exposed,A. saxidomus / A. simus,A. obesomanus 2,A. simus,,,Pacific,Bay of Panama-Las Perlas,Bay of Panama,True Sample,Snapping shrimp
9247-M,Istmo S2,G,11,9247-M,Midgut,8429,8,TRANS-64,Alpheus saxidomus,Subtidal cracks exposed,A. saxidomus / A. simus,A. obesomanus 2,A. simus,,,Pacific,Bay of Panama-Las Perlas,Bay of Panama,True Sample,Snapping shrimp
9199-E,Istmo S2,G,12,9199-E,Egg,8161,10.6,TRANS-63,Alpheus hyeyoungae,Intertidal under rocks,A. hyeyoungae / A. verilli,A. edwardsii 1,A. armillatus,,Pair with 9198,Pacific,Bay of Panama-Las Perlas,Bay of Panama,True Sample,Snapping shrimp
9199-G,Istmo S2,H,1,9199-G,Gill,8161,10.6,TRANS-63,Alpheus hyeyoungae,Intertidal under rocks,A. hyeyoungae / A. verilli,A. edwardsii 1,A. armillatus,,Pair with 9198,Pacific,Bay of Panama-Las Perlas,Bay of Panama,True Sample,Snapping shrimp
9199-H,Istmo S2,H,2,9199-H,Hepatopancreas,8161,10.6,TRANS-63,Alpheus hyeyoungae,Intertidal under rocks,A. hyeyoungae / A. verilli,A. edwardsii 1,A. armillatus,,Pair with 9198,Pacific,Bay of Panama-Las Perlas,Bay of Panama,True Sample,Snapping shrimp
9199-M,Istmo S2,H,3,9199-M,Midgut,8161,10.6,TRANS-63,Alpheus hyeyoungae,Intertidal under rocks,A. hyeyoungae / A. verilli,A. edwardsii 1,A. armillatus,,Pair with 9198,Pacific,Bay of Panama-Las Perlas,Bay of Panama,True Sample,Snapping shrimp
9199-S,Istmo S2,H,4,9199-S,Stomach,8161,10.6,TRANS-63,Alpheus hyeyoungae,Intertidal under rocks,A. hyeyoungae / A. verilli,A. edwardsii 1,A. armillatus,,Pair with 9198,Pacific,Bay of Panama-Las Perlas,Bay of Panama,True Sample,Snapping shrimp
8951-E,Istmo S2,H,5,8951-E,Egg,7482,11.2,TRANS-58,Alpheus panamensis,Subtidal cracks exposed,A. panamensis / A. formosus,A. formosus*,A. formosus,,Pair with 8952,Pacific,Bay of Panama-Las Perlas,Bay of Panama,True Sample,Snapping shrimp
8951-G,Istmo S2,H,6,8951-G,Gill,7482,11.2,TRANS-58,Alpheus panamensis,Subtidal cracks exposed,A. panamensis / A. formosus,A. formosus*,A. formosus,,Pair with 8952,Pacific,Bay of Panama-Las Perlas,Bay of Panama,True Sample,Snapping shrimp
8951-H,Istmo S2,H,7,8951-H,Hepatopancreas,7482,11.2,TRANS-58,Alpheus panamensis,Subtidal cracks exposed,A. panamensis / A. formosus,A. formosus*,A. formosus,,Pair with 8952,Pacific,Bay of Panama-Las Perlas,Bay of Panama,True Sample,Snapping shrimp
8951-M,Istmo S2,H,8,8951-M,Midgut,7482,11.2,TRANS-58,Alpheus panamensis,Subtidal cracks exposed,A. panamensis / A. formosus,A. formosus*,A. formosus,,Pair with 8952,Pacific,Bay of Panama-Las Perlas,Bay of Panama,True Sample,Snapping shrimp
8960-G,Istmo S2,H,9,8960-G,Gill,7475,12,TRANS-58,Alpheus hyeyoungae,Intertidal under rocks,A. hyeyoungae / A. verilli,A. edwardsii 1,A. armillatus,,,Pacific,Bay of Panama-Las Perlas,Bay of Panama,True Sample,Snapping shrimp
Control-28,Istmo S2,H,10,Control-28,Control,Control,Control,Control,Control,Control,Control,Control,Control,Control,Control,Control,Control,Control,Control Sample,Control
Control-29,Istmo S2,H,11,Control-29,Control,Control,Control,Control,Control,Control,Control,Control,Control,Control,Control,Control,Control,Control,Control Sample,Control
Control-30,Istmo S2,H,12,Control-30,Control,Control,Control,Control,Control,Control,Control,Control,Control,Control,Control,Control,Control,Control,Control Sample,Control