Code,Plate-Original,Row-Original,Column-Original,Code,Tissue,Photo_no,Length,Station_no,Morphospecies,Habitat,Pair,Species group,Species complex,Photo,Notes,Ocean,Site,Site.2,Sample_or_Control,Taxon
7603-M,Istmo S13,A,1,7603-M,Midgut,5299,4.2,TRANS-20,Alpheus paracrinitus no spot,Subtidal cracks exposed,A. fasciatus / A. paracrinitus no spot,A. paracrinitus*,A. paracrinitus,Yes,,Western Atlantic,Isla Grande,Colon area,True Sample,Snapping shrimp
7603-S,Istmo S13,A,2,7603-S,Stomach,5299,4.2,TRANS-20,Alpheus paracrinitus no spot,Subtidal cracks exposed,A. fasciatus / A. paracrinitus no spot,A. paracrinitus*,A. paracrinitus,Yes,,Western Atlantic,Isla Grande,Colon area,True Sample,Snapping shrimp
7603-H,Istmo S13,A,3,7603-H,Hepatopancreas,5299,4.2,TRANS-20,Alpheus paracrinitus no spot,Subtidal cracks exposed,A. fasciatus / A. paracrinitus no spot,A. paracrinitus*,A. paracrinitus,Yes,,Western Atlantic,Isla Grande,Colon area,True Sample,Snapping shrimp
7603-G,Istmo S13,A,4,7603-G,Gill,5299,4.2,TRANS-20,Alpheus paracrinitus no spot,Subtidal cracks exposed,A. fasciatus / A. paracrinitus no spot,A. paracrinitus*,A. paracrinitus,Yes,,Western Atlantic,Isla Grande,Colon area,True Sample,Snapping shrimp
7642-S,Istmo S13,A,5,7642-S,Stomach,5383,6.2,TRANS-21,Alpheus bouvieri,Intertidal cracks rocks,A. javieri / A. bouvieri,A. leviusculus 1,A. bouvieri,Yes,,Western Atlantic,Isla Grande,Colon area,True Sample,Snapping shrimp
7642-M,Istmo S13,A,6,7642-M,Midgut,5383,6.2,TRANS-21,Alpheus bouvieri,Intertidal cracks rocks,A. javieri / A. bouvieri,A. leviusculus 1,A. bouvieri,Yes,,Western Atlantic,Isla Grande,Colon area,True Sample,Snapping shrimp
7642-H,Istmo S13,A,7,7642-H,Hepatopancreas,5383,6.2,TRANS-21,Alpheus bouvieri,Intertidal cracks rocks,A. javieri / A. bouvieri,A. leviusculus 1,A. bouvieri,Yes,,Western Atlantic,Isla Grande,Colon area,True Sample,Snapping shrimp
7642-G,Istmo S13,A,8,7642-G,Gill,5383,6.2,TRANS-21,Alpheus bouvieri,Intertidal cracks rocks,A. javieri / A. bouvieri,A. leviusculus 1,A. bouvieri,Yes,,Western Atlantic,Isla Grande,Colon area,True Sample,Snapping shrimp
7647-S,Istmo S13,A,9,7647-S,Stomach,5385,6.7,TRANS-21,Alpheus bouvieri,Intertidal cracks rocks,A. javieri / A. bouvieri,A. leviusculus 1,A. bouvieri,Yes,,Western Atlantic,Isla Grande,Colon area,True Sample,Snapping shrimp
7647-M,Istmo S13,A,10,7647-M,Midgut,5385,6.7,TRANS-21,Alpheus bouvieri,Intertidal cracks rocks,A. javieri / A. bouvieri,A. leviusculus 1,A. bouvieri,Yes,,Western Atlantic,Isla Grande,Colon area,True Sample,Snapping shrimp
7647-H,Istmo S13,A,11,7647-H,Hepatopancreas,5385,6.7,TRANS-21,Alpheus bouvieri,Intertidal cracks rocks,A. javieri / A. bouvieri,A. leviusculus 1,A. bouvieri,Yes,,Western Atlantic,Isla Grande,Colon area,True Sample,Snapping shrimp
7647-G,Istmo S13,A,12,7647-G,Gill,5385,6.7,TRANS-21,Alpheus bouvieri,Intertidal cracks rocks,A. javieri / A. bouvieri,A. leviusculus 1,A. bouvieri,Yes,,Western Atlantic,Isla Grande,Colon area,True Sample,Snapping shrimp
7680-G,Istmo S13,B,1,7680-G,Gill,5452,10.2,TRANS-23,Alpheus floridanus,Burrows,A. hephaestus / A. floridanus,A. brevirostris,A. floridanus,Yes,,Western Atlantic,Isla Grande,Colon area,True Sample,Snapping shrimp
7680-E,Istmo S13,B,2,7680-E,Egg,5452,10.2,TRANS-23,Alpheus floridanus,Burrows,A. hephaestus / A. floridanus,A. brevirostris,A. floridanus,Yes,,Western Atlantic,Isla Grande,Colon area,True Sample,Snapping shrimp
7680-H,Istmo S13,B,3,7680-H,Hepatopancreas,5452,10.2,TRANS-23,Alpheus floridanus,Burrows,A. hephaestus / A. floridanus,A. brevirostris,A. floridanus,Yes,,Western Atlantic,Isla Grande,Colon area,True Sample,Snapping shrimp
7680-S,Istmo S13,B,4,7680-S,Stomach,5452,10.2,TRANS-23,Alpheus floridanus,Burrows,A. hephaestus / A. floridanus,A. brevirostris,A. floridanus,Yes,,Western Atlantic,Isla Grande,Colon area,True Sample,Snapping shrimp
7680-M,Istmo S13,B,5,7680-M,Midgut,5452,10.2,TRANS-23,Alpheus floridanus,Burrows,A. hephaestus / A. floridanus,A. brevirostris,A. floridanus,Yes,,Western Atlantic,Isla Grande,Colon area,True Sample,Snapping shrimp
7611-S,Istmo S13,B,6,7611-S,Stomach,5272,6.1,TRANS-20,Alpheus websteri,Subtidal cracks exposed,A. arenensis / A. websteri,A. formosus*,A. websteri,Yes,,Western Atlantic,Isla Grande,Colon area,True Sample,Snapping shrimp
7611-M,Istmo S13,B,7,7611-M,Midgut,5272,6.1,TRANS-20,Alpheus websteri,Subtidal cracks exposed,A. arenensis / A. websteri,A. formosus*,A. websteri,Yes,,Western Atlantic,Isla Grande,Colon area,True Sample,Snapping shrimp
7611-H,Istmo S13,B,8,7611-H,Hepatopancreas,5272,6.1,TRANS-20,Alpheus websteri,Subtidal cracks exposed,A. arenensis / A. websteri,A. formosus*,A. websteri,Yes,,Western Atlantic,Isla Grande,Colon area,True Sample,Snapping shrimp
7611-G,Istmo S13,B,9,7611-G,Gill,5272,6.1,TRANS-20,Alpheus websteri,Subtidal cracks exposed,A. arenensis / A. websteri,A. formosus*,A. websteri,Yes,,Western Atlantic,Isla Grande,Colon area,True Sample,Snapping shrimp
7646-S,Istmo S13,B,10,7646-S,Stomach,5387,5.2,TRANS-21,Alpheus bouvieri,Intertidal cracks rocks,A. javieri / A. bouvieri,A. leviusculus 1,A. bouvieri,Yes,,Western Atlantic,Isla Grande,Colon area,True Sample,Snapping shrimp
7646-M,Istmo S13,B,11,7646-M,Midgut,5387,5.2,TRANS-21,Alpheus bouvieri,Intertidal cracks rocks,A. javieri / A. bouvieri,A. leviusculus 1,A. bouvieri,Yes,,Western Atlantic,Isla Grande,Colon area,True Sample,Snapping shrimp
7646-H,Istmo S13,B,12,7646-H,Hepatopancreas,5387,5.2,TRANS-21,Alpheus bouvieri,Intertidal cracks rocks,A. javieri / A. bouvieri,A. leviusculus 1,A. bouvieri,Yes,,Western Atlantic,Isla Grande,Colon area,True Sample,Snapping shrimp
7646-G,Istmo S13,C,1,7646-G,Gill,5387,5.2,TRANS-21,Alpheus bouvieri,Intertidal cracks rocks,A. javieri / A. bouvieri,A. leviusculus 1,A. bouvieri,Yes,,Western Atlantic,Isla Grande,Colon area,True Sample,Snapping shrimp
7694-S,Istmo S13,C,2,7694-S,Stomach,5464,6.4,TRANS-23,Alpheus floridanus,Burrows,A. hephaestus / A. floridanus,A. brevirostris,A. floridanus,Yes,,Western Atlantic,Isla Grande,Colon area,True Sample,Snapping shrimp
7694-M,Istmo S13,C,3,7694-M,Midgut,5464,6.4,TRANS-23,Alpheus floridanus,Burrows,A. hephaestus / A. floridanus,A. brevirostris,A. floridanus,Yes,,Western Atlantic,Isla Grande,Colon area,True Sample,Snapping shrimp
7694-H,Istmo S13,C,4,7694-H,Hepatopancreas,5464,6.4,TRANS-23,Alpheus floridanus,Burrows,A. hephaestus / A. floridanus,A. brevirostris,A. floridanus,Yes,,Western Atlantic,Isla Grande,Colon area,True Sample,Snapping shrimp
7694-G,Istmo S13,C,5,7694-G,Gill,5464,6.4,TRANS-23,Alpheus floridanus,Burrows,A. hephaestus / A. floridanus,A. brevirostris,A. floridanus,Yes,,Western Atlantic,Isla Grande,Colon area,True Sample,Snapping shrimp
7693-S,Istmo S13,C,6,7693-S,Stomach,5476,6.4,TRANS-23,Alpheus floridanus,Burrows,A. hephaestus / A. floridanus,A. brevirostris,A. floridanus,Yes,,Western Atlantic,Isla Grande,Colon area,True Sample,Snapping shrimp
7693-M,Istmo S13,C,7,7693-M,Midgut,5476,6.4,TRANS-23,Alpheus floridanus,Burrows,A. hephaestus / A. floridanus,A. brevirostris,A. floridanus,Yes,,Western Atlantic,Isla Grande,Colon area,True Sample,Snapping shrimp
7693-G,Istmo S13,C,8,7693-G,Gill,5476,6.4,TRANS-23,Alpheus floridanus,Burrows,A. hephaestus / A. floridanus,A. brevirostris,A. floridanus,Yes,,Western Atlantic,Isla Grande,Colon area,True Sample,Snapping shrimp
7600-E,Istmo S13,C,9,7600-E,Egg,5290,5,TRANS-20,Alpheus paracrinitus no spot,Subtidal cracks exposed,A. fasciatus / A. paracrinitus no spot,A. paracrinitus*,A. paracrinitus,Yes,,Western Atlantic,Isla Grande,Colon area,True Sample,Snapping shrimp
7600-S,Istmo S13,C,10,7600-S,Stomach,5290,5,TRANS-20,Alpheus paracrinitus no spot,Subtidal cracks exposed,A. fasciatus / A. paracrinitus no spot,A. paracrinitus*,A. paracrinitus,Yes,,Western Atlantic,Isla Grande,Colon area,True Sample,Snapping shrimp
7600-M,Istmo S13,C,11,7600-M,Midgut,5290,5,TRANS-20,Alpheus paracrinitus no spot,Subtidal cracks exposed,A. fasciatus / A. paracrinitus no spot,A. paracrinitus*,A. paracrinitus,Yes,,Western Atlantic,Isla Grande,Colon area,True Sample,Snapping shrimp
7600-H,Istmo S13,C,12,7600-H,Hepatopancreas,5290,5,TRANS-20,Alpheus paracrinitus no spot,Subtidal cracks exposed,A. fasciatus / A. paracrinitus no spot,A. paracrinitus*,A. paracrinitus,Yes,,Western Atlantic,Isla Grande,Colon area,True Sample,Snapping shrimp
7600-G,Istmo S13,D,1,7600-G,Gill,5290,5,TRANS-20,Alpheus paracrinitus no spot,Subtidal cracks exposed,A. fasciatus / A. paracrinitus no spot,A. paracrinitus*,A. paracrinitus,Yes,,Western Atlantic,Isla Grande,Colon area,True Sample,Snapping shrimp
7638-S,Istmo S13,D,2,7638-S,Stomach,5372,7.4,TRANS-21,Alpheus websteri,Subtidal cracks exposed,A. arenensis / A. websteri,A. formosus*,A. websteri,Yes,,Western Atlantic,Isla Grande,Colon area,True Sample,Snapping shrimp
7638-M,Istmo S13,D,3,7638-M,Midgut,5372,7.4,TRANS-21,Alpheus websteri,Subtidal cracks exposed,A. arenensis / A. websteri,A. formosus*,A. websteri,Yes,,Western Atlantic,Isla Grande,Colon area,True Sample,Snapping shrimp
7638-H,Istmo S13,D,4,7638-H,Hepatopancreas,5372,7.4,TRANS-21,Alpheus websteri,Subtidal cracks exposed,A. arenensis / A. websteri,A. formosus*,A. websteri,Yes,,Western Atlantic,Isla Grande,Colon area,True Sample,Snapping shrimp
7638-G,Istmo S13,D,5,7638-G,Gill,5372,7.4,TRANS-21,Alpheus websteri,Subtidal cracks exposed,A. arenensis / A. websteri,A. formosus*,A. websteri,Yes,,Western Atlantic,Isla Grande,Colon area,True Sample,Snapping shrimp
7697-S,Istmo S13,D,6,7697-S,Stomach,5470,6.4,TRANS-23,Alpheus floridanus,Burrows,A. hephaestus / A. floridanus,A. brevirostris,A. floridanus,Yes,,Western Atlantic,Isla Grande,Colon area,True Sample,Snapping shrimp
7697-M,Istmo S13,D,7,7697-M,Midgut,5470,6.4,TRANS-23,Alpheus floridanus,Burrows,A. hephaestus / A. floridanus,A. brevirostris,A. floridanus,Yes,,Western Atlantic,Isla Grande,Colon area,True Sample,Snapping shrimp
7697-H,Istmo S13,D,8,7697-H,Hepatopancreas,5470,6.4,TRANS-23,Alpheus floridanus,Burrows,A. hephaestus / A. floridanus,A. brevirostris,A. floridanus,Yes,,Western Atlantic,Isla Grande,Colon area,True Sample,Snapping shrimp
7697-G,Istmo S13,D,9,7697-G,Gill,5470,6.4,TRANS-23,Alpheus floridanus,Burrows,A. hephaestus / A. floridanus,A. brevirostris,A. floridanus,Yes,,Western Atlantic,Isla Grande,Colon area,True Sample,Snapping shrimp
7695-S,Istmo S13,D,10,7695-S,Stomach,5471,7.7,TRANS-23,Alpheus floridanus,Burrows,A. hephaestus / A. floridanus,A. brevirostris,A. floridanus,Yes,,Western Atlantic,Isla Grande,Colon area,True Sample,Snapping shrimp
7695-M,Istmo S13,D,11,7695-M,Midgut,5471,7.7,TRANS-23,Alpheus floridanus,Burrows,A. hephaestus / A. floridanus,A. brevirostris,A. floridanus,Yes,,Western Atlantic,Isla Grande,Colon area,True Sample,Snapping shrimp
7695-H,Istmo S13,D,12,7695-H,Hepatopancreas,5471,7.7,TRANS-23,Alpheus floridanus,Burrows,A. hephaestus / A. floridanus,A. brevirostris,A. floridanus,Yes,,Western Atlantic,Isla Grande,Colon area,True Sample,Snapping shrimp
7695-G,Istmo S13,E,1,7695-G,Gill,5471,7.7,TRANS-23,Alpheus floridanus,Burrows,A. hephaestus / A. floridanus,A. brevirostris,A. floridanus,Yes,,Western Atlantic,Isla Grande,Colon area,True Sample,Snapping shrimp
7625-E,Istmo S13,E,2,7625-E,Egg,5324,5.9,TRANS-20,Alpheus cristulifrons,Subtidal cracks exposed,A. utriensis / A. cristulifrons,A. crinitus,A. cristulifrons,Yes,Pair with 7624,Western Atlantic,Isla Grande,Colon area,True Sample,Snapping shrimp
7625-S,Istmo S13,E,3,7625-S,Stomach,5324,5.9,TRANS-20,Alpheus cristulifrons,Subtidal cracks exposed,A. utriensis / A. cristulifrons,A. crinitus,A. cristulifrons,Yes,Pair with 7624,Western Atlantic,Isla Grande,Colon area,True Sample,Snapping shrimp
7625-M,Istmo S13,E,4,7625-M,Midgut,5324,5.9,TRANS-20,Alpheus cristulifrons,Subtidal cracks exposed,A. utriensis / A. cristulifrons,A. crinitus,A. cristulifrons,Yes,Pair with 7624,Western Atlantic,Isla Grande,Colon area,True Sample,Snapping shrimp
7625-H,Istmo S13,E,5,7625-H,Hepatopancreas,5324,5.9,TRANS-20,Alpheus cristulifrons,Subtidal cracks exposed,A. utriensis / A. cristulifrons,A. crinitus,A. cristulifrons,Yes,Pair with 7624,Western Atlantic,Isla Grande,Colon area,True Sample,Snapping shrimp
7625-G,Istmo S13,E,6,7625-G,Gill,5324,5.9,TRANS-20,Alpheus cristulifrons,Subtidal cracks exposed,A. utriensis / A. cristulifrons,A. crinitus,A. cristulifrons,Yes,Pair with 7624,Western Atlantic,Isla Grande,Colon area,True Sample,Snapping shrimp
7636-M,Istmo S13,E,7,7636-M,Midgut,5342,5.4,TRANS-20,Alpheus cristulifrons,Subtidal cracks exposed,A. utriensis / A. cristulifrons,A. crinitus,A. cristulifrons,Yes,,Western Atlantic,Isla Grande,Colon area,True Sample,Snapping shrimp
7636-G,Istmo S13,E,8,7636-G,Gill,5342,5.4,TRANS-20,Alpheus cristulifrons,Subtidal cracks exposed,A. utriensis / A. cristulifrons,A. crinitus,A. cristulifrons,Yes,,Western Atlantic,Isla Grande,Colon area,True Sample,Snapping shrimp
7601-S,Istmo S13,E,9,7601-S,Stomach,5288,4.2,TRANS-20,Alpheus paracrinitus no spot,Subtidal cracks exposed,A. fasciatus / A. paracrinitus no spot,A. paracrinitus*,A. paracrinitus,Yes,,Western Atlantic,Isla Grande,Colon area,True Sample,Snapping shrimp
7601-M,Istmo S13,E,10,7601-M,Midgut,5288,4.2,TRANS-20,Alpheus paracrinitus no spot,Subtidal cracks exposed,A. fasciatus / A. paracrinitus no spot,A. paracrinitus*,A. paracrinitus,Yes,,Western Atlantic,Isla Grande,Colon area,True Sample,Snapping shrimp
7601-H,Istmo S13,E,11,7601-H,Hepatopancreas,5288,4.2,TRANS-20,Alpheus paracrinitus no spot,Subtidal cracks exposed,A. fasciatus / A. paracrinitus no spot,A. paracrinitus*,A. paracrinitus,Yes,,Western Atlantic,Isla Grande,Colon area,True Sample,Snapping shrimp
7601-G,Istmo S13,E,12,7601-G,Gill,5288,4.2,TRANS-20,Alpheus paracrinitus no spot,Subtidal cracks exposed,A. fasciatus / A. paracrinitus no spot,A. paracrinitus*,A. paracrinitus,Yes,,Western Atlantic,Isla Grande,Colon area,True Sample,Snapping shrimp
7601-E,Istmo S13,F,1,7601-E,Egg,5288,4.2,TRANS-20,Alpheus paracrinitus no spot,Subtidal cracks exposed,A. fasciatus / A. paracrinitus no spot,A. paracrinitus*,A. paracrinitus,Yes,,Western Atlantic,Isla Grande,Colon area,True Sample,Snapping shrimp
7609-S,Istmo S13,F,2,7609-S,Stomach,5263,6.7,TRANS-20,Alpheus formosus,Subtidal cracks exposed,A. panamensis / A. formosus,A. formosus*,A. formosus,Yes,,Western Atlantic,Isla Grande,Colon area,True Sample,Snapping shrimp
7609-M,Istmo S13,F,3,7609-M,Midgut,5263,6.7,TRANS-20,Alpheus formosus,Subtidal cracks exposed,A. panamensis / A. formosus,A. formosus*,A. formosus,Yes,,Western Atlantic,Isla Grande,Colon area,True Sample,Snapping shrimp
7609-H,Istmo S13,F,4,7609-H,Hepatopancreas,5263,6.7,TRANS-20,Alpheus formosus,Subtidal cracks exposed,A. panamensis / A. formosus,A. formosus*,A. formosus,Yes,,Western Atlantic,Isla Grande,Colon area,True Sample,Snapping shrimp
7609-G,Istmo S13,F,5,7609-G,Gill,5263,6.7,TRANS-20,Alpheus formosus,Subtidal cracks exposed,A. panamensis / A. formosus,A. formosus*,A. formosus,Yes,,Western Atlantic,Isla Grande,Colon area,True Sample,Snapping shrimp
7612-S,Istmo S13,F,6,7612-S,Stomach,5275,6,TRANS-20,Alpheus websteri,Subtidal cracks exposed,A. arenensis / A. websteri,A. formosus*,A. websteri,Yes,,Western Atlantic,Isla Grande,Colon area,True Sample,Snapping shrimp
7612-M,Istmo S13,F,7,7612-M,Midgut,5275,6,TRANS-20,Alpheus websteri,Subtidal cracks exposed,A. arenensis / A. websteri,A. formosus*,A. websteri,Yes,,Western Atlantic,Isla Grande,Colon area,True Sample,Snapping shrimp
7612-H,Istmo S13,F,8,7612-H,Hepatopancreas,5275,6,TRANS-20,Alpheus websteri,Subtidal cracks exposed,A. arenensis / A. websteri,A. formosus*,A. websteri,Yes,,Western Atlantic,Isla Grande,Colon area,True Sample,Snapping shrimp
7612-G,Istmo S13,F,9,7612-G,Gill,5275,6,TRANS-20,Alpheus websteri,Subtidal cracks exposed,A. arenensis / A. websteri,A. formosus*,A. websteri,Yes,,Western Atlantic,Isla Grande,Colon area,True Sample,Snapping shrimp
7612-E,Istmo S13,F,10,7612-E,Egg,5275,6,TRANS-20,Alpheus websteri,Subtidal cracks exposed,A. arenensis / A. websteri,A. formosus*,A. websteri,Yes,,Western Atlantic,Isla Grande,Colon area,True Sample,Snapping shrimp
7728-S,Istmo S13,F,11,7728-S,Stomach,5556,4.2,TRANS-24,Alpheus websteri,Subtidal cracks exposed,A. arenensis / A. websteri,A. formosus*,A. websteri,Yes,,Western Atlantic,Isla Grande,Colon area,True Sample,Snapping shrimp
7728-M,Istmo S13,F,12,7728-M,Midgut,5556,4.2,TRANS-24,Alpheus websteri,Subtidal cracks exposed,A. arenensis / A. websteri,A. formosus*,A. websteri,Yes,,Western Atlantic,Isla Grande,Colon area,True Sample,Snapping shrimp
7728-H,Istmo S13,G,1,7728-H,Hepatopancreas,5556,4.2,TRANS-24,Alpheus websteri,Subtidal cracks exposed,A. arenensis / A. websteri,A. formosus*,A. websteri,Yes,,Western Atlantic,Isla Grande,Colon area,True Sample,Snapping shrimp
7728-G,Istmo S13,G,2,7728-G,Gill,5556,4.2,TRANS-24,Alpheus websteri,Subtidal cracks exposed,A. arenensis / A. websteri,A. formosus*,A. websteri,Yes,,Western Atlantic,Isla Grande,Colon area,True Sample,Snapping shrimp
7726-S,Istmo S13,G,3,7726-S,Stomach,5569,3.7,TRANS-24,Alpheus websteri,Subtidal cracks exposed,A. arenensis / A. websteri,A. formosus*,A. websteri,Yes,,Western Atlantic,Isla Grande,Colon area,True Sample,Snapping shrimp
7726-M,Istmo S13,G,4,7726-M,Midgut,5569,3.7,TRANS-24,Alpheus websteri,Subtidal cracks exposed,A. arenensis / A. websteri,A. formosus*,A. websteri,Yes,,Western Atlantic,Isla Grande,Colon area,True Sample,Snapping shrimp
7726-H,Istmo S13,G,5,7726-H,Hepatopancreas,5569,3.7,TRANS-24,Alpheus websteri,Subtidal cracks exposed,A. arenensis / A. websteri,A. formosus*,A. websteri,Yes,,Western Atlantic,Isla Grande,Colon area,True Sample,Snapping shrimp
7726-G,Istmo S13,G,6,7726-G,Gill,5569,3.7,TRANS-24,Alpheus websteri,Subtidal cracks exposed,A. arenensis / A. websteri,A. formosus*,A. websteri,Yes,,Western Atlantic,Isla Grande,Colon area,True Sample,Snapping shrimp
7624-M,Istmo S13,G,7,7624-M,Midgut,5316,5.3,TRANS-20,Alpheus cristulifrons,Subtidal cracks exposed,A. utriensis / A. cristulifrons,A. crinitus,A. cristulifrons,Yes,Pair with 7625,Western Atlantic,Isla Grande,Colon area,True Sample,Snapping shrimp
7624-H,Istmo S13,G,8,7624-H,Hepatopancreas,5316,5.3,TRANS-20,Alpheus cristulifrons,Subtidal cracks exposed,A. utriensis / A. cristulifrons,A. crinitus,A. cristulifrons,Yes,Pair with 7625,Western Atlantic,Isla Grande,Colon area,True Sample,Snapping shrimp
7624-G,Istmo S13,G,9,7624-G,Gill,5316,5.3,TRANS-20,Alpheus cristulifrons,Subtidal cracks exposed,A. utriensis / A. cristulifrons,A. crinitus,A. cristulifrons,Yes,Pair with 7625,Western Atlantic,Isla Grande,Colon area,True Sample,Snapping shrimp
7753-G,Istmo S13,G,10,7753-G,Gill,5665,8,TRANS-27,Alpheus formosus,Subtidal cracks exposed,A. panamensis / A. formosus,A. formosus*,A. formosus,Yes,,Western Atlantic,Isla Grande,Colon area,True Sample,Snapping shrimp
7753-H,Istmo S13,G,11,7753-H,Hepatopancreas,5665,8,TRANS-27,Alpheus formosus,Subtidal cracks exposed,A. panamensis / A. formosus,A. formosus*,A. formosus,Yes,,Western Atlantic,Isla Grande,Colon area,True Sample,Snapping shrimp
7753-M,Istmo S13,G,12,7753-M,Midgut,5665,8,TRANS-27,Alpheus formosus,Subtidal cracks exposed,A. panamensis / A. formosus,A. formosus*,A. formosus,Yes,,Western Atlantic,Isla Grande,Colon area,True Sample,Snapping shrimp
7753-S,Istmo S13,H,1,7753-S,Stomach,5665,8,TRANS-27,Alpheus formosus,Subtidal cracks exposed,A. panamensis / A. formosus,A. formosus*,A. formosus,Yes,,Western Atlantic,Isla Grande,Colon area,True Sample,Snapping shrimp
7732-G,Istmo S13,H,2,7732-G,Gill,5574,7.5,TRANS-24,Alpheus websteri,Subtidal cracks exposed,A. arenensis / A. websteri,A. formosus*,A. websteri,Yes,,Western Atlantic,Isla Grande,Colon area,True Sample,Snapping shrimp
7732-H,Istmo S13,H,3,7732-H,Hepatopancreas,5574,7.5,TRANS-24,Alpheus websteri,Subtidal cracks exposed,A. arenensis / A. websteri,A. formosus*,A. websteri,Yes,,Western Atlantic,Isla Grande,Colon area,True Sample,Snapping shrimp
7732-M,Istmo S13,H,4,7732-M,Midgut,5574,7.5,TRANS-24,Alpheus websteri,Subtidal cracks exposed,A. arenensis / A. websteri,A. formosus*,A. websteri,Yes,,Western Atlantic,Isla Grande,Colon area,True Sample,Snapping shrimp
7732-S,Istmo S13,H,5,7732-S,Stomach,5574,7.5,TRANS-24,Alpheus websteri,Subtidal cracks exposed,A. arenensis / A. websteri,A. formosus*,A. websteri,Yes,,Western Atlantic,Isla Grande,Colon area,True Sample,Snapping shrimp
7637-G,Istmo S13,H,6,7637-G,Gill,5368,4.6,TRANS-21,Alpheus paracrinitus no spot,Subtidal cracks exposed,A. fasciatus / A. paracrinitus no spot,A. paracrinitus*,A. paracrinitus,Yes,,Western Atlantic,Isla Grande,Colon area,True Sample,Snapping shrimp
7637-H,Istmo S13,H,7,7637-H,Hepatopancreas,5368,4.6,TRANS-21,Alpheus paracrinitus no spot,Subtidal cracks exposed,A. fasciatus / A. paracrinitus no spot,A. paracrinitus*,A. paracrinitus,Yes,,Western Atlantic,Isla Grande,Colon area,True Sample,Snapping shrimp
7637-M,Istmo S13,H,8,7637-M,Midgut,5368,4.6,TRANS-21,Alpheus paracrinitus no spot,Subtidal cracks exposed,A. fasciatus / A. paracrinitus no spot,A. paracrinitus*,A. paracrinitus,Yes,,Western Atlantic,Isla Grande,Colon area,True Sample,Snapping shrimp
7637-S,Istmo S13,H,9,7637-S,Stomach,5368,4.6,TRANS-21,Alpheus paracrinitus no spot,Subtidal cracks exposed,A. fasciatus / A. paracrinitus no spot,A. paracrinitus*,A. paracrinitus,Yes,,Western Atlantic,Isla Grande,Colon area,True Sample,Snapping shrimp
Control-37,Istmo S13,H,10,Control-37,Control,Control,Control,Control,Control,Control,Control,Control,Control,Control,Control,Control,Control,Control,Control Sample,Control
Control-38,Istmo S13,H,11,Control-38,Control,Control,Control,Control,Control,Control,Control,Control,Control,Control,Control,Control,Control,Control,Control Sample,Control
Control-39,Istmo S13,H,12,Control-39,Control,Control,Control,Control,Control,Control,Control,Control,Control,Control,Control,Control,Control,Control,Control Sample,Control
7656-G,Istmo S14,A,1,7656-G,Gill,5354,6,TRANS-21,Alpheus bahamensis,Subtidal cracks exposed,no_pair,A. edwardsii 2,NA (sister to A. schmitti-A.umbo),Yes,Pair with 7655,Western Atlantic,Isla Grande,Colon area,True Sample,Snapping shrimp
7656-H,Istmo S14,A,2,7656-H,Hepatopancreas,5354,6,TRANS-21,Alpheus bahamensis,Subtidal cracks exposed,no_pair,A. edwardsii 2,NA (sister to A. schmitti-A.umbo),Yes,Pair with 7655,Western Atlantic,Isla Grande,Colon area,True Sample,Snapping shrimp
7656-M,Istmo S14,A,3,7656-M,Midgut,5354,6,TRANS-21,Alpheus bahamensis,Subtidal cracks exposed,no_pair,A. edwardsii 2,NA (sister to A. schmitti-A.umbo),Yes,Pair with 7655,Western Atlantic,Isla Grande,Colon area,True Sample,Snapping shrimp
7656-S,Istmo S14,A,4,7656-S,Stomach,5354,6,TRANS-21,Alpheus bahamensis,Subtidal cracks exposed,no_pair,A. edwardsii 2,NA (sister to A. schmitti-A.umbo),Yes,Pair with 7655,Western Atlantic,Isla Grande,Colon area,True Sample,Snapping shrimp
7656-E,Istmo S14,A,5,7656-E,Egg,5354,6,TRANS-21,Alpheus bahamensis,Subtidal cracks exposed,no_pair,A. edwardsii 2,NA (sister to A. schmitti-A.umbo),Yes,Pair with 7655,Western Atlantic,Isla Grande,Colon area,True Sample,Snapping shrimp
7727-G,Istmo S14,A,6,7727-G,Gill,5565,5.3,TRANS-24,Alpheus websteri,Subtidal cracks exposed,A. arenensis / A. websteri,A. formosus*,A. websteri,Yes,,Western Atlantic,Isla Grande,Colon area,True Sample,Snapping shrimp
7727-H,Istmo S14,A,7,7727-H,Hepatopancreas,5565,5.3,TRANS-24,Alpheus websteri,Subtidal cracks exposed,A. arenensis / A. websteri,A. formosus*,A. websteri,Yes,,Western Atlantic,Isla Grande,Colon area,True Sample,Snapping shrimp
7727-M,Istmo S14,A,8,7727-M,Midgut,5565,5.3,TRANS-24,Alpheus websteri,Subtidal cracks exposed,A. arenensis / A. websteri,A. formosus*,A. websteri,Yes,,Western Atlantic,Isla Grande,Colon area,True Sample,Snapping shrimp
7727-S,Istmo S14,A,9,7727-S,Stomach,5565,5.3,TRANS-24,Alpheus websteri,Subtidal cracks exposed,A. arenensis / A. websteri,A. formosus*,A. websteri,Yes,,Western Atlantic,Isla Grande,Colon area,True Sample,Snapping shrimp
7727-E,Istmo S14,A,10,7727-E,Egg,5565,5.3,TRANS-24,Alpheus websteri,Subtidal cracks exposed,A. arenensis / A. websteri,A. formosus*,A. websteri,Yes,,Western Atlantic,Isla Grande,Colon area,True Sample,Snapping shrimp
7607-G,Istmo S14,A,11,7607-G,Gill,5332,11.1,TRANS-20,Alpheus verrilli,Subtidal under rocks,A. hyeyoungae / A. verilli,A. edwardsii 1,A. armillatus,Yes,,Western Atlantic,Isla Grande,Colon area,True Sample,Snapping shrimp
7607-H,Istmo S14,A,12,7607-H,Hepatopancreas,5332,11.1,TRANS-20,Alpheus verrilli,Subtidal under rocks,A. hyeyoungae / A. verilli,A. edwardsii 1,A. armillatus,Yes,,Western Atlantic,Isla Grande,Colon area,True Sample,Snapping shrimp
7607-M,Istmo S14,B,1,7607-M,Midgut,5332,11.1,TRANS-20,Alpheus verrilli,Subtidal under rocks,A. hyeyoungae / A. verilli,A. edwardsii 1,A. armillatus,Yes,,Western Atlantic,Isla Grande,Colon area,True Sample,Snapping shrimp
7607-S,Istmo S14,B,2,7607-S,Stomach,5332,11.1,TRANS-20,Alpheus verrilli,Subtidal under rocks,A. hyeyoungae / A. verilli,A. edwardsii 1,A. armillatus,Yes,,Western Atlantic,Isla Grande,Colon area,True Sample,Snapping shrimp
7607-E,Istmo S14,B,3,7607-E,Egg,5332,11.1,TRANS-20,Alpheus verrilli,Subtidal under rocks,A. hyeyoungae / A. verilli,A. edwardsii 1,A. armillatus,Yes,,Western Atlantic,Isla Grande,Colon area,True Sample,Snapping shrimp
7752-E,Istmo S14,B,4,7752-E,Egg,5669,10.6,TRANS-27,Alpheus formosus,Subtidal cracks exposed,A. panamensis / A. formosus,A. formosus*,A. formosus,Yes,,Western Atlantic,Isla Grande,Colon area,True Sample,Snapping shrimp
7752-G,Istmo S14,B,5,7752-G,Gill,5669,10.6,TRANS-27,Alpheus formosus,Subtidal cracks exposed,A. panamensis / A. formosus,A. formosus*,A. formosus,Yes,,Western Atlantic,Isla Grande,Colon area,True Sample,Snapping shrimp
7752-H,Istmo S14,B,6,7752-H,Hepatopancreas,5669,10.6,TRANS-27,Alpheus formosus,Subtidal cracks exposed,A. panamensis / A. formosus,A. formosus*,A. formosus,Yes,,Western Atlantic,Isla Grande,Colon area,True Sample,Snapping shrimp
7752-M,Istmo S14,B,7,7752-M,Midgut,5669,10.6,TRANS-27,Alpheus formosus,Subtidal cracks exposed,A. panamensis / A. formosus,A. formosus*,A. formosus,Yes,,Western Atlantic,Isla Grande,Colon area,True Sample,Snapping shrimp
7752-S,Istmo S14,B,8,7752-S,Stomach,5669,10.6,TRANS-27,Alpheus formosus,Subtidal cracks exposed,A. panamensis / A. formosus,A. formosus*,A. formosus,Yes,,Western Atlantic,Isla Grande,Colon area,True Sample,Snapping shrimp
7702-E,Istmo S14,B,9,7702-E,Egg,5496,4.6,TRANS-23,Alpheus paracrinitus no spot,Subtidal cracks exposed,A. fasciatus / A. paracrinitus no spot,A. paracrinitus*,A. paracrinitus,Yes,,Western Atlantic,Isla Grande,Colon area,True Sample,Snapping shrimp
7702-G,Istmo S14,B,10,7702-G,Gill,5496,4.6,TRANS-23,Alpheus paracrinitus no spot,Subtidal cracks exposed,A. fasciatus / A. paracrinitus no spot,A. paracrinitus*,A. paracrinitus,Yes,,Western Atlantic,Isla Grande,Colon area,True Sample,Snapping shrimp
7702-H,Istmo S14,B,11,7702-H,Hepatopancreas,5496,4.6,TRANS-23,Alpheus paracrinitus no spot,Subtidal cracks exposed,A. fasciatus / A. paracrinitus no spot,A. paracrinitus*,A. paracrinitus,Yes,,Western Atlantic,Isla Grande,Colon area,True Sample,Snapping shrimp
7702-M,Istmo S14,B,12,7702-M,Midgut,5496,4.6,TRANS-23,Alpheus paracrinitus no spot,Subtidal cracks exposed,A. fasciatus / A. paracrinitus no spot,A. paracrinitus*,A. paracrinitus,Yes,,Western Atlantic,Isla Grande,Colon area,True Sample,Snapping shrimp
7702-S,Istmo S14,C,1,7702-S,Stomach,5496,4.6,TRANS-23,Alpheus paracrinitus no spot,Subtidal cracks exposed,A. fasciatus / A. paracrinitus no spot,A. paracrinitus*,A. paracrinitus,Yes,,Western Atlantic,Isla Grande,Colon area,True Sample,Snapping shrimp
7729-G,Istmo S14,C,2,7729-G,Gill,5554,4.1,TRANS-24,Alpheus websteri,Subtidal cracks exposed,A. arenensis / A. websteri,A. formosus*,A. websteri,Yes,,Western Atlantic,Isla Grande,Colon area,True Sample,Snapping shrimp
7729-H,Istmo S14,C,3,7729-H,Hepatopancreas,5554,4.1,TRANS-24,Alpheus websteri,Subtidal cracks exposed,A. arenensis / A. websteri,A. formosus*,A. websteri,Yes,,Western Atlantic,Isla Grande,Colon area,True Sample,Snapping shrimp
7729-M,Istmo S14,C,4,7729-M,Midgut,5554,4.1,TRANS-24,Alpheus websteri,Subtidal cracks exposed,A. arenensis / A. websteri,A. formosus*,A. websteri,Yes,,Western Atlantic,Isla Grande,Colon area,True Sample,Snapping shrimp
7729-S,Istmo S14,C,5,7729-S,Stomach,5554,4.1,TRANS-24,Alpheus websteri,Subtidal cracks exposed,A. arenensis / A. websteri,A. formosus*,A. websteri,Yes,,Western Atlantic,Isla Grande,Colon area,True Sample,Snapping shrimp
7685-E,Istmo S14,C,6,7685-E,Egg,5439,10.5,TRANS-23,Alpheus floridanus,Burrows,A. hephaestus / A. floridanus,A. brevirostris,A. floridanus,Yes,,Western Atlantic,Isla Grande,Colon area,True Sample,Snapping shrimp
7685-G,Istmo S14,C,7,7685-G,Gill,5439,10.5,TRANS-23,Alpheus floridanus,Burrows,A. hephaestus / A. floridanus,A. brevirostris,A. floridanus,Yes,,Western Atlantic,Isla Grande,Colon area,True Sample,Snapping shrimp
7685-H,Istmo S14,C,8,7685-H,Hepatopancreas,5439,10.5,TRANS-23,Alpheus floridanus,Burrows,A. hephaestus / A. floridanus,A. brevirostris,A. floridanus,Yes,,Western Atlantic,Isla Grande,Colon area,True Sample,Snapping shrimp
7685-M,Istmo S14,C,9,7685-M,Midgut,5439,10.5,TRANS-23,Alpheus floridanus,Burrows,A. hephaestus / A. floridanus,A. brevirostris,A. floridanus,Yes,,Western Atlantic,Isla Grande,Colon area,True Sample,Snapping shrimp
7685-S,Istmo S14,C,10,7685-S,Stomach,5439,10.5,TRANS-23,Alpheus floridanus,Burrows,A. hephaestus / A. floridanus,A. brevirostris,A. floridanus,Yes,,Western Atlantic,Isla Grande,Colon area,True Sample,Snapping shrimp
7751-G,Istmo S14,C,11,7751-G,Gill,5671,7.9,TRANS-27,Alpheus formosus,Subtidal cracks exposed,A. panamensis / A. formosus,A. formosus*,A. formosus,Yes,,Western Atlantic,Isla Grande,Colon area,True Sample,Snapping shrimp
7751-H,Istmo S14,C,12,7751-H,Hepatopancreas,5671,7.9,TRANS-27,Alpheus formosus,Subtidal cracks exposed,A. panamensis / A. formosus,A. formosus*,A. formosus,Yes,,Western Atlantic,Isla Grande,Colon area,True Sample,Snapping shrimp
7751-M,Istmo S14,D,1,7751-M,Midgut,5671,7.9,TRANS-27,Alpheus formosus,Subtidal cracks exposed,A. panamensis / A. formosus,A. formosus*,A. formosus,Yes,,Western Atlantic,Isla Grande,Colon area,True Sample,Snapping shrimp
7751-S,Istmo S14,D,2,7751-S,Stomach,5671,7.9,TRANS-27,Alpheus formosus,Subtidal cracks exposed,A. panamensis / A. formosus,A. formosus*,A. formosus,Yes,,Western Atlantic,Isla Grande,Colon area,True Sample,Snapping shrimp
7708-E,Istmo S14,D,3,7708-E,Egg,5504,6.4,TRANS-24,Alpheus paraformosus,Subtidal cracks exposed,no_pair,A. formosus*,A. formosus,Yes,Pair with 7709,Western Atlantic,Isla Grande,Colon area,True Sample,Snapping shrimp
7708-G,Istmo S14,D,4,7708-G,Gill,5504,6.4,TRANS-24,Alpheus paraformosus,Subtidal cracks exposed,no_pair,A. formosus*,A. formosus,Yes,Pair with 7709,Western Atlantic,Isla Grande,Colon area,True Sample,Snapping shrimp
7708-H,Istmo S14,D,5,7708-H,Hepatopancreas,5504,6.4,TRANS-24,Alpheus paraformosus,Subtidal cracks exposed,no_pair,A. formosus*,A. formosus,Yes,Pair with 7709,Western Atlantic,Isla Grande,Colon area,True Sample,Snapping shrimp
7708-M,Istmo S14,D,6,7708-M,Midgut,5504,6.4,TRANS-24,Alpheus paraformosus,Subtidal cracks exposed,no_pair,A. formosus*,A. formosus,Yes,Pair with 7709,Western Atlantic,Isla Grande,Colon area,True Sample,Snapping shrimp
7708-S,Istmo S14,D,7,7708-S,Stomach,5504,6.4,TRANS-24,Alpheus paraformosus,Subtidal cracks exposed,no_pair,A. formosus*,A. formosus,Yes,Pair with 7709,Western Atlantic,Isla Grande,Colon area,True Sample,Snapping shrimp
7731-E,Istmo S14,D,8,7731-E,Egg,5572,7.5,TRANS-24,Alpheus websteri,Subtidal cracks exposed,A. arenensis / A. websteri,A. formosus*,A. websteri,Yes,,Western Atlantic,Isla Grande,Colon area,True Sample,Snapping shrimp
7731-G,Istmo S14,D,9,7731-G,Gill,5572,7.5,TRANS-24,Alpheus websteri,Subtidal cracks exposed,A. arenensis / A. websteri,A. formosus*,A. websteri,Yes,,Western Atlantic,Isla Grande,Colon area,True Sample,Snapping shrimp
7731-H,Istmo S14,D,10,7731-H,Hepatopancreas,5572,7.5,TRANS-24,Alpheus websteri,Subtidal cracks exposed,A. arenensis / A. websteri,A. formosus*,A. websteri,Yes,,Western Atlantic,Isla Grande,Colon area,True Sample,Snapping shrimp
7731-M,Istmo S14,D,11,7731-M,Midgut,5572,7.5,TRANS-24,Alpheus websteri,Subtidal cracks exposed,A. arenensis / A. websteri,A. formosus*,A. websteri,Yes,,Western Atlantic,Isla Grande,Colon area,True Sample,Snapping shrimp
7731-S,Istmo S14,D,12,7731-S,Stomach,5572,7.5,TRANS-24,Alpheus websteri,Subtidal cracks exposed,A. arenensis / A. websteri,A. formosus*,A. websteri,Yes,,Western Atlantic,Isla Grande,Colon area,True Sample,Snapping shrimp
7632-S,Istmo S14,E,1,7632-S,Stomach,5348,5.6,TRANS-20,Alpheus cristulifrons,Subtidal cracks exposed,A. utriensis / A. cristulifrons,A. crinitus,A. cristulifrons,Yes,,Western Atlantic,Isla Grande,Colon area,True Sample,Snapping shrimp
7632-M,Istmo S14,E,2,7632-M,Midgut,5348,5.6,TRANS-20,Alpheus cristulifrons,Subtidal cracks exposed,A. utriensis / A. cristulifrons,A. crinitus,A. cristulifrons,Yes,,Western Atlantic,Isla Grande,Colon area,True Sample,Snapping shrimp
7632-H,Istmo S14,E,3,7632-H,Hepatopancreas,5348,5.6,TRANS-20,Alpheus cristulifrons,Subtidal cracks exposed,A. utriensis / A. cristulifrons,A. crinitus,A. cristulifrons,Yes,,Western Atlantic,Isla Grande,Colon area,True Sample,Snapping shrimp
7632-G,Istmo S14,E,4,7632-G,Gill,5348,5.6,TRANS-20,Alpheus cristulifrons,Subtidal cracks exposed,A. utriensis / A. cristulifrons,A. crinitus,A. cristulifrons,Yes,,Western Atlantic,Isla Grande,Colon area,True Sample,Snapping shrimp
7632-E,Istmo S14,E,5,7632-E,Egg,5348,5.6,TRANS-20,Alpheus cristulifrons,Subtidal cracks exposed,A. utriensis / A. cristulifrons,A. crinitus,A. cristulifrons,Yes,,Western Atlantic,Isla Grande,Colon area,True Sample,Snapping shrimp
7706-S,Istmo S14,E,6,7706-S,Stomach,5518,5.7,TRANS-24,Alpheus paraformosus,Subtidal cracks exposed,no_pair,A. formosus*,A. formosus,Yes,,Western Atlantic,Isla Grande,Colon area,True Sample,Snapping shrimp
7706-M,Istmo S14,E,7,7706-M,Midgut,5518,5.7,TRANS-24,Alpheus paraformosus,Subtidal cracks exposed,no_pair,A. formosus*,A. formosus,Yes,,Western Atlantic,Isla Grande,Colon area,True Sample,Snapping shrimp
7706-H,Istmo S14,E,8,7706-H,Hepatopancreas,5518,5.7,TRANS-24,Alpheus paraformosus,Subtidal cracks exposed,no_pair,A. formosus*,A. formosus,Yes,,Western Atlantic,Isla Grande,Colon area,True Sample,Snapping shrimp
7706-G,Istmo S14,E,9,7706-G,Gill,5518,5.7,TRANS-24,Alpheus paraformosus,Subtidal cracks exposed,no_pair,A. formosus*,A. formosus,Yes,,Western Atlantic,Isla Grande,Colon area,True Sample,Snapping shrimp
7706-E,Istmo S14,E,10,7706-E,Egg,5518,5.7,TRANS-24,Alpheus paraformosus,Subtidal cracks exposed,no_pair,A. formosus*,A. formosus,Yes,,Western Atlantic,Isla Grande,Colon area,True Sample,Snapping shrimp
7606-S,Istmo S14,E,11,7606-S,Stomach,5330,13.6,TRANS-20,Alpheus verrilli,Subtidal under rocks,A. hyeyoungae / A. verilli,A. edwardsii 1,A. armillatus,Yes,,Western Atlantic,Isla Grande,Colon area,True Sample,Snapping shrimp
7606-M,Istmo S14,E,12,7606-M,Midgut,5330,13.6,TRANS-20,Alpheus verrilli,Subtidal under rocks,A. hyeyoungae / A. verilli,A. edwardsii 1,A. armillatus,Yes,,Western Atlantic,Isla Grande,Colon area,True Sample,Snapping shrimp
7606-H,Istmo S14,F,1,7606-H,Hepatopancreas,5330,13.6,TRANS-20,Alpheus verrilli,Subtidal under rocks,A. hyeyoungae / A. verilli,A. edwardsii 1,A. armillatus,Yes,,Western Atlantic,Isla Grande,Colon area,True Sample,Snapping shrimp
7606-G,Istmo S14,F,2,7606-G,Gill,5330,13.6,TRANS-20,Alpheus verrilli,Subtidal under rocks,A. hyeyoungae / A. verilli,A. edwardsii 1,A. armillatus,Yes,,Western Atlantic,Isla Grande,Colon area,True Sample,Snapping shrimp
7606-E,Istmo S14,F,3,7606-E,Egg,5330,13.6,TRANS-20,Alpheus verrilli,Subtidal under rocks,A. hyeyoungae / A. verilli,A. edwardsii 1,A. armillatus,Yes,,Western Atlantic,Isla Grande,Colon area,True Sample,Snapping shrimp
7580-S,Istmo S14,F,4,7580-S,Stomach,5235,5.8,TRANS-18,Alpheus bouvieri,Intertidal cracks rocks,A. javieri / A. bouvieri,A. leviusculus 1,A. bouvieri,Yes,Pair with 7581,Western Atlantic,Bocas del Toro,Bocas del Toro,True Sample,Snapping shrimp
7580-M,Istmo S14,F,5,7580-M,Midgut,5235,5.8,TRANS-18,Alpheus bouvieri,Intertidal cracks rocks,A. javieri / A. bouvieri,A. leviusculus 1,A. bouvieri,Yes,Pair with 7581,Western Atlantic,Bocas del Toro,Bocas del Toro,True Sample,Snapping shrimp
7580-H,Istmo S14,F,6,7580-H,Hepatopancreas,5235,5.8,TRANS-18,Alpheus bouvieri,Intertidal cracks rocks,A. javieri / A. bouvieri,A. leviusculus 1,A. bouvieri,Yes,Pair with 7581,Western Atlantic,Bocas del Toro,Bocas del Toro,True Sample,Snapping shrimp
7580-G,Istmo S14,F,7,7580-G,Gill,5235,5.8,TRANS-18,Alpheus bouvieri,Intertidal cracks rocks,A. javieri / A. bouvieri,A. leviusculus 1,A. bouvieri,Yes,Pair with 7581,Western Atlantic,Bocas del Toro,Bocas del Toro,True Sample,Snapping shrimp
7538-S,Istmo S14,F,8,7538-S,Stomach,5141,5.7,TRANS-17,Alpheus cristulifrons,Subtidal cracks exposed,A. utriensis / A. cristulifrons,A. crinitus,A. cristulifrons,Yes,Pair with 7537,Western Atlantic,Bocas del Toro,Bocas del Toro,True Sample,Snapping shrimp
7538-M,Istmo S14,F,9,7538-M,Midgut,5141,5.7,TRANS-17,Alpheus cristulifrons,Subtidal cracks exposed,A. utriensis / A. cristulifrons,A. crinitus,A. cristulifrons,Yes,Pair with 7537,Western Atlantic,Bocas del Toro,Bocas del Toro,True Sample,Snapping shrimp
7538-H,Istmo S14,F,10,7538-H,Hepatopancreas,5141,5.7,TRANS-17,Alpheus cristulifrons,Subtidal cracks exposed,A. utriensis / A. cristulifrons,A. crinitus,A. cristulifrons,Yes,Pair with 7537,Western Atlantic,Bocas del Toro,Bocas del Toro,True Sample,Snapping shrimp
7538-G,Istmo S14,F,11,7538-G,Gill,5141,5.7,TRANS-17,Alpheus cristulifrons,Subtidal cracks exposed,A. utriensis / A. cristulifrons,A. crinitus,A. cristulifrons,Yes,Pair with 7537,Western Atlantic,Bocas del Toro,Bocas del Toro,True Sample,Snapping shrimp
7713-S,Istmo S14,F,12,7713-S,Stomach,5512,6.9,TRANS-24,Alpheus formosus,Subtidal cracks exposed,A. panamensis / A. formosus,A. formosus*,A. formosus,Yes,,Western Atlantic,Isla Grande,Colon area,True Sample,Snapping shrimp
7713-M,Istmo S14,G,1,7713-M,Midgut,5512,6.9,TRANS-24,Alpheus formosus,Subtidal cracks exposed,A. panamensis / A. formosus,A. formosus*,A. formosus,Yes,,Western Atlantic,Isla Grande,Colon area,True Sample,Snapping shrimp
7713-H,Istmo S14,G,2,7713-H,Hepatopancreas,5512,6.9,TRANS-24,Alpheus formosus,Subtidal cracks exposed,A. panamensis / A. formosus,A. formosus*,A. formosus,Yes,,Western Atlantic,Isla Grande,Colon area,True Sample,Snapping shrimp
7713-G,Istmo S14,G,3,7713-G,Gill,5512,6.9,TRANS-24,Alpheus formosus,Subtidal cracks exposed,A. panamensis / A. formosus,A. formosus*,A. formosus,Yes,,Western Atlantic,Isla Grande,Colon area,True Sample,Snapping shrimp
7416-S,Istmo S14,G,4,7416-S,Stomach,4745,7.5,TRANS-11,Alpheus thomasi,Subtidal cracks exposed,no_pair,A. formosus*,NA (sister to A. websteri-A.fagei),Yes,,Western Atlantic,Bocas del Toro,Bocas del Toro,True Sample,Snapping shrimp
7416-M,Istmo S14,G,5,7416-M,Midgut,4745,7.5,TRANS-11,Alpheus thomasi,Subtidal cracks exposed,no_pair,A. formosus*,NA (sister to A. websteri-A.fagei),Yes,,Western Atlantic,Bocas del Toro,Bocas del Toro,True Sample,Snapping shrimp
7416-H,Istmo S14,G,6,7416-H,Hepatopancreas,4745,7.5,TRANS-11,Alpheus thomasi,Subtidal cracks exposed,no_pair,A. formosus*,NA (sister to A. websteri-A.fagei),Yes,,Western Atlantic,Bocas del Toro,Bocas del Toro,True Sample,Snapping shrimp
7416-G,Istmo S14,G,7,7416-G,Gill,4745,7.5,TRANS-11,Alpheus thomasi,Subtidal cracks exposed,no_pair,A. formosus*,NA (sister to A. websteri-A.fagei),Yes,,Western Atlantic,Bocas del Toro,Bocas del Toro,True Sample,Snapping shrimp
7650-S,Istmo S14,G,8,7650-S,Stomach,5359,6.4,TRANS-21,Alpheus bahamensis,Subtidal cracks exposed,no_pair,A. edwardsii 2,NA (sister to A. schmitti-A.umbo),Yes,,Western Atlantic,Isla Grande,Colon area,True Sample,Snapping shrimp
7650-M,Istmo S14,G,9,7650-M,Midgut,5359,6.4,TRANS-21,Alpheus bahamensis,Subtidal cracks exposed,no_pair,A. edwardsii 2,NA (sister to A. schmitti-A.umbo),Yes,,Western Atlantic,Isla Grande,Colon area,True Sample,Snapping shrimp
7650-H,Istmo S14,G,10,7650-H,Hepatopancreas,5359,6.4,TRANS-21,Alpheus bahamensis,Subtidal cracks exposed,no_pair,A. edwardsii 2,NA (sister to A. schmitti-A.umbo),Yes,,Western Atlantic,Isla Grande,Colon area,True Sample,Snapping shrimp
7650-G,Istmo S14,G,11,7650-G,Gill,5359,6.4,TRANS-21,Alpheus bahamensis,Subtidal cracks exposed,no_pair,A. edwardsii 2,NA (sister to A. schmitti-A.umbo),Yes,,Western Atlantic,Isla Grande,Colon area,True Sample,Snapping shrimp
7608-S,Istmo S14,G,12,7608-S,Stomach,5261,7.2,TRANS-20,Alpheus formosus,Subtidal cracks exposed,A. panamensis / A. formosus,A. formosus*,A. formosus,Yes,,Western Atlantic,Isla Grande,Colon area,True Sample,Snapping shrimp
7608-M,Istmo S14,H,1,7608-M,Midgut,5261,7.2,TRANS-20,Alpheus formosus,Subtidal cracks exposed,A. panamensis / A. formosus,A. formosus*,A. formosus,Yes,,Western Atlantic,Isla Grande,Colon area,True Sample,Snapping shrimp
7608-H,Istmo S14,H,2,7608-H,Hepatopancreas,5261,7.2,TRANS-20,Alpheus formosus,Subtidal cracks exposed,A. panamensis / A. formosus,A. formosus*,A. formosus,Yes,,Western Atlantic,Isla Grande,Colon area,True Sample,Snapping shrimp
7608-G,Istmo S14,H,3,7608-G,Gill,5261,7.2,TRANS-20,Alpheus formosus,Subtidal cracks exposed,A. panamensis / A. formosus,A. formosus*,A. formosus,Yes,,Western Atlantic,Isla Grande,Colon area,True Sample,Snapping shrimp
7474-S,Istmo S14,H,4,7474-S,Stomach,4896,8,TRANS-12,Alpheus bahamensis,Subtidal cracks exposed,no_pair,A. edwardsii 2,NA (sister to A. schmitti-A.umbo),Yes,,Western Atlantic,Bocas del Toro,Bocas del Toro,True Sample,Snapping shrimp
7474-M,Istmo S14,H,5,7474-M,Midgut,4896,8,TRANS-12,Alpheus bahamensis,Subtidal cracks exposed,no_pair,A. edwardsii 2,NA (sister to A. schmitti-A.umbo),Yes,,Western Atlantic,Bocas del Toro,Bocas del Toro,True Sample,Snapping shrimp
7474-H,Istmo S14,H,6,7474-H,Hepatopancreas,4896,8,TRANS-12,Alpheus bahamensis,Subtidal cracks exposed,no_pair,A. edwardsii 2,NA (sister to A. schmitti-A.umbo),Yes,,Western Atlantic,Bocas del Toro,Bocas del Toro,True Sample,Snapping shrimp
7474-G,Istmo S14,H,7,7474-G,Gill,4896,8,TRANS-12,Alpheus bahamensis,Subtidal cracks exposed,no_pair,A. edwardsii 2,NA (sister to A. schmitti-A.umbo),Yes,,Western Atlantic,Bocas del Toro,Bocas del Toro,True Sample,Snapping shrimp
7476-S,Istmo S14,H,8,7476-S,Stomach,4898,7.7,TRANS-12,Alpheus bahamensis,Subtidal cracks exposed,no_pair,A. edwardsii 2,NA (sister to A. schmitti-A.umbo),Yes,Pair with 7477,Western Atlantic,Bocas del Toro,Bocas del Toro,True Sample,Snapping shrimp
7476-M,Istmo S14,H,9,7476-M,Midgut,4898,7.7,TRANS-12,Alpheus bahamensis,Subtidal cracks exposed,no_pair,A. edwardsii 2,NA (sister to A. schmitti-A.umbo),Yes,Pair with 7477,Western Atlantic,Bocas del Toro,Bocas del Toro,True Sample,Snapping shrimp
Control-40,Istmo S14,H,10,Control-40,Control,Control,Control,Control,Control,Control,Control,Control,Control,Control,Control,Control,Control,Control,Control Sample,Control
Control-41,Istmo S14,H,11,Control-41,Control,Control,Control,Control,Control,Control,Control,Control,Control,Control,Control,Control,Control,Control,Control Sample,Control
Control-42,Istmo S14,H,12,Control-42,Control,Control,Control,Control,Control,Control,Control,Control,Control,Control,Control,Control,Control,Control,Control Sample,Control
7476-G,Istmo S15,A,1,7476-G,Gill,4898,7.7,TRANS-12,Alpheus bahamensis,Subtidal cracks exposed,no_pair,A. edwardsii 2,NA (sister to A. schmitti-A.umbo),Yes,Pair with 7477,Western Atlantic,Bocas del Toro,Bocas del Toro,True Sample,Snapping shrimp
7476-H,Istmo S15,A,2,7476-H,Hepatopancreas,4898,7.7,TRANS-12,Alpheus bahamensis,Subtidal cracks exposed,no_pair,A. edwardsii 2,NA (sister to A. schmitti-A.umbo),Yes,Pair with 7477,Western Atlantic,Bocas del Toro,Bocas del Toro,True Sample,Snapping shrimp
7544-G,Istmo S15,A,3,7544-G,Gill,5154,7.4,TRANS-17,Alpheus thomasi,Subtidal cracks exposed,no_pair,A. formosus*,NA (sister to A. websteri-A.fagei),Yes,,Western Atlantic,Bocas del Toro,Bocas del Toro,True Sample,Snapping shrimp
7544-H,Istmo S15,A,4,7544-H,Hepatopancreas,5154,7.4,TRANS-17,Alpheus thomasi,Subtidal cracks exposed,no_pair,A. formosus*,NA (sister to A. websteri-A.fagei),Yes,,Western Atlantic,Bocas del Toro,Bocas del Toro,True Sample,Snapping shrimp
7544-M,Istmo S15,A,5,7544-M,Midgut,5154,7.4,TRANS-17,Alpheus thomasi,Subtidal cracks exposed,no_pair,A. formosus*,NA (sister to A. websteri-A.fagei),Yes,,Western Atlantic,Bocas del Toro,Bocas del Toro,True Sample,Snapping shrimp
7544-S,Istmo S15,A,6,7544-S,Stomach,5154,7.4,TRANS-17,Alpheus thomasi,Subtidal cracks exposed,no_pair,A. formosus*,NA (sister to A. websteri-A.fagei),Yes,,Western Atlantic,Bocas del Toro,Bocas del Toro,True Sample,Snapping shrimp
7712-G,Istmo S15,A,7,7712-G,Gill,5506,6.8,TRANS-24,Alpheus formosus,Subtidal cracks exposed,A. panamensis / A. formosus,A. formosus*,A. formosus,Yes,,Western Atlantic,Isla Grande,Colon area,True Sample,Snapping shrimp
7712-H,Istmo S15,A,8,7712-H,Hepatopancreas,5506,6.8,TRANS-24,Alpheus formosus,Subtidal cracks exposed,A. panamensis / A. formosus,A. formosus*,A. formosus,Yes,,Western Atlantic,Isla Grande,Colon area,True Sample,Snapping shrimp
7712-M,Istmo S15,A,9,7712-M,Midgut,5506,6.8,TRANS-24,Alpheus formosus,Subtidal cracks exposed,A. panamensis / A. formosus,A. formosus*,A. formosus,Yes,,Western Atlantic,Isla Grande,Colon area,True Sample,Snapping shrimp
7712-S,Istmo S15,A,10,7712-S,Stomach,5506,6.8,TRANS-24,Alpheus formosus,Subtidal cracks exposed,A. panamensis / A. formosus,A. formosus*,A. formosus,Yes,,Western Atlantic,Isla Grande,Colon area,True Sample,Snapping shrimp
7458-G,Istmo S15,A,11,7458-G,Gill,4805,6,TRANS-11,Alpheus formosus,Subtidal cracks exposed,A. panamensis / A. formosus,A. formosus*,A. formosus,Yes,,Western Atlantic,Bocas del Toro,Bocas del Toro,True Sample,Snapping shrimp
7458-H,Istmo S15,A,12,7458-H,Hepatopancreas,4805,6,TRANS-11,Alpheus formosus,Subtidal cracks exposed,A. panamensis / A. formosus,A. formosus*,A. formosus,Yes,,Western Atlantic,Bocas del Toro,Bocas del Toro,True Sample,Snapping shrimp
7458-S,Istmo S15,B,1,7458-S,Stomach,4805,6,TRANS-11,Alpheus formosus,Subtidal cracks exposed,A. panamensis / A. formosus,A. formosus*,A. formosus,Yes,,Western Atlantic,Bocas del Toro,Bocas del Toro,True Sample,Snapping shrimp
7391-G,Istmo S15,B,2,7391-G,Gill,4538,7.5,TRANS-09,Alpheus thomasi,Subtidal cracks exposed,no_pair,A. formosus*,NA (sister to A. websteri-A.fagei),Yes,,Western Atlantic,Bocas del Toro,Bocas del Toro,True Sample,Snapping shrimp
7391-H,Istmo S15,B,3,7391-H,Hepatopancreas,4538,7.5,TRANS-09,Alpheus thomasi,Subtidal cracks exposed,no_pair,A. formosus*,NA (sister to A. websteri-A.fagei),Yes,,Western Atlantic,Bocas del Toro,Bocas del Toro,True Sample,Snapping shrimp
7391-M,Istmo S15,B,4,7391-M,Midgut,4538,7.5,TRANS-09,Alpheus thomasi,Subtidal cracks exposed,no_pair,A. formosus*,NA (sister to A. websteri-A.fagei),Yes,,Western Atlantic,Bocas del Toro,Bocas del Toro,True Sample,Snapping shrimp
7391-S,Istmo S15,B,5,7391-S,Stomach,4538,7.5,TRANS-09,Alpheus thomasi,Subtidal cracks exposed,no_pair,A. formosus*,NA (sister to A. websteri-A.fagei),Yes,,Western Atlantic,Bocas del Toro,Bocas del Toro,True Sample,Snapping shrimp
7442-G,Istmo S15,B,6,7442-G,Gill,4845,3.5,TRANS-11,Alpheus paracrinitus with spot,Subtidal cracks exposed,A. rostratus / A. paracrinitus with spot,A. paracrinitus*,A. paracrinitus,Yes,,Western Atlantic,Bocas del Toro,Bocas del Toro,True Sample,Snapping shrimp
7442-H,Istmo S15,B,7,7442-H,Hepatopancreas,4845,3.5,TRANS-11,Alpheus paracrinitus with spot,Subtidal cracks exposed,A. rostratus / A. paracrinitus with spot,A. paracrinitus*,A. paracrinitus,Yes,,Western Atlantic,Bocas del Toro,Bocas del Toro,True Sample,Snapping shrimp
7442-M,Istmo S15,B,8,7442-M,Midgut,4845,3.5,TRANS-11,Alpheus paracrinitus with spot,Subtidal cracks exposed,A. rostratus / A. paracrinitus with spot,A. paracrinitus*,A. paracrinitus,Yes,,Western Atlantic,Bocas del Toro,Bocas del Toro,True Sample,Snapping shrimp
7442-S,Istmo S15,B,9,7442-S,Stomach,4845,3.5,TRANS-11,Alpheus paracrinitus with spot,Subtidal cracks exposed,A. rostratus / A. paracrinitus with spot,A. paracrinitus*,A. paracrinitus,Yes,,Western Atlantic,Bocas del Toro,Bocas del Toro,True Sample,Snapping shrimp
7426-G,Istmo S15,B,10,7426-G,Gill,4768,7.1,TRANS-11,Alpheus nuttingi,Subtidal cracks exposed,A. millsae / A. nuttingi,A. edwardsii 1,A. nuttingi,Yes,,Western Atlantic,Bocas del Toro,Bocas del Toro,True Sample,Snapping shrimp
7426-H,Istmo S15,B,11,7426-H,Hepatopancreas,4768,7.1,TRANS-11,Alpheus nuttingi,Subtidal cracks exposed,A. millsae / A. nuttingi,A. edwardsii 1,A. nuttingi,Yes,,Western Atlantic,Bocas del Toro,Bocas del Toro,True Sample,Snapping shrimp
7426-M,Istmo S15,B,12,7426-M,Midgut,4768,7.1,TRANS-11,Alpheus nuttingi,Subtidal cracks exposed,A. millsae / A. nuttingi,A. edwardsii 1,A. nuttingi,Yes,,Western Atlantic,Bocas del Toro,Bocas del Toro,True Sample,Snapping shrimp
7426-S,Istmo S15,C,1,7426-S,Stomach,4768,7.1,TRANS-11,Alpheus nuttingi,Subtidal cracks exposed,A. millsae / A. nuttingi,A. edwardsii 1,A. nuttingi,Yes,,Western Atlantic,Bocas del Toro,Bocas del Toro,True Sample,Snapping shrimp
7529-E,Istmo S15,C,2,7529-E,Egg,5105,8.6,TRANS-16,Alpheus nuttingi,Subtidal cracks exposed,A. millsae / A. nuttingi,A. edwardsii 1,A. nuttingi,Yes,Pair with 7528,Western Atlantic,Bocas del Toro,Bocas del Toro,True Sample,Snapping shrimp
7529-G,Istmo S15,C,3,7529-G,Gill,5105,8.6,TRANS-16,Alpheus nuttingi,Subtidal cracks exposed,A. millsae / A. nuttingi,A. edwardsii 1,A. nuttingi,Yes,Pair with 7528,Western Atlantic,Bocas del Toro,Bocas del Toro,True Sample,Snapping shrimp
7529-H,Istmo S15,C,4,7529-H,Hepatopancreas,5105,8.6,TRANS-16,Alpheus nuttingi,Subtidal cracks exposed,A. millsae / A. nuttingi,A. edwardsii 1,A. nuttingi,Yes,Pair with 7528,Western Atlantic,Bocas del Toro,Bocas del Toro,True Sample,Snapping shrimp
7529-M,Istmo S15,C,5,7529-M,Midgut,5105,8.6,TRANS-16,Alpheus nuttingi,Subtidal cracks exposed,A. millsae / A. nuttingi,A. edwardsii 1,A. nuttingi,Yes,Pair with 7528,Western Atlantic,Bocas del Toro,Bocas del Toro,True Sample,Snapping shrimp
7529-S,Istmo S15,C,6,7529-S,Stomach,5105,8.6,TRANS-16,Alpheus nuttingi,Subtidal cracks exposed,A. millsae / A. nuttingi,A. edwardsii 1,A. nuttingi,Yes,Pair with 7528,Western Atlantic,Bocas del Toro,Bocas del Toro,True Sample,Snapping shrimp
7472-G,Istmo S15,C,7,7472-G,Gill,4900,6.8,TRANS-12,Alpheus bahamensis,Subtidal cracks exposed,no_pair,A. edwardsii 2,NA (sister to A. schmitti-A.umbo),Yes,,Western Atlantic,Bocas del Toro,Bocas del Toro,True Sample,Snapping shrimp
7472-H,Istmo S15,C,8,7472-H,Hepatopancreas,4900,6.8,TRANS-12,Alpheus bahamensis,Subtidal cracks exposed,no_pair,A. edwardsii 2,NA (sister to A. schmitti-A.umbo),Yes,,Western Atlantic,Bocas del Toro,Bocas del Toro,True Sample,Snapping shrimp
7472-M,Istmo S15,C,9,7472-M,Midgut,4900,6.8,TRANS-12,Alpheus bahamensis,Subtidal cracks exposed,no_pair,A. edwardsii 2,NA (sister to A. schmitti-A.umbo),Yes,,Western Atlantic,Bocas del Toro,Bocas del Toro,True Sample,Snapping shrimp
7472-S,Istmo S15,C,10,7472-S,Stomach,4900,6.8,TRANS-12,Alpheus bahamensis,Subtidal cracks exposed,no_pair,A. edwardsii 2,NA (sister to A. schmitti-A.umbo),Yes,,Western Atlantic,Bocas del Toro,Bocas del Toro,True Sample,Snapping shrimp
7421-G,Istmo S15,C,11,7421-G,Gill,4757,6.9,TRANS-11,Alpheus websteri,Subtidal cracks exposed,A. arenensis / A. websteri,A. formosus*,A. websteri,Yes,,Western Atlantic,Bocas del Toro,Bocas del Toro,True Sample,Snapping shrimp
7421-H,Istmo S15,C,12,7421-H,Hepatopancreas,4757,6.9,TRANS-11,Alpheus websteri,Subtidal cracks exposed,A. arenensis / A. websteri,A. formosus*,A. websteri,Yes,,Western Atlantic,Bocas del Toro,Bocas del Toro,True Sample,Snapping shrimp
7421-M,Istmo S15,D,1,7421-M,Midgut,4757,6.9,TRANS-11,Alpheus websteri,Subtidal cracks exposed,A. arenensis / A. websteri,A. formosus*,A. websteri,Yes,,Western Atlantic,Bocas del Toro,Bocas del Toro,True Sample,Snapping shrimp
7421-S,Istmo S15,D,2,7421-S,Stomach,4757,6.9,TRANS-11,Alpheus websteri,Subtidal cracks exposed,A. arenensis / A. websteri,A. formosus*,A. websteri,Yes,,Western Atlantic,Bocas del Toro,Bocas del Toro,True Sample,Snapping shrimp
7390-G,Istmo S15,D,3,7390-G,Gill,4563,6.9,TRANS-09,Alpheus websteri,Subtidal cracks exposed,A. arenensis / A. websteri,A. formosus*,A. websteri,Yes,,Western Atlantic,Bocas del Toro,Bocas del Toro,True Sample,Snapping shrimp
7390-H,Istmo S15,D,4,7390-H,Hepatopancreas,4563,6.9,TRANS-09,Alpheus websteri,Subtidal cracks exposed,A. arenensis / A. websteri,A. formosus*,A. websteri,Yes,,Western Atlantic,Bocas del Toro,Bocas del Toro,True Sample,Snapping shrimp
7390-M,Istmo S15,D,5,7390-M,Midgut,4563,6.9,TRANS-09,Alpheus websteri,Subtidal cracks exposed,A. arenensis / A. websteri,A. formosus*,A. websteri,Yes,,Western Atlantic,Bocas del Toro,Bocas del Toro,True Sample,Snapping shrimp
7390-S,Istmo S15,D,6,7390-S,Stomach,4563,6.9,TRANS-09,Alpheus websteri,Subtidal cracks exposed,A. arenensis / A. websteri,A. formosus*,A. websteri,Yes,,Western Atlantic,Bocas del Toro,Bocas del Toro,True Sample,Snapping shrimp
7464-G,Istmo S15,D,7,7464-G,Gill,4834,5.7,TRANS-11,Alpheus paraformosus,Subtidal cracks exposed,no_pair,A. formosus*,A. formosus,Yes,,Western Atlantic,Bocas del Toro,Bocas del Toro,True Sample,Snapping shrimp
7464-H,Istmo S15,D,8,7464-H,Hepatopancreas,4834,5.7,TRANS-11,Alpheus paraformosus,Subtidal cracks exposed,no_pair,A. formosus*,A. formosus,Yes,,Western Atlantic,Bocas del Toro,Bocas del Toro,True Sample,Snapping shrimp
7464-M,Istmo S15,D,9,7464-M,Midgut,4834,5.7,TRANS-11,Alpheus paraformosus,Subtidal cracks exposed,no_pair,A. formosus*,A. formosus,Yes,,Western Atlantic,Bocas del Toro,Bocas del Toro,True Sample,Snapping shrimp
7464-S,Istmo S15,D,10,7464-S,Stomach,4834,5.7,TRANS-11,Alpheus paraformosus,Subtidal cracks exposed,no_pair,A. formosus*,A. formosus,Yes,,Western Atlantic,Bocas del Toro,Bocas del Toro,True Sample,Snapping shrimp
7507-G,Istmo S15,D,11,7507-G,Gill,5064,4.3,TRANS-15,Alpheus websteri,Subtidal cracks exposed,A. arenensis / A. websteri,A. formosus*,A. websteri,Yes,,Western Atlantic,Bocas del Toro,Bocas del Toro,True Sample,Snapping shrimp
7507-H,Istmo S15,D,12,7507-H,Hepatopancreas,5064,4.3,TRANS-15,Alpheus websteri,Subtidal cracks exposed,A. arenensis / A. websteri,A. formosus*,A. websteri,Yes,,Western Atlantic,Bocas del Toro,Bocas del Toro,True Sample,Snapping shrimp
7507-M,Istmo S15,E,1,7507-M,Midgut,5064,4.3,TRANS-15,Alpheus websteri,Subtidal cracks exposed,A. arenensis / A. websteri,A. formosus*,A. websteri,Yes,,Western Atlantic,Bocas del Toro,Bocas del Toro,True Sample,Snapping shrimp
7507-S,Istmo S15,E,2,7507-S,Stomach,5064,4.3,TRANS-15,Alpheus websteri,Subtidal cracks exposed,A. arenensis / A. websteri,A. formosus*,A. websteri,Yes,,Western Atlantic,Bocas del Toro,Bocas del Toro,True Sample,Snapping shrimp
7477-G,Istmo S15,E,3,7477-G,Gill,4894,8.6,TRANS-12,Alpheus bahamensis,Subtidal cracks exposed,no_pair,A. edwardsii 2,NA (sister to A. schmitti-A.umbo),Yes,Pair with 7476,Western Atlantic,Bocas del Toro,Bocas del Toro,True Sample,Snapping shrimp
7477-H,Istmo S15,E,4,7477-H,Hepatopancreas,4894,8.6,TRANS-12,Alpheus bahamensis,Subtidal cracks exposed,no_pair,A. edwardsii 2,NA (sister to A. schmitti-A.umbo),Yes,Pair with 7476,Western Atlantic,Bocas del Toro,Bocas del Toro,True Sample,Snapping shrimp
7477-M,Istmo S15,E,5,7477-M,Midgut,4894,8.6,TRANS-12,Alpheus bahamensis,Subtidal cracks exposed,no_pair,A. edwardsii 2,NA (sister to A. schmitti-A.umbo),Yes,Pair with 7476,Western Atlantic,Bocas del Toro,Bocas del Toro,True Sample,Snapping shrimp
7477-S,Istmo S15,E,6,7477-S,Stomach,4894,8.6,TRANS-12,Alpheus bahamensis,Subtidal cracks exposed,no_pair,A. edwardsii 2,NA (sister to A. schmitti-A.umbo),Yes,Pair with 7476,Western Atlantic,Bocas del Toro,Bocas del Toro,True Sample,Snapping shrimp
7402-G,Istmo S15,E,7,7402-G,Gill,4604,5.4,TRANS-09,Alpheus formosus,Subtidal cracks exposed,A. panamensis / A. formosus,A. formosus*,A. formosus,Yes,,Western Atlantic,Bocas del Toro,Bocas del Toro,True Sample,Snapping shrimp
7402-H,Istmo S15,E,8,7402-H,Hepatopancreas,4604,5.4,TRANS-09,Alpheus formosus,Subtidal cracks exposed,A. panamensis / A. formosus,A. formosus*,A. formosus,Yes,,Western Atlantic,Bocas del Toro,Bocas del Toro,True Sample,Snapping shrimp
7402-M,Istmo S15,E,9,7402-M,Midgut,4604,5.4,TRANS-09,Alpheus formosus,Subtidal cracks exposed,A. panamensis / A. formosus,A. formosus*,A. formosus,Yes,,Western Atlantic,Bocas del Toro,Bocas del Toro,True Sample,Snapping shrimp
7402-S,Istmo S15,E,10,7402-S,Stomach,4604,5.4,TRANS-09,Alpheus formosus,Subtidal cracks exposed,A. panamensis / A. formosus,A. formosus*,A. formosus,Yes,,Western Atlantic,Bocas del Toro,Bocas del Toro,True Sample,Snapping shrimp
7473-G,Istmo S15,E,11,7473-G,Gill,4892,5.9,TRANS-12,Alpheus bahamensis,Subtidal cracks exposed,no_pair,A. edwardsii 2,NA (sister to A. schmitti-A.umbo),Yes,,Western Atlantic,Bocas del Toro,Bocas del Toro,True Sample,Snapping shrimp
7473-H,Istmo S15,E,12,7473-H,Hepatopancreas,4892,5.9,TRANS-12,Alpheus bahamensis,Subtidal cracks exposed,no_pair,A. edwardsii 2,NA (sister to A. schmitti-A.umbo),Yes,,Western Atlantic,Bocas del Toro,Bocas del Toro,True Sample,Snapping shrimp
7473-M,Istmo S15,F,1,7473-M,Midgut,4892,5.9,TRANS-12,Alpheus bahamensis,Subtidal cracks exposed,no_pair,A. edwardsii 2,NA (sister to A. schmitti-A.umbo),Yes,,Western Atlantic,Bocas del Toro,Bocas del Toro,True Sample,Snapping shrimp
7473-S,Istmo S15,F,2,7473-S,Stomach,4892,5.9,TRANS-12,Alpheus bahamensis,Subtidal cracks exposed,no_pair,A. edwardsii 2,NA (sister to A. schmitti-A.umbo),Yes,,Western Atlantic,Bocas del Toro,Bocas del Toro,True Sample,Snapping shrimp
7423-G,Istmo S15,F,3,7423-G,Gill,4760,6.9,TRANS-11,Alpheus websteri,Subtidal cracks exposed,A. arenensis / A. websteri,A. formosus*,A. websteri,Yes,,Western Atlantic,Bocas del Toro,Bocas del Toro,True Sample,Snapping shrimp
7423-H,Istmo S15,F,4,7423-H,Hepatopancreas,4760,6.9,TRANS-11,Alpheus websteri,Subtidal cracks exposed,A. arenensis / A. websteri,A. formosus*,A. websteri,Yes,,Western Atlantic,Bocas del Toro,Bocas del Toro,True Sample,Snapping shrimp
7423-M,Istmo S15,F,5,7423-M,Midgut,4760,6.9,TRANS-11,Alpheus websteri,Subtidal cracks exposed,A. arenensis / A. websteri,A. formosus*,A. websteri,Yes,,Western Atlantic,Bocas del Toro,Bocas del Toro,True Sample,Snapping shrimp
7423-S,Istmo S15,F,6,7423-S,Stomach,4760,6.9,TRANS-11,Alpheus websteri,Subtidal cracks exposed,A. arenensis / A. websteri,A. formosus*,A. websteri,Yes,,Western Atlantic,Bocas del Toro,Bocas del Toro,True Sample,Snapping shrimp
7506-E,Istmo S15,F,7,7506-E,Egg,5062,4.7,TRANS-15,Alpheus paracrinitus no spot,Subtidal cracks exposed,A. fasciatus / A. paracrinitus no spot,A. paracrinitus*,A. paracrinitus,Yes,,Western Atlantic,Bocas del Toro,Bocas del Toro,True Sample,Snapping shrimp
7506-G,Istmo S15,F,8,7506-G,Gill,5062,4.7,TRANS-15,Alpheus paracrinitus no spot,Subtidal cracks exposed,A. fasciatus / A. paracrinitus no spot,A. paracrinitus*,A. paracrinitus,Yes,,Western Atlantic,Bocas del Toro,Bocas del Toro,True Sample,Snapping shrimp
7506-H,Istmo S15,F,9,7506-H,Hepatopancreas,5062,4.7,TRANS-15,Alpheus paracrinitus no spot,Subtidal cracks exposed,A. fasciatus / A. paracrinitus no spot,A. paracrinitus*,A. paracrinitus,Yes,,Western Atlantic,Bocas del Toro,Bocas del Toro,True Sample,Snapping shrimp
7506-S,Istmo S15,F,10,7506-S,Stomach,5062,4.7,TRANS-15,Alpheus paracrinitus no spot,Subtidal cracks exposed,A. fasciatus / A. paracrinitus no spot,A. paracrinitus*,A. paracrinitus,Yes,,Western Atlantic,Bocas del Toro,Bocas del Toro,True Sample,Snapping shrimp
9387-S,Istmo S15,F,11,9387-S,Stomach,8909,5.5,TRANS-69,Alpheus thomasi,Subtidal cracks exposed,no_pair,A. formosus*,NA (sister to A. websteri-A.fagei),ND,,Western Atlantic,Bocas del Toro,Bocas del Toro,True Sample,Snapping shrimp
9387-M,Istmo S15,F,12,9387-M,Midgut,8909,5.5,TRANS-69,Alpheus thomasi,Subtidal cracks exposed,no_pair,A. formosus*,NA (sister to A. websteri-A.fagei),ND,,Western Atlantic,Bocas del Toro,Bocas del Toro,True Sample,Snapping shrimp
9387-H,Istmo S15,G,1,9387-H,Hepatopancreas,8909,5.5,TRANS-69,Alpheus thomasi,Subtidal cracks exposed,no_pair,A. formosus*,NA (sister to A. websteri-A.fagei),ND,,Western Atlantic,Bocas del Toro,Bocas del Toro,True Sample,Snapping shrimp
9387-G,Istmo S15,G,2,9387-G,Gill,8909,5.5,TRANS-69,Alpheus thomasi,Subtidal cracks exposed,no_pair,A. formosus*,NA (sister to A. websteri-A.fagei),ND,,Western Atlantic,Bocas del Toro,Bocas del Toro,True Sample,Snapping shrimp
9400-S,Istmo S15,G,3,9400-S,Stomach,8928,7.8,TRANS-69,Alpheus formosus,Subtidal cracks exposed,A. panamensis / A. formosus,A. formosus*,A. formosus,ND,,Western Atlantic,Bocas del Toro,Bocas del Toro,True Sample,Snapping shrimp
9400-M,Istmo S15,G,4,9400-M,Midgut,8928,7.8,TRANS-69,Alpheus formosus,Subtidal cracks exposed,A. panamensis / A. formosus,A. formosus*,A. formosus,ND,,Western Atlantic,Bocas del Toro,Bocas del Toro,True Sample,Snapping shrimp
9400-H,Istmo S15,G,5,9400-H,Hepatopancreas,8928,7.8,TRANS-69,Alpheus formosus,Subtidal cracks exposed,A. panamensis / A. formosus,A. formosus*,A. formosus,ND,,Western Atlantic,Bocas del Toro,Bocas del Toro,True Sample,Snapping shrimp
9400-G,Istmo S15,G,6,9400-G,Gill,8928,7.8,TRANS-69,Alpheus formosus,Subtidal cracks exposed,A. panamensis / A. formosus,A. formosus*,A. formosus,ND,,Western Atlantic,Bocas del Toro,Bocas del Toro,True Sample,Snapping shrimp
9400-E,Istmo S15,G,7,9400-E,Egg,8928,7.8,TRANS-69,Alpheus formosus,Subtidal cracks exposed,A. panamensis / A. formosus,A. formosus*,A. formosus,ND,,Western Atlantic,Bocas del Toro,Bocas del Toro,True Sample,Snapping shrimp
9384-S,Istmo S15,G,8,9384-S,Stomach,8906,5.5,TRANS-69,Alpheus thomasi,Subtidal cracks exposed,no_pair,A. formosus*,NA (sister to A. websteri-A.fagei),ND,,Western Atlantic,Bocas del Toro,Bocas del Toro,True Sample,Snapping shrimp
9384-M,Istmo S15,G,9,9384-M,Midgut,8906,5.5,TRANS-69,Alpheus thomasi,Subtidal cracks exposed,no_pair,A. formosus*,NA (sister to A. websteri-A.fagei),ND,,Western Atlantic,Bocas del Toro,Bocas del Toro,True Sample,Snapping shrimp
9384-H,Istmo S15,G,10,9384-H,Hepatopancreas,8906,5.5,TRANS-69,Alpheus thomasi,Subtidal cracks exposed,no_pair,A. formosus*,NA (sister to A. websteri-A.fagei),ND,,Western Atlantic,Bocas del Toro,Bocas del Toro,True Sample,Snapping shrimp
9384-G,Istmo S15,G,11,9384-G,Gill,8906,5.5,TRANS-69,Alpheus thomasi,Subtidal cracks exposed,no_pair,A. formosus*,NA (sister to A. websteri-A.fagei),ND,,Western Atlantic,Bocas del Toro,Bocas del Toro,True Sample,Snapping shrimp
9461-S,Istmo S15,G,12,9461-S,Stomach,9125,5.2,TRANS-74,Alpheus cristulifrons,Subtidal cracks exposed,A. utriensis / A. cristulifrons,A. crinitus,A. cristulifrons,ND,,Western Atlantic,Bocas del Toro,Bocas del Toro,True Sample,Snapping shrimp
9461-H,Istmo S15,H,1,9461-H,Hepatopancreas,9125,5.2,TRANS-74,Alpheus cristulifrons,Subtidal cracks exposed,A. utriensis / A. cristulifrons,A. crinitus,A. cristulifrons,ND,,Western Atlantic,Bocas del Toro,Bocas del Toro,True Sample,Snapping shrimp
9461-G,Istmo S15,H,2,9461-G,Gill,9125,5.2,TRANS-74,Alpheus cristulifrons,Subtidal cracks exposed,A. utriensis / A. cristulifrons,A. crinitus,A. cristulifrons,ND,,Western Atlantic,Bocas del Toro,Bocas del Toro,True Sample,Snapping shrimp
9461-E,Istmo S15,H,3,9461-E,Egg,9125,5.2,TRANS-74,Alpheus cristulifrons,Subtidal cracks exposed,A. utriensis / A. cristulifrons,A. crinitus,A. cristulifrons,ND,,Western Atlantic,Bocas del Toro,Bocas del Toro,True Sample,Snapping shrimp
9463-S,Istmo S15,H,4,9463-S,Stomach,9127,5.9,TRANS-74,Alpheus cristulifrons,Subtidal cracks exposed,A. utriensis / A. cristulifrons,A. crinitus,A. cristulifrons,ND,,Western Atlantic,Bocas del Toro,Bocas del Toro,True Sample,Snapping shrimp
9463-M,Istmo S15,H,5,9463-M,Midgut,9127,5.9,TRANS-74,Alpheus cristulifrons,Subtidal cracks exposed,A. utriensis / A. cristulifrons,A. crinitus,A. cristulifrons,ND,,Western Atlantic,Bocas del Toro,Bocas del Toro,True Sample,Snapping shrimp
9463-H,Istmo S15,H,6,9463-H,Hepatopancreas,9127,5.9,TRANS-74,Alpheus cristulifrons,Subtidal cracks exposed,A. utriensis / A. cristulifrons,A. crinitus,A. cristulifrons,ND,,Western Atlantic,Bocas del Toro,Bocas del Toro,True Sample,Snapping shrimp
9463-G,Istmo S15,H,7,9463-G,Gill,9127,5.9,TRANS-74,Alpheus cristulifrons,Subtidal cracks exposed,A. utriensis / A. cristulifrons,A. crinitus,A. cristulifrons,ND,,Western Atlantic,Bocas del Toro,Bocas del Toro,True Sample,Snapping shrimp
9463-E,Istmo S15,H,8,9463-E,Egg,9127,5.9,TRANS-74,Alpheus cristulifrons,Subtidal cracks exposed,A. utriensis / A. cristulifrons,A. crinitus,A. cristulifrons,ND,,Western Atlantic,Bocas del Toro,Bocas del Toro,True Sample,Snapping shrimp
9480-S,Istmo S15,H,9,9480-S,Stomach,9146,6.7,TRANS-74,Alpheus paraformosus,Subtidal cracks exposed,no_pair,A. formosus*,A. formosus,Check photo,,Western Atlantic,Bocas del Toro,Bocas del Toro,True Sample,Snapping shrimp
Control-43,Istmo S15,H,10,Control-43,Control,Control,Control,Control,Control,Control,Control,Control,Control,Control,Control,Control,Control,Control,Control Sample,Control
Control-44,Istmo S15,H,11,Control-44,Control,Control,Control,Control,Control,Control,Control,Control,Control,Control,Control,Control,Control,Control,Control Sample,Control
Control-45,Istmo S15,H,12,Control-45,Control,Control,Control,Control,Control,Control,Control,Control,Control,Control,Control,Control,Control,Control,Control Sample,Control
9480-M,Istmo S16,A,1,9480-M,Midgut,9146,6.7,TRANS-74,Alpheus paraformosus,Subtidal cracks exposed,no_pair,A. formosus*,A. formosus,Check photo,,Western Atlantic,Bocas del Toro,Bocas del Toro,True Sample,Snapping shrimp
9480-H,Istmo S16,A,2,9480-H,Hepatopancreas,9146,6.7,TRANS-74,Alpheus paraformosus,Subtidal cracks exposed,no_pair,A. formosus*,A. formosus,Check photo,,Western Atlantic,Bocas del Toro,Bocas del Toro,True Sample,Snapping shrimp
9480-G,Istmo S16,A,3,9480-G,Gill,9146,6.7,TRANS-74,Alpheus paraformosus,Subtidal cracks exposed,no_pair,A. formosus*,A. formosus,Check photo,,Western Atlantic,Bocas del Toro,Bocas del Toro,True Sample,Snapping shrimp
9501-S,Istmo S16,A,4,9501-S,Stomach,9169,11.3,TRANS-74,Alpheus verrilli,Subtidal under rocks,A. hyeyoungae / A. verilli,A. edwardsii 1,A. armillatus,,,Western Atlantic,Bocas del Toro,Bocas del Toro,True Sample,Snapping shrimp
9501-M,Istmo S16,A,5,9501-M,Midgut,9169,11.3,TRANS-74,Alpheus verrilli,Subtidal under rocks,A. hyeyoungae / A. verilli,A. edwardsii 1,A. armillatus,,,Western Atlantic,Bocas del Toro,Bocas del Toro,True Sample,Snapping shrimp
9501-H,Istmo S16,A,6,9501-H,Hepatopancreas,9169,11.3,TRANS-74,Alpheus verrilli,Subtidal under rocks,A. hyeyoungae / A. verilli,A. edwardsii 1,A. armillatus,,,Western Atlantic,Bocas del Toro,Bocas del Toro,True Sample,Snapping shrimp
9501-G,Istmo S16,A,7,9501-G,Gill,9169,11.3,TRANS-74,Alpheus verrilli,Subtidal under rocks,A. hyeyoungae / A. verilli,A. edwardsii 1,A. armillatus,,,Western Atlantic,Bocas del Toro,Bocas del Toro,True Sample,Snapping shrimp
9501-E,Istmo S16,A,8,9501-E,Egg,9169,11.3,TRANS-74,Alpheus verrilli,Subtidal under rocks,A. hyeyoungae / A. verilli,A. edwardsii 1,A. armillatus,,,Western Atlantic,Bocas del Toro,Bocas del Toro,True Sample,Snapping shrimp
9385-S,Istmo S16,A,9,9385-S,Stomach,8907,5.1,TRANS-69,Alpheus thomasi,Subtidal cracks exposed,no_pair,A. formosus*,NA (sister to A. websteri-A.fagei),,,Western Atlantic,Bocas del Toro,Bocas del Toro,True Sample,Snapping shrimp
9385-H,Istmo S16,A,10,9385-H,Hepatopancreas,8907,5.1,TRANS-69,Alpheus thomasi,Subtidal cracks exposed,no_pair,A. formosus*,NA (sister to A. websteri-A.fagei),,,Western Atlantic,Bocas del Toro,Bocas del Toro,True Sample,Snapping shrimp
9385-G,Istmo S16,A,11,9385-G,Gill,8907,5.1,TRANS-69,Alpheus thomasi,Subtidal cracks exposed,no_pair,A. formosus*,NA (sister to A. websteri-A.fagei),,,Western Atlantic,Bocas del Toro,Bocas del Toro,True Sample,Snapping shrimp
9438-S,Istmo S16,A,12,9438-S,Stomach,9096,4.3,TRANS-74,Alpheus paracrinitus with spot,Subtidal cracks exposed,A. rostratus / A. paracrinitus with spot,A. paracrinitus*,A. paracrinitus,,,Western Atlantic,Bocas del Toro,Bocas del Toro,True Sample,Snapping shrimp
9438-M,Istmo S16,B,1,9438-M,Midgut,9096,4.3,TRANS-74,Alpheus paracrinitus with spot,Subtidal cracks exposed,A. rostratus / A. paracrinitus with spot,A. paracrinitus*,A. paracrinitus,,,Western Atlantic,Bocas del Toro,Bocas del Toro,True Sample,Snapping shrimp
9438-H,Istmo S16,B,2,9438-H,Hepatopancreas,9096,4.3,TRANS-74,Alpheus paracrinitus with spot,Subtidal cracks exposed,A. rostratus / A. paracrinitus with spot,A. paracrinitus*,A. paracrinitus,,,Western Atlantic,Bocas del Toro,Bocas del Toro,True Sample,Snapping shrimp
9438-G,Istmo S16,B,3,9438-G,Gill,9096,4.3,TRANS-74,Alpheus paracrinitus with spot,Subtidal cracks exposed,A. rostratus / A. paracrinitus with spot,A. paracrinitus*,A. paracrinitus,,,Western Atlantic,Bocas del Toro,Bocas del Toro,True Sample,Snapping shrimp
9438-E,Istmo S16,B,4,9438-E,Egg,9096,4.3,TRANS-74,Alpheus paracrinitus with spot,Subtidal cracks exposed,A. rostratus / A. paracrinitus with spot,A. paracrinitus*,A. paracrinitus,,,Western Atlantic,Bocas del Toro,Bocas del Toro,True Sample,Snapping shrimp
9408-S,Istmo S16,B,5,9408-S,Stomach,8939,10.2,TRANS-70,Alpheus nuttingi,Subtidal cracks exposed,A. millsae / A. nuttingi,A. edwardsii 1,A. nuttingi,,,Western Atlantic,Bocas del Toro,Bocas del Toro,True Sample,Snapping shrimp
9408-M,Istmo S16,B,6,9408-M,Midgut,8939,10.2,TRANS-70,Alpheus nuttingi,Subtidal cracks exposed,A. millsae / A. nuttingi,A. edwardsii 1,A. nuttingi,,,Western Atlantic,Bocas del Toro,Bocas del Toro,True Sample,Snapping shrimp
9408-H,Istmo S16,B,7,9408-H,Hepatopancreas,8939,10.2,TRANS-70,Alpheus nuttingi,Subtidal cracks exposed,A. millsae / A. nuttingi,A. edwardsii 1,A. nuttingi,,,Western Atlantic,Bocas del Toro,Bocas del Toro,True Sample,Snapping shrimp
9408-G,Istmo S16,B,8,9408-G,Gill,8939,10.2,TRANS-70,Alpheus nuttingi,Subtidal cracks exposed,A. millsae / A. nuttingi,A. edwardsii 1,A. nuttingi,,,Western Atlantic,Bocas del Toro,Bocas del Toro,True Sample,Snapping shrimp
9408-E,Istmo S16,B,9,9408-E,Egg,8939,10.2,TRANS-70,Alpheus nuttingi,Subtidal cracks exposed,A. millsae / A. nuttingi,A. edwardsii 1,A. nuttingi,,,Western Atlantic,Bocas del Toro,Bocas del Toro,True Sample,Snapping shrimp
7392-S,Istmo S16,B,10,7392-S,Stomach,4554,5,TRANS-09,Alpheus thomasi,Subtidal cracks exposed,no_pair,A. formosus*,NA (sister to A. websteri-A.fagei),Yes,Pair with 7393,Western Atlantic,Bocas del Toro,Bocas del Toro,True Sample,Snapping shrimp
7392-M,Istmo S16,B,11,7392-M,Midgut,4554,5,TRANS-09,Alpheus thomasi,Subtidal cracks exposed,no_pair,A. formosus*,NA (sister to A. websteri-A.fagei),Yes,Pair with 7393,Western Atlantic,Bocas del Toro,Bocas del Toro,True Sample,Snapping shrimp
7392-H,Istmo S16,B,12,7392-H,Hepatopancreas,4554,5,TRANS-09,Alpheus thomasi,Subtidal cracks exposed,no_pair,A. formosus*,NA (sister to A. websteri-A.fagei),Yes,Pair with 7393,Western Atlantic,Bocas del Toro,Bocas del Toro,True Sample,Snapping shrimp
7392-G,Istmo S16,C,1,7392-G,Gill,4554,5,TRANS-09,Alpheus thomasi,Subtidal cracks exposed,no_pair,A. formosus*,NA (sister to A. websteri-A.fagei),Yes,Pair with 7393,Western Atlantic,Bocas del Toro,Bocas del Toro,True Sample,Snapping shrimp
7552-S,Istmo S16,C,2,7552-S,Stomach,5166,4.1,TRANS-17,Alpheus paracrinitus no spot,Subtidal cracks exposed,A. fasciatus / A. paracrinitus no spot,A. paracrinitus*,A. paracrinitus,Yes,,Western Atlantic,Bocas del Toro,Bocas del Toro,True Sample,Snapping shrimp
7552-M,Istmo S16,C,3,7552-M,Midgut,5166,4.1,TRANS-17,Alpheus paracrinitus no spot,Subtidal cracks exposed,A. fasciatus / A. paracrinitus no spot,A. paracrinitus*,A. paracrinitus,Yes,,Western Atlantic,Bocas del Toro,Bocas del Toro,True Sample,Snapping shrimp
7552-H,Istmo S16,C,4,7552-H,Hepatopancreas,5166,4.1,TRANS-17,Alpheus paracrinitus no spot,Subtidal cracks exposed,A. fasciatus / A. paracrinitus no spot,A. paracrinitus*,A. paracrinitus,Yes,,Western Atlantic,Bocas del Toro,Bocas del Toro,True Sample,Snapping shrimp
7552-G,Istmo S16,C,5,7552-G,Gill,5166,4.1,TRANS-17,Alpheus paracrinitus no spot,Subtidal cracks exposed,A. fasciatus / A. paracrinitus no spot,A. paracrinitus*,A. paracrinitus,Yes,,Western Atlantic,Bocas del Toro,Bocas del Toro,True Sample,Snapping shrimp
7557-M,Istmo S16,C,6,7557-M,Midgut,5175,3.6,TRANS-17,Alpheus paracrinitus with spot,Subtidal cracks exposed,A. rostratus / A. paracrinitus with spot,A. paracrinitus*,A. paracrinitus,Yes,,Western Atlantic,Bocas del Toro,Bocas del Toro,True Sample,Snapping shrimp
7557-S,Istmo S16,C,7,7557-S,Stomach,5175,3.6,TRANS-17,Alpheus paracrinitus with spot,Subtidal cracks exposed,A. rostratus / A. paracrinitus with spot,A. paracrinitus*,A. paracrinitus,Yes,,Western Atlantic,Bocas del Toro,Bocas del Toro,True Sample,Snapping shrimp
7525-E,Istmo S16,C,8,7525-E,Egg,5096,10.6,TRANS-16,Alpheus nuttingi,Subtidal cracks exposed,A. millsae / A. nuttingi,A. edwardsii 1,A. nuttingi,Yes,,Western Atlantic,Bocas del Toro,Bocas del Toro,True Sample,Snapping shrimp
7525-G,Istmo S16,C,9,7525-G,Gill,5096,10.6,TRANS-16,Alpheus nuttingi,Subtidal cracks exposed,A. millsae / A. nuttingi,A. edwardsii 1,A. nuttingi,Yes,,Western Atlantic,Bocas del Toro,Bocas del Toro,True Sample,Snapping shrimp
7525-H,Istmo S16,C,10,7525-H,Hepatopancreas,5096,10.6,TRANS-16,Alpheus nuttingi,Subtidal cracks exposed,A. millsae / A. nuttingi,A. edwardsii 1,A. nuttingi,Yes,,Western Atlantic,Bocas del Toro,Bocas del Toro,True Sample,Snapping shrimp
7525-M,Istmo S16,C,11,7525-M,Midgut,5096,10.6,TRANS-16,Alpheus nuttingi,Subtidal cracks exposed,A. millsae / A. nuttingi,A. edwardsii 1,A. nuttingi,Yes,,Western Atlantic,Bocas del Toro,Bocas del Toro,True Sample,Snapping shrimp
7525-S,Istmo S16,C,12,7525-S,Stomach,5096,10.6,TRANS-16,Alpheus nuttingi,Subtidal cracks exposed,A. millsae / A. nuttingi,A. edwardsii 1,A. nuttingi,Yes,,Western Atlantic,Bocas del Toro,Bocas del Toro,True Sample,Snapping shrimp
7457-E,Istmo S16,D,1,7457-E,Egg,4808,6.4,TRANS-11,Alpheus formosus,Subtidal cracks exposed,A. panamensis / A. formosus,A. formosus*,A. formosus,Yes,,Western Atlantic,Bocas del Toro,Bocas del Toro,True Sample,Snapping shrimp
7457-G,Istmo S16,D,2,7457-G,Gill,4808,6.4,TRANS-11,Alpheus formosus,Subtidal cracks exposed,A. panamensis / A. formosus,A. formosus*,A. formosus,Yes,,Western Atlantic,Bocas del Toro,Bocas del Toro,True Sample,Snapping shrimp
7457-H,Istmo S16,D,3,7457-H,Hepatopancreas,4808,6.4,TRANS-11,Alpheus formosus,Subtidal cracks exposed,A. panamensis / A. formosus,A. formosus*,A. formosus,Yes,,Western Atlantic,Bocas del Toro,Bocas del Toro,True Sample,Snapping shrimp
7457-M,Istmo S16,D,4,7457-M,Midgut,4808,6.4,TRANS-11,Alpheus formosus,Subtidal cracks exposed,A. panamensis / A. formosus,A. formosus*,A. formosus,Yes,,Western Atlantic,Bocas del Toro,Bocas del Toro,True Sample,Snapping shrimp
7457-S,Istmo S16,D,5,7457-S,Stomach,4808,6.4,TRANS-11,Alpheus formosus,Subtidal cracks exposed,A. panamensis / A. formosus,A. formosus*,A. formosus,Yes,,Western Atlantic,Bocas del Toro,Bocas del Toro,True Sample,Snapping shrimp
9405-S,Istmo S16,D,6,9405-S,Stomach,8935,7.1,TRANS-70,Alpheus nuttingi,Subtidal cracks exposed,A. millsae / A. nuttingi,A. edwardsii 1,A. nuttingi,,,Western Atlantic,Bocas del Toro,Bocas del Toro,True Sample,Snapping shrimp
9405-M,Istmo S16,D,7,9405-M,Midgut,8935,7.1,TRANS-70,Alpheus nuttingi,Subtidal cracks exposed,A. millsae / A. nuttingi,A. edwardsii 1,A. nuttingi,,,Western Atlantic,Bocas del Toro,Bocas del Toro,True Sample,Snapping shrimp
9405-H,Istmo S16,D,8,9405-H,Hepatopancreas,8935,7.1,TRANS-70,Alpheus nuttingi,Subtidal cracks exposed,A. millsae / A. nuttingi,A. edwardsii 1,A. nuttingi,,,Western Atlantic,Bocas del Toro,Bocas del Toro,True Sample,Snapping shrimp
9405-G,Istmo S16,D,9,9405-G,Gill,8935,7.1,TRANS-70,Alpheus nuttingi,Subtidal cracks exposed,A. millsae / A. nuttingi,A. edwardsii 1,A. nuttingi,,,Western Atlantic,Bocas del Toro,Bocas del Toro,True Sample,Snapping shrimp
9411-S,Istmo S16,D,10,9411-S,Stomach,8943,5.5,TRANS-70,Alpheus websteri,Subtidal cracks exposed,A. arenensis / A. websteri,A. formosus*,A. websteri,,,Western Atlantic,Bocas del Toro,Bocas del Toro,True Sample,Snapping shrimp
9411-M,Istmo S16,D,11,9411-M,Midgut,8943,5.5,TRANS-70,Alpheus websteri,Subtidal cracks exposed,A. arenensis / A. websteri,A. formosus*,A. websteri,,,Western Atlantic,Bocas del Toro,Bocas del Toro,True Sample,Snapping shrimp
9411-H,Istmo S16,D,12,9411-H,Hepatopancreas,8943,5.5,TRANS-70,Alpheus websteri,Subtidal cracks exposed,A. arenensis / A. websteri,A. formosus*,A. websteri,,,Western Atlantic,Bocas del Toro,Bocas del Toro,True Sample,Snapping shrimp
9411-G,Istmo S16,E,1,9411-G,Gill,8943,5.5,TRANS-70,Alpheus websteri,Subtidal cracks exposed,A. arenensis / A. websteri,A. formosus*,A. websteri,,,Western Atlantic,Bocas del Toro,Bocas del Toro,True Sample,Snapping shrimp
9651-S,Istmo S16,E,2,9651-S,Stomach,9804,7.7,TRANS-82,Alpheus floridanus,Burrows,A. hephaestus / A. floridanus,A. brevirostris,A. floridanus,,,Western Atlantic,Bocas del Toro,Bocas del Toro,True Sample,Snapping shrimp
9651-M,Istmo S16,E,3,9651-M,Midgut,9804,7.7,TRANS-82,Alpheus floridanus,Burrows,A. hephaestus / A. floridanus,A. brevirostris,A. floridanus,,,Western Atlantic,Bocas del Toro,Bocas del Toro,True Sample,Snapping shrimp
9651-H,Istmo S16,E,4,9651-H,Hepatopancreas,9804,7.7,TRANS-82,Alpheus floridanus,Burrows,A. hephaestus / A. floridanus,A. brevirostris,A. floridanus,,,Western Atlantic,Bocas del Toro,Bocas del Toro,True Sample,Snapping shrimp
9651-G,Istmo S16,E,5,9651-G,Gill,9804,7.7,TRANS-82,Alpheus floridanus,Burrows,A. hephaestus / A. floridanus,A. brevirostris,A. floridanus,,,Western Atlantic,Bocas del Toro,Bocas del Toro,True Sample,Snapping shrimp
9399-S,Istmo S16,E,6,9399-S,Stomach,8927,6,TRANS-69,Alpheus paraformosus,Subtidal cracks exposed,no_pair,A. formosus*,A. formosus,,,Western Atlantic,Bocas del Toro,Bocas del Toro,True Sample,Snapping shrimp
9399-M,Istmo S16,E,7,9399-M,Midgut,8927,6,TRANS-69,Alpheus paraformosus,Subtidal cracks exposed,no_pair,A. formosus*,A. formosus,,,Western Atlantic,Bocas del Toro,Bocas del Toro,True Sample,Snapping shrimp
9399-H,Istmo S16,E,8,9399-H,Hepatopancreas,8927,6,TRANS-69,Alpheus paraformosus,Subtidal cracks exposed,no_pair,A. formosus*,A. formosus,,,Western Atlantic,Bocas del Toro,Bocas del Toro,True Sample,Snapping shrimp
9399-G,Istmo S16,E,9,9399-G,Gill,8927,6,TRANS-69,Alpheus paraformosus,Subtidal cracks exposed,no_pair,A. formosus*,A. formosus,,,Western Atlantic,Bocas del Toro,Bocas del Toro,True Sample,Snapping shrimp
9440-S,Istmo S16,E,10,9440-S,Stomach,9098,4.6,TRANS-74,Alpheus paracrinitus with spot,Subtidal cracks exposed,A. rostratus / A. paracrinitus with spot,A. paracrinitus*,A. paracrinitus,,,Western Atlantic,Bocas del Toro,Bocas del Toro,True Sample,Snapping shrimp
9440-M,Istmo S16,E,11,9440-M,Midgut,9098,4.6,TRANS-74,Alpheus paracrinitus with spot,Subtidal cracks exposed,A. rostratus / A. paracrinitus with spot,A. paracrinitus*,A. paracrinitus,,,Western Atlantic,Bocas del Toro,Bocas del Toro,True Sample,Snapping shrimp
9440-H,Istmo S16,E,12,9440-H,Hepatopancreas,9098,4.6,TRANS-74,Alpheus paracrinitus with spot,Subtidal cracks exposed,A. rostratus / A. paracrinitus with spot,A. paracrinitus*,A. paracrinitus,,,Western Atlantic,Bocas del Toro,Bocas del Toro,True Sample,Snapping shrimp
9440-G,Istmo S16,F,1,9440-G,Gill,9098,4.6,TRANS-74,Alpheus paracrinitus with spot,Subtidal cracks exposed,A. rostratus / A. paracrinitus with spot,A. paracrinitus*,A. paracrinitus,,,Western Atlantic,Bocas del Toro,Bocas del Toro,True Sample,Snapping shrimp
9440-E,Istmo S16,F,2,9440-E,Egg,9098,4.6,TRANS-74,Alpheus paracrinitus with spot,Subtidal cracks exposed,A. rostratus / A. paracrinitus with spot,A. paracrinitus*,A. paracrinitus,,,Western Atlantic,Bocas del Toro,Bocas del Toro,True Sample,Snapping shrimp
9442-S,Istmo S16,F,3,9442-S,Stomach,9100,5,TRANS-74,Alpheus paracrinitus no spot,Subtidal cracks exposed,A. fasciatus / A. paracrinitus no spot,A. paracrinitus*,A. paracrinitus,,,Western Atlantic,Bocas del Toro,Bocas del Toro,True Sample,Snapping shrimp
9442-M,Istmo S16,F,4,9442-M,Midgut,9100,5,TRANS-74,Alpheus paracrinitus no spot,Subtidal cracks exposed,A. fasciatus / A. paracrinitus no spot,A. paracrinitus*,A. paracrinitus,,,Western Atlantic,Bocas del Toro,Bocas del Toro,True Sample,Snapping shrimp
9442-H,Istmo S16,F,5,9442-H,Hepatopancreas,9100,5,TRANS-74,Alpheus paracrinitus no spot,Subtidal cracks exposed,A. fasciatus / A. paracrinitus no spot,A. paracrinitus*,A. paracrinitus,,,Western Atlantic,Bocas del Toro,Bocas del Toro,True Sample,Snapping shrimp
9442-G,Istmo S16,F,6,9442-G,Gill,9100,5,TRANS-74,Alpheus paracrinitus no spot,Subtidal cracks exposed,A. fasciatus / A. paracrinitus no spot,A. paracrinitus*,A. paracrinitus,,,Western Atlantic,Bocas del Toro,Bocas del Toro,True Sample,Snapping shrimp
9609-S,Istmo S16,F,7,9609-S,Stomach,9575,7.1,TRANS-80,Alpheus websteri,Subtidal cracks exposed,A. arenensis / A. websteri,A. formosus*,A. websteri,,,Western Atlantic,Bocas del Toro,Bocas del Toro,True Sample,Snapping shrimp
9369-E,Istmo S16,F,8,9369-E,Egg,8720,12,TRANS-66,Alpheus platycheirus,Burrows,no_pair,A. brevirostris,A. floridanus,,,Western Atlantic,Bocas del Toro,Bocas del Toro,True Sample,Snapping shrimp
9369-S,Istmo S16,F,9,9369-S,Stomach,8720,12,TRANS-66,Alpheus platycheirus,Burrows,no_pair,A. brevirostris,A. floridanus,,,Western Atlantic,Bocas del Toro,Bocas del Toro,True Sample,Snapping shrimp
9369-M,Istmo S16,F,10,9369-M,Midgut,8720,12,TRANS-66,Alpheus platycheirus,Burrows,no_pair,A. brevirostris,A. floridanus,,,Western Atlantic,Bocas del Toro,Bocas del Toro,True Sample,Snapping shrimp
9471-S,Istmo S16,F,11,9471-S,Stomach,9137,6.8,TRANS-74,Alpheus cristulifrons,Subtidal cracks exposed,A. utriensis / A. cristulifrons,A. crinitus,A. cristulifrons,,,Western Atlantic,Bocas del Toro,Bocas del Toro,True Sample,Snapping shrimp
9471-M,Istmo S16,F,12,9471-M,Midgut,9137,6.8,TRANS-74,Alpheus cristulifrons,Subtidal cracks exposed,A. utriensis / A. cristulifrons,A. crinitus,A. cristulifrons,,,Western Atlantic,Bocas del Toro,Bocas del Toro,True Sample,Snapping shrimp
9471-H,Istmo S16,G,1,9471-H,Hepatopancreas,9137,6.8,TRANS-74,Alpheus cristulifrons,Subtidal cracks exposed,A. utriensis / A. cristulifrons,A. crinitus,A. cristulifrons,,,Western Atlantic,Bocas del Toro,Bocas del Toro,True Sample,Snapping shrimp
9471-G,Istmo S16,G,2,9471-G,Gill,9137,6.8,TRANS-74,Alpheus cristulifrons,Subtidal cracks exposed,A. utriensis / A. cristulifrons,A. crinitus,A. cristulifrons,,,Western Atlantic,Bocas del Toro,Bocas del Toro,True Sample,Snapping shrimp
9609-H,Istmo S16,G,3,9609-H,Hepatopancreas,9575,7.1,TRANS-80,Alpheus websteri,Subtidal cracks exposed,A. arenensis / A. websteri,A. formosus*,A. websteri,,,Western Atlantic,Bocas del Toro,Bocas del Toro,True Sample,Snapping shrimp
9609-M,Istmo S16,G,4,9609-M,Midgut,9575,7.1,TRANS-80,Alpheus websteri,Subtidal cracks exposed,A. arenensis / A. websteri,A. formosus*,A. websteri,,,Western Atlantic,Bocas del Toro,Bocas del Toro,True Sample,Snapping shrimp
9369-H,Istmo S16,G,5,9369-H,Hepatopancreas,8720,12,TRANS-66,Alpheus platycheirus,Burrows,no_pair,A. brevirostris,A. floridanus,,,Western Atlantic,Bocas del Toro,Bocas del Toro,True Sample,Snapping shrimp
9369-G,Istmo S16,G,6,9369-G,Gill,8720,12,TRANS-66,Alpheus platycheirus,Burrows,no_pair,A. brevirostris,A. floridanus,,,Western Atlantic,Bocas del Toro,Bocas del Toro,True Sample,Snapping shrimp
9609-G,Istmo S16,G,7,9609-G,Gill,9575,7.1,TRANS-80,Alpheus websteri,Subtidal cracks exposed,A. arenensis / A. websteri,A. formosus*,A. websteri,,,Western Atlantic,Bocas del Toro,Bocas del Toro,True Sample,Snapping shrimp
9654-S,Istmo S16,G,8,9654-S,Stomach,9807,7,TRANS-82,Alpheus floridanus,Burrows,A. hephaestus / A. floridanus,A. brevirostris,A. floridanus,,,Western Atlantic,Bocas del Toro,Bocas del Toro,True Sample,Snapping shrimp
9654-M,Istmo S16,G,9,9654-M,Midgut,9807,7,TRANS-82,Alpheus floridanus,Burrows,A. hephaestus / A. floridanus,A. brevirostris,A. floridanus,,,Western Atlantic,Bocas del Toro,Bocas del Toro,True Sample,Snapping shrimp
9654-H,Istmo S16,G,10,9654-H,Hepatopancreas,9807,7,TRANS-82,Alpheus floridanus,Burrows,A. hephaestus / A. floridanus,A. brevirostris,A. floridanus,,,Western Atlantic,Bocas del Toro,Bocas del Toro,True Sample,Snapping shrimp
9654-G,Istmo S16,G,11,9654-G,Gill,9807,7,TRANS-82,Alpheus floridanus,Burrows,A. hephaestus / A. floridanus,A. brevirostris,A. floridanus,,,Western Atlantic,Bocas del Toro,Bocas del Toro,True Sample,Snapping shrimp
9483-E,Istmo S16,G,12,9483-E,Egg,9149,6.6,TRANS-74,Alpheus paraformosus,Subtidal cracks exposed,no_pair,A. formosus*,A. formosus,Check photo,,Western Atlantic,Bocas del Toro,Bocas del Toro,True Sample,Snapping shrimp
9483-G,Istmo S16,H,1,9483-G,Gill,9149,6.6,TRANS-74,Alpheus paraformosus,Subtidal cracks exposed,no_pair,A. formosus*,A. formosus,Check photo,,Western Atlantic,Bocas del Toro,Bocas del Toro,True Sample,Snapping shrimp
9483-H,Istmo S16,H,2,9483-H,Hepatopancreas,9149,6.6,TRANS-74,Alpheus paraformosus,Subtidal cracks exposed,no_pair,A. formosus*,A. formosus,Check photo,,Western Atlantic,Bocas del Toro,Bocas del Toro,True Sample,Snapping shrimp
9483-M,Istmo S16,H,3,9483-M,Midgut,9149,6.6,TRANS-74,Alpheus paraformosus,Subtidal cracks exposed,no_pair,A. formosus*,A. formosus,Check photo,,Western Atlantic,Bocas del Toro,Bocas del Toro,True Sample,Snapping shrimp
9483-S,Istmo S16,H,4,9483-S,Stomach,9149,6.6,TRANS-74,Alpheus paraformosus,Subtidal cracks exposed,no_pair,A. formosus*,A. formosus,Check photo,,Western Atlantic,Bocas del Toro,Bocas del Toro,True Sample,Snapping shrimp
9410-E,Istmo S16,H,5,9410-E,Egg,8941,13.6,TRANS-70,Alpheus nuttingi,Subtidal cracks exposed,A. millsae / A. nuttingi,A. edwardsii 1,A. nuttingi,,,Western Atlantic,Bocas del Toro,Bocas del Toro,True Sample,Snapping shrimp
9410-G,Istmo S16,H,6,9410-G,Gill,8941,13.6,TRANS-70,Alpheus nuttingi,Subtidal cracks exposed,A. millsae / A. nuttingi,A. edwardsii 1,A. nuttingi,,,Western Atlantic,Bocas del Toro,Bocas del Toro,True Sample,Snapping shrimp
9410-H,Istmo S16,H,7,9410-H,Hepatopancreas,8941,13.6,TRANS-70,Alpheus nuttingi,Subtidal cracks exposed,A. millsae / A. nuttingi,A. edwardsii 1,A. nuttingi,,,Western Atlantic,Bocas del Toro,Bocas del Toro,True Sample,Snapping shrimp
9410-M,Istmo S16,H,8,9410-M,Midgut,8941,13.6,TRANS-70,Alpheus nuttingi,Subtidal cracks exposed,A. millsae / A. nuttingi,A. edwardsii 1,A. nuttingi,,,Western Atlantic,Bocas del Toro,Bocas del Toro,True Sample,Snapping shrimp
9410-S,Istmo S16,H,9,9410-S,Stomach,8941,13.6,TRANS-70,Alpheus nuttingi,Subtidal cracks exposed,A. millsae / A. nuttingi,A. edwardsii 1,A. nuttingi,,,Western Atlantic,Bocas del Toro,Bocas del Toro,True Sample,Snapping shrimp
Control-46,Istmo S16,H,10,Control-46,Control,Control,Control,Control,Control,Control,Control,Control,Control,Control,Control,Control,Control,Control,Control Sample,Control
Control-47,Istmo S16,H,11,Control-47,Control,Control,Control,Control,Control,Control,Control,Control,Control,Control,Control,Control,Control,Control,Control Sample,Control
Control-48,Istmo S16,H,12,Control-48,Control,Control,Control,Control,Control,Control,Control,Control,Control,Control,Control,Control,Control,Control,Control Sample,Control