Code,Plate-Original,Row-Original,Column-Original,Code,Tissue,Photo_no,Length,Station_no,Morphospecies,Habitat,Pair,Species group,Species complex,Photo,Notes,Ocean,Site,Site.2,Sample_or_Control,Taxon
7322-M,Istmo S5,G,7,7322-M,Midgut,4171,10.5,TRANS-03,Alpheus panamensis,Intertidal under rocks,A. panamensis / A. formosus,A. formosus*,A. formosus,Yes,,Pacific,Bay of Panama,Bay of Panama,True Sample,Snapping shrimp
7322-H,Istmo S5,G,8,7322-H,Hepatopancreas,4171,10.5,TRANS-03,Alpheus panamensis,Intertidal under rocks,A. panamensis / A. formosus,A. formosus*,A. formosus,Yes,,Pacific,Bay of Panama,Bay of Panama,True Sample,Snapping shrimp
7322-S,Istmo S5,G,9,7322-S,Stomach,4171,10.5,TRANS-03,Alpheus panamensis,Intertidal under rocks,A. panamensis / A. formosus,A. formosus*,A. formosus,Yes,,Pacific,Bay of Panama,Bay of Panama,True Sample,Snapping shrimp
7322-G,Istmo S5,G,10,7322-G,Gill,4171,10.5,TRANS-03,Alpheus panamensis,Intertidal under rocks,A. panamensis / A. formosus,A. formosus*,A. formosus,Yes,,Pacific,Bay of Panama,Bay of Panama,True Sample,Snapping shrimp
7326-M,Istmo S5,F,2,7326-M,Midgut,4190,10.6,TRANS-03,Alpheus panamensis,Intertidal under rocks,A. panamensis / A. formosus,A. formosus*,A. formosus,Yes,Pair with 7327,Pacific,Bay of Panama,Bay of Panama,True Sample,Snapping shrimp
7326-G,Istmo S5,F,3,7326-G,Gill,4190,10.6,TRANS-03,Alpheus panamensis,Intertidal under rocks,A. panamensis / A. formosus,A. formosus*,A. formosus,Yes,Pair with 7327,Pacific,Bay of Panama,Bay of Panama,True Sample,Snapping shrimp
7326-H,Istmo S5,F,4,7326-H,Hepatopancreas,4190,10.6,TRANS-03,Alpheus panamensis,Intertidal under rocks,A. panamensis / A. formosus,A. formosus*,A. formosus,Yes,Pair with 7327,Pacific,Bay of Panama,Bay of Panama,True Sample,Snapping shrimp
7326-S,Istmo S5,F,5,7326-S,Stomach,4190,10.6,TRANS-03,Alpheus panamensis,Intertidal under rocks,A. panamensis / A. formosus,A. formosus*,A. formosus,Yes,Pair with 7327,Pacific,Bay of Panama,Bay of Panama,True Sample,Snapping shrimp
7327-H,Istmo S5,E,5,7327-H,Hepatopancreas,4193,10.5,TRANS-03,Alpheus panamensis,Intertidal under rocks,A. panamensis / A. formosus,A. formosus*,A. formosus,Yes,Pair with 7326,Pacific,Bay of Panama,Bay of Panama,True Sample,Snapping shrimp
7327-G,Istmo S5,E,6,7327-G,Gill,4193,10.5,TRANS-03,Alpheus panamensis,Intertidal under rocks,A. panamensis / A. formosus,A. formosus*,A. formosus,Yes,Pair with 7326,Pacific,Bay of Panama,Bay of Panama,True Sample,Snapping shrimp
7327-M,Istmo S5,E,7,7327-M,Midgut,4193,10.5,TRANS-03,Alpheus panamensis,Intertidal under rocks,A. panamensis / A. formosus,A. formosus*,A. formosus,Yes,Pair with 7326,Pacific,Bay of Panama,Bay of Panama,True Sample,Snapping shrimp
7327-S,Istmo S5,E,8,7327-S,Stomach,4193,10.5,TRANS-03,Alpheus panamensis,Intertidal under rocks,A. panamensis / A. formosus,A. formosus*,A. formosus,Yes,Pair with 7326,Pacific,Bay of Panama,Bay of Panama,True Sample,Snapping shrimp
7327-E,Istmo S5,E,9,7327-E,Egg,4193,10.5,TRANS-03,Alpheus panamensis,Intertidal under rocks,A. panamensis / A. formosus,A. formosus*,A. formosus,Yes,Pair with 7326,Pacific,Bay of Panama,Bay of Panama,True Sample,Snapping shrimp
7330-H,Istmo S5,F,10,7330-H,Hepatopancreas,4206,11.4,TRANS-03,Alpheus panamensis,Intertidal under rocks,A. panamensis / A. formosus,A. formosus*,A. formosus,Yes,Pair with 7329,Pacific,Bay of Panama,Bay of Panama,True Sample,Snapping shrimp
7330-G,Istmo S5,F,11,7330-G,Gill,4206,11.4,TRANS-03,Alpheus panamensis,Intertidal under rocks,A. panamensis / A. formosus,A. formosus*,A. formosus,Yes,Pair with 7329,Pacific,Bay of Panama,Bay of Panama,True Sample,Snapping shrimp
7330-M,Istmo S5,F,12,7330-M,Midgut,4206,11.4,TRANS-03,Alpheus panamensis,Intertidal under rocks,A. panamensis / A. formosus,A. formosus*,A. formosus,Yes,Pair with 7329,Pacific,Bay of Panama,Bay of Panama,True Sample,Snapping shrimp
7330-S,Istmo S5,G,1,7330-S,Stomach,4206,11.4,TRANS-03,Alpheus panamensis,Intertidal under rocks,A. panamensis / A. formosus,A. formosus*,A. formosus,Yes,Pair with 7329,Pacific,Bay of Panama,Bay of Panama,True Sample,Snapping shrimp
7331-G,Istmo S5,C,4,7331-G,Gill,4210,13.6,TRANS-03,Alpheus panamensis,Intertidal under rocks,A. panamensis / A. formosus,A. formosus*,A. formosus,Yes,Pair with 7332,Pacific,Bay of Panama,Bay of Panama,True Sample,Snapping shrimp
7331-H,Istmo S5,C,5,7331-H,Hepatopancreas,4210,13.6,TRANS-03,Alpheus panamensis,Intertidal under rocks,A. panamensis / A. formosus,A. formosus*,A. formosus,Yes,Pair with 7332,Pacific,Bay of Panama,Bay of Panama,True Sample,Snapping shrimp
7331-M,Istmo S5,C,6,7331-M,Midgut,4210,13.6,TRANS-03,Alpheus panamensis,Intertidal under rocks,A. panamensis / A. formosus,A. formosus*,A. formosus,Yes,Pair with 7332,Pacific,Bay of Panama,Bay of Panama,True Sample,Snapping shrimp
7332-H,Istmo S5,D,4,7332-H,Hepatopancreas,4213,11.1,TRANS-03,Alpheus panamensis,Intertidal under rocks,A. panamensis / A. formosus,A. formosus*,A. formosus,Yes,Pair with 7331,Pacific,Bay of Panama,Bay of Panama,True Sample,Snapping shrimp
7332-G,Istmo S5,D,5,7332-G,Gill,4213,11.1,TRANS-03,Alpheus panamensis,Intertidal under rocks,A. panamensis / A. formosus,A. formosus*,A. formosus,Yes,Pair with 7331,Pacific,Bay of Panama,Bay of Panama,True Sample,Snapping shrimp
7332-S,Istmo S5,D,6,7332-S,Stomach,4213,11.1,TRANS-03,Alpheus panamensis,Intertidal under rocks,A. panamensis / A. formosus,A. formosus*,A. formosus,Yes,Pair with 7331,Pacific,Bay of Panama,Bay of Panama,True Sample,Snapping shrimp
7332-H-M,Istmo S5,D,7,7332-H-M,Hepatopancreas,4213,11.1,TRANS-03,Alpheus panamensis,Intertidal under rocks,A. panamensis / A. formosus,A. formosus*,A. formosus,Yes,Pair with 7331,Pacific,Bay of Panama,Bay of Panama,True Sample,Snapping shrimp
7357-G,Istmo S5,D,12,7357-G,Gill,4312,8.7,TRANS-04,Alpheus hebes,Intertidal cracks rocks,no_pair,A. leviusculus 1,A. hebes,Yes,,Pacific,Bay of Panama,Bay of Panama,True Sample,Snapping shrimp
7357-M,Istmo S5,E,2,7357-M,Midgut,4312,8.7,TRANS-04,Alpheus hebes,Intertidal cracks rocks,no_pair,A. leviusculus 1,A. hebes,Yes,,Pacific,Bay of Panama,Bay of Panama,True Sample,Snapping shrimp
7357-H,Istmo S5,E,3,7357-H,Hepatopancreas,4312,8.7,TRANS-04,Alpheus hebes,Intertidal cracks rocks,no_pair,A. leviusculus 1,A. hebes,Yes,,Pacific,Bay of Panama,Bay of Panama,True Sample,Snapping shrimp
7357-S,Istmo S5,E,4,7357-S,Stomach,4312,8.7,TRANS-04,Alpheus hebes,Intertidal cracks rocks,no_pair,A. leviusculus 1,A. hebes,Yes,,Pacific,Bay of Panama,Bay of Panama,True Sample,Snapping shrimp
7358-S,Istmo S5,H,7,7358-S,Stomach,4317,6.2,TRANS-04,Alpheus hebes,Intertidal cracks rocks,no_pair,A. leviusculus 1,A. hebes,Yes,,Pacific,Bay of Panama,Bay of Panama,True Sample,Snapping shrimp
7358-M,Istmo S5,H,8,7358-M,Midgut,4317,6.2,TRANS-04,Alpheus hebes,Intertidal cracks rocks,no_pair,A. leviusculus 1,A. hebes,Yes,,Pacific,Bay of Panama,Bay of Panama,True Sample,Snapping shrimp
7358-H,Istmo S5,H,9,7358-H,Hepatopancreas,4317,6.2,TRANS-04,Alpheus hebes,Intertidal cracks rocks,no_pair,A. leviusculus 1,A. hebes,Yes,,Pacific,Bay of Panama,Bay of Panama,True Sample,Snapping shrimp
7359-H,Istmo S5,G,2,7359-H,Hepatopancreas,4319,7.1,TRANS-04,Alpheus hebes,Intertidal cracks rocks,no_pair,A. leviusculus 1,A. hebes,Yes,,Pacific,Bay of Panama,Bay of Panama,True Sample,Snapping shrimp
7359-G,Istmo S5,G,3,7359-G,Gill,4319,7.1,TRANS-04,Alpheus hebes,Intertidal cracks rocks,no_pair,A. leviusculus 1,A. hebes,Yes,,Pacific,Bay of Panama,Bay of Panama,True Sample,Snapping shrimp
7359-S,Istmo S5,G,4,7359-S,Stomach,4319,7.1,TRANS-04,Alpheus hebes,Intertidal cracks rocks,no_pair,A. leviusculus 1,A. hebes,Yes,,Pacific,Bay of Panama,Bay of Panama,True Sample,Snapping shrimp
7359-M,Istmo S5,G,5,7359-M,Midgut,4319,7.1,TRANS-04,Alpheus hebes,Intertidal cracks rocks,no_pair,A. leviusculus 1,A. hebes,Yes,,Pacific,Bay of Panama,Bay of Panama,True Sample,Snapping shrimp
7359-E,Istmo S5,G,6,7359-E,Egg,4319,7.1,TRANS-04,Alpheus hebes,Intertidal cracks rocks,no_pair,A. leviusculus 1,A. hebes,Yes,,Pacific,Bay of Panama,Bay of Panama,True Sample,Snapping shrimp
7360-H,Istmo S5,F,6,7360-H,Hepatopancreas,4321,8.6,TRANS-04,Alpheus hebes,Intertidal cracks rocks,no_pair,A. leviusculus 1,A. hebes,Yes,,Pacific,Bay of Panama,Bay of Panama,True Sample,Snapping shrimp
7360-G,Istmo S5,F,7,7360-G,Gill,4321,8.6,TRANS-04,Alpheus hebes,Intertidal cracks rocks,no_pair,A. leviusculus 1,A. hebes,Yes,,Pacific,Bay of Panama,Bay of Panama,True Sample,Snapping shrimp
7360-M,Istmo S5,F,8,7360-M,Midgut,4321,8.6,TRANS-04,Alpheus hebes,Intertidal cracks rocks,no_pair,A. leviusculus 1,A. hebes,Yes,,Pacific,Bay of Panama,Bay of Panama,True Sample,Snapping shrimp
7360-S,Istmo S5,F,9,7360-S,Stomach,4321,8.6,TRANS-04,Alpheus hebes,Intertidal cracks rocks,no_pair,A. leviusculus 1,A. hebes,Yes,,Pacific,Bay of Panama,Bay of Panama,True Sample,Snapping shrimp
7366-S,Istmo S5,G,11,7366-S,Stomach,4338,9.9,TRANS-06,Alpheus galapagensis,Intertidal under rocks,no_pair,A. edwardsii 1,A. nuttingi,Yes,Pair with 7365,Pacific,Bay of Panama,Bay of Panama,True Sample,Snapping shrimp
7366-M,Istmo S5,G,12,7366-M,Midgut,4338,9.9,TRANS-06,Alpheus galapagensis,Intertidal under rocks,no_pair,A. edwardsii 1,A. nuttingi,Yes,Pair with 7365,Pacific,Bay of Panama,Bay of Panama,True Sample,Snapping shrimp
7366-H,Istmo S5,H,1,7366-H,Hepatopancreas,4338,9.9,TRANS-06,Alpheus galapagensis,Intertidal under rocks,no_pair,A. edwardsii 1,A. nuttingi,Yes,Pair with 7365,Pacific,Bay of Panama,Bay of Panama,True Sample,Snapping shrimp
7366-G,Istmo S5,H,2,7366-G,Gill,4338,9.9,TRANS-06,Alpheus galapagensis,Intertidal under rocks,no_pair,A. edwardsii 1,A. nuttingi,Yes,Pair with 7365,Pacific,Bay of Panama,Bay of Panama,True Sample,Snapping shrimp
7367-H,Istmo S5,D,8,7367-H,Hepatopancreas,4341,10.9,TRANS-06,Alpheus galapagensis,Intertidal under rocks,no_pair,A. edwardsii 1,A. nuttingi,Yes,Pair with 7368,Pacific,Bay of Panama,Bay of Panama,True Sample,Snapping shrimp
7367-E,Istmo S5,D,9,7367-E,Egg,4341,10.9,TRANS-06,Alpheus galapagensis,Intertidal under rocks,no_pair,A. edwardsii 1,A. nuttingi,Yes,Pair with 7368,Pacific,Bay of Panama,Bay of Panama,True Sample,Snapping shrimp
7367-S,Istmo S5,D,10,7367-S,Stomach,4341,10.9,TRANS-06,Alpheus galapagensis,Intertidal under rocks,no_pair,A. edwardsii 1,A. nuttingi,Yes,Pair with 7368,Pacific,Bay of Panama,Bay of Panama,True Sample,Snapping shrimp
7367-G,Istmo S5,D,11,7367-G,Gill,4341,10.9,TRANS-06,Alpheus galapagensis,Intertidal under rocks,no_pair,A. edwardsii 1,A. nuttingi,Yes,Pair with 7368,Pacific,Bay of Panama,Bay of Panama,True Sample,Snapping shrimp
7367-M,Istmo S5,E,1,7367-M,Midgut,4341,10.9,TRANS-06,Alpheus galapagensis,Intertidal under rocks,no_pair,A. edwardsii 1,A. nuttingi,Yes,Pair with 7368,Pacific,Bay of Panama,Bay of Panama,True Sample,Snapping shrimp
7368-S,Istmo S5,H,3,7368-S,Stomach,4345,9.7,TRANS-06,Alpheus galapagensis,Intertidal under rocks,no_pair,A. edwardsii 1,A. nuttingi,Yes,Pair with 7367,Pacific,Bay of Panama,Bay of Panama,True Sample,Snapping shrimp
7368-M,Istmo S5,H,4,7368-M,Midgut,4345,9.7,TRANS-06,Alpheus galapagensis,Intertidal under rocks,no_pair,A. edwardsii 1,A. nuttingi,Yes,Pair with 7367,Pacific,Bay of Panama,Bay of Panama,True Sample,Snapping shrimp
7368-H,Istmo S5,H,5,7368-H,Hepatopancreas,4345,9.7,TRANS-06,Alpheus galapagensis,Intertidal under rocks,no_pair,A. edwardsii 1,A. nuttingi,Yes,Pair with 7367,Pacific,Bay of Panama,Bay of Panama,True Sample,Snapping shrimp
7368-G,Istmo S5,H,6,7368-G,Gill,4345,9.7,TRANS-06,Alpheus galapagensis,Intertidal under rocks,no_pair,A. edwardsii 1,A. nuttingi,Yes,Pair with 7367,Pacific,Bay of Panama,Bay of Panama,True Sample,Snapping shrimp
7369-G,Istmo S5,E,10,7369-G,Gill,4348,9.9,TRANS-06,Alpheus galapagensis,Intertidal under rocks,no_pair,A. edwardsii 1,A. nuttingi,Yes,,Pacific,Bay of Panama,Bay of Panama,True Sample,Snapping shrimp
7369-H,Istmo S5,E,11,7369-H,Hepatopancreas,4348,9.9,TRANS-06,Alpheus galapagensis,Intertidal under rocks,no_pair,A. edwardsii 1,A. nuttingi,Yes,,Pacific,Bay of Panama,Bay of Panama,True Sample,Snapping shrimp
7369-M,Istmo S5,E,12,7369-M,Midgut,4348,9.9,TRANS-06,Alpheus galapagensis,Intertidal under rocks,no_pair,A. edwardsii 1,A. nuttingi,Yes,,Pacific,Bay of Panama,Bay of Panama,True Sample,Snapping shrimp
7369-S,Istmo S5,F,1,7369-S,Stomach,4348,9.9,TRANS-06,Alpheus galapagensis,Intertidal under rocks,no_pair,A. edwardsii 1,A. nuttingi,Yes,,Pacific,Bay of Panama,Bay of Panama,True Sample,Snapping shrimp
7381-H,Istmo S5,C,7,7381-H,Hepatopancreas,4477,6.9,TRANS-08,Alpheus javieri,Intertidal cracks rocks,A. javieri / A. bouvieri,A. leviusculus 1,A. bouvieri,Yes,,Pacific,Bay of Panama,Bay of Panama,True Sample,Snapping shrimp
7381-G,Istmo S5,C,8,7381-G,Gill,4477,6.9,TRANS-08,Alpheus javieri,Intertidal cracks rocks,A. javieri / A. bouvieri,A. leviusculus 1,A. bouvieri,Yes,,Pacific,Bay of Panama,Bay of Panama,True Sample,Snapping shrimp
7381-S,Istmo S5,C,9,7381-S,Stomach,4477,6.9,TRANS-08,Alpheus javieri,Intertidal cracks rocks,A. javieri / A. bouvieri,A. leviusculus 1,A. bouvieri,Yes,,Pacific,Bay of Panama,Bay of Panama,True Sample,Snapping shrimp
7381-M,Istmo S5,C,10,7381-M,Midgut,4477,6.9,TRANS-08,Alpheus javieri,Intertidal cracks rocks,A. javieri / A. bouvieri,A. leviusculus 1,A. bouvieri,Yes,,Pacific,Bay of Panama,Bay of Panama,True Sample,Snapping shrimp
7381-E,Istmo S5,C,11,7381-E,Egg,4477,6.9,TRANS-08,Alpheus javieri,Intertidal cracks rocks,A. javieri / A. bouvieri,A. leviusculus 1,A. bouvieri,Yes,,Pacific,Bay of Panama,Bay of Panama,True Sample,Snapping shrimp
8497-G,Istmo S5,B,1,8497-G,Gill,7157,9.3,TRANS-40,Alpheus saxidomus,Subtidal cracks exposed,A. saxidomus / A. simus,A. obesomanus 2,A. simus,ND,,Pacific,Bay of Chiriqui,Bay of Chiriqui,True Sample,Snapping shrimp
8497-H,Istmo S5,B,2,8497-H,Hepatopancreas,7157,9.3,TRANS-40,Alpheus saxidomus,Subtidal cracks exposed,A. saxidomus / A. simus,A. obesomanus 2,A. simus,ND,,Pacific,Bay of Chiriqui,Bay of Chiriqui,True Sample,Snapping shrimp
8497-M,Istmo S5,B,3,8497-M,Midgut,7157,9.3,TRANS-40,Alpheus saxidomus,Subtidal cracks exposed,A. saxidomus / A. simus,A. obesomanus 2,A. simus,ND,,Pacific,Bay of Chiriqui,Bay of Chiriqui,True Sample,Snapping shrimp
8612-G,Istmo S5,A,6,8612-G,Gill,ND,ND,TRANS-40,Alpheus saxidomus,Subtidal cracks exposed,A. saxidomus / A. simus,A. obesomanus 2,A. simus,ND,"Photographed by Arthur, procesed later in the day",Pacific,Bay of Chiriqui,Bay of Chiriqui,True Sample,Snapping shrimp
8612-H,Istmo S5,A,7,8612-H,Hepatopancreas,ND,ND,TRANS-40,Alpheus saxidomus,Subtidal cracks exposed,A. saxidomus / A. simus,A. obesomanus 2,A. simus,ND,"Photographed by Arthur, procesed later in the day",Pacific,Bay of Chiriqui,Bay of Chiriqui,True Sample,Snapping shrimp
8612-E,Istmo S5,A,8,8612-E,Egg,ND,ND,TRANS-40,Alpheus saxidomus,Subtidal cracks exposed,A. saxidomus / A. simus,A. obesomanus 2,A. simus,ND,"Photographed by Arthur, procesed later in the day",Pacific,Bay of Chiriqui,Bay of Chiriqui,True Sample,Snapping shrimp
8673-H,Istmo S5,A,1,8673-H,Hepatopancreas,7282,8,TRANS-47,Alpheus saxidomus,Subtidal cracks exposed,A. saxidomus / A. simus,A. obesomanus 2,A. simus,ND,,Pacific,Bay of Chiriqui,Bay of Chiriqui,True Sample,Snapping shrimp
8673-G,Istmo S5,A,2,8673-G,Gill,7282,8,TRANS-47,Alpheus saxidomus,Subtidal cracks exposed,A. saxidomus / A. simus,A. obesomanus 2,A. simus,ND,,Pacific,Bay of Chiriqui,Bay of Chiriqui,True Sample,Snapping shrimp
8673-E,Istmo S5,A,4,8673-E,Egg,7282,8,TRANS-47,Alpheus saxidomus,Subtidal cracks exposed,A. saxidomus / A. simus,A. obesomanus 2,A. simus,ND,,Pacific,Bay of Chiriqui,Bay of Chiriqui,True Sample,Snapping shrimp
8673-M,Istmo S5,A,5,8673-M,Midgut,7282,8,TRANS-47,Alpheus saxidomus,Subtidal cracks exposed,A. saxidomus / A. simus,A. obesomanus 2,A. simus,ND,,Pacific,Bay of Chiriqui,Bay of Chiriqui,True Sample,Snapping shrimp
8678-H,Istmo S5,A,3,8678-H,Hepatopancreas,7287,9.3,TRANS-47,Alpheus saxidomus,Subtidal cracks exposed,A. saxidomus / A. simus,A. obesomanus 2,A. simus,ND,,Pacific,Bay of Chiriqui,Bay of Chiriqui,True Sample,Snapping shrimp
8686-G,Istmo S5,A,9,8686-G,Gill,7296,9.5,TRANS-47,Alpheus saxidomus,Subtidal cracks exposed,A. saxidomus / A. simus,A. obesomanus 2,A. simus,ND,Pair with 8687,Pacific,Bay of Chiriqui,Bay of Chiriqui,True Sample,Snapping shrimp
8686-H,Istmo S5,A,10,8686-H,Hepatopancreas,7296,9.5,TRANS-47,Alpheus saxidomus,Subtidal cracks exposed,A. saxidomus / A. simus,A. obesomanus 2,A. simus,ND,Pair with 8687,Pacific,Bay of Chiriqui,Bay of Chiriqui,True Sample,Snapping shrimp
8686-E,Istmo S5,A,11,8686-E,Egg,7296,9.5,TRANS-47,Alpheus saxidomus,Subtidal cracks exposed,A. saxidomus / A. simus,A. obesomanus 2,A. simus,ND,Pair with 8687,Pacific,Bay of Chiriqui,Bay of Chiriqui,True Sample,Snapping shrimp
8686-M,Istmo S5,A,12,8686-M,Midgut,7296,9.5,TRANS-47,Alpheus saxidomus,Subtidal cracks exposed,A. saxidomus / A. simus,A. obesomanus 2,A. simus,ND,Pair with 8687,Pacific,Bay of Chiriqui,Bay of Chiriqui,True Sample,Snapping shrimp
9243-E,Istmo S5,B,4,9243-E,Egg,8422,8.7,TRANS-64,Alpheus saxidomus,Subtidal cracks exposed,A. saxidomus / A. simus,A. obesomanus 2,A. simus,ND,,Pacific,Bay of Panama-Las Perlas,Bay of Panama,True Sample,Snapping shrimp
9243-G,Istmo S5,B,5,9243-G,Gill,8422,8.7,TRANS-64,Alpheus saxidomus,Subtidal cracks exposed,A. saxidomus / A. simus,A. obesomanus 2,A. simus,ND,,Pacific,Bay of Panama-Las Perlas,Bay of Panama,True Sample,Snapping shrimp
9243-H,Istmo S5,B,6,9243-H,Hepatopancreas,8422,8.7,TRANS-64,Alpheus saxidomus,Subtidal cracks exposed,A. saxidomus / A. simus,A. obesomanus 2,A. simus,ND,,Pacific,Bay of Panama-Las Perlas,Bay of Panama,True Sample,Snapping shrimp
9243-M,Istmo S5,B,7,9243-M,Midgut,8422,8.7,TRANS-64,Alpheus saxidomus,Subtidal cracks exposed,A. saxidomus / A. simus,A. obesomanus 2,A. simus,ND,,Pacific,Bay of Panama-Las Perlas,Bay of Panama,True Sample,Snapping shrimp
9245-E,Istmo S5,C,12,9245-E,Egg,8431,9.4,TRANS-64,Alpheus saxidomus,Subtidal cracks exposed,A. saxidomus / A. simus,A. obesomanus 2,A. simus,ND,,Pacific,Bay of Panama-Las Perlas,Bay of Panama,True Sample,Snapping shrimp
9245-M,Istmo S5,D,1,9245-M,Midgut,8431,9.4,TRANS-64,Alpheus saxidomus,Subtidal cracks exposed,A. saxidomus / A. simus,A. obesomanus 2,A. simus,ND,,Pacific,Bay of Panama-Las Perlas,Bay of Panama,True Sample,Snapping shrimp
9245-G,Istmo S5,D,2,9245-G,Gill,8431,9.4,TRANS-64,Alpheus saxidomus,Subtidal cracks exposed,A. saxidomus / A. simus,A. obesomanus 2,A. simus,ND,,Pacific,Bay of Panama-Las Perlas,Bay of Panama,True Sample,Snapping shrimp
9245-H,Istmo S5,D,3,9245-H,Hepatopancreas,8431,9.4,TRANS-64,Alpheus saxidomus,Subtidal cracks exposed,A. saxidomus / A. simus,A. obesomanus 2,A. simus,ND,,Pacific,Bay of Panama-Las Perlas,Bay of Panama,True Sample,Snapping shrimp
9257-E,Istmo S5,B,8,9257-E,Egg,8403,8.7,TRANS-64,Alpheus saxidomus,Subtidal cracks exposed,A. saxidomus / A. simus,A. obesomanus 2,A. simus,ND,Pair with 9256,Pacific,Bay of Panama-Las Perlas,Bay of Panama,True Sample,Snapping shrimp
9257-G,Istmo S5,B,9,9257-G,Gill,8403,8.7,TRANS-64,Alpheus saxidomus,Subtidal cracks exposed,A. saxidomus / A. simus,A. obesomanus 2,A. simus,ND,Pair with 9256,Pacific,Bay of Panama-Las Perlas,Bay of Panama,True Sample,Snapping shrimp
9257-H,Istmo S5,B,10,9257-H,Hepatopancreas,8403,8.7,TRANS-64,Alpheus saxidomus,Subtidal cracks exposed,A. saxidomus / A. simus,A. obesomanus 2,A. simus,ND,Pair with 9256,Pacific,Bay of Panama-Las Perlas,Bay of Panama,True Sample,Snapping shrimp
9257-M,Istmo S5,B,11,9257-M,Midgut,8403,8.7,TRANS-64,Alpheus saxidomus,Subtidal cracks exposed,A. saxidomus / A. simus,A. obesomanus 2,A. simus,ND,Pair with 9256,Pacific,Bay of Panama-Las Perlas,Bay of Panama,True Sample,Snapping shrimp
9261-H,Istmo S5,B,12,9261-H,Hepatopancreas,8401,8.6,TRANS-64,Alpheus saxidomus,Subtidal cracks exposed,A. saxidomus / A. simus,A. obesomanus 2,A. simus,ND,Pair with 9260,Pacific,Bay of Panama-Las Perlas,Bay of Panama,True Sample,Snapping shrimp
9261-M,Istmo S5,C,1,9261-M,Midgut,8401,8.6,TRANS-64,Alpheus saxidomus,Subtidal cracks exposed,A. saxidomus / A. simus,A. obesomanus 2,A. simus,ND,Pair with 9260,Pacific,Bay of Panama-Las Perlas,Bay of Panama,True Sample,Snapping shrimp
9261-E,Istmo S5,C,2,9261-E,Egg,8401,8.6,TRANS-64,Alpheus saxidomus,Subtidal cracks exposed,A. saxidomus / A. simus,A. obesomanus 2,A. simus,ND,Pair with 9260,Pacific,Bay of Panama-Las Perlas,Bay of Panama,True Sample,Snapping shrimp
9261-G,Istmo S5,C,3,9261-G,Gill,8401,8.6,TRANS-64,Alpheus saxidomus,Subtidal cracks exposed,A. saxidomus / A. simus,A. obesomanus 2,A. simus,ND,Pair with 9260,Pacific,Bay of Panama-Las Perlas,Bay of Panama,True Sample,Snapping shrimp
Control-1,Istmo S5,H,10,Control-1,Control,Control,Control,Control,Control,Control,Control,Control,Control,Control,Control,Control,Control,Control,Control Sample,Control
Control-2,Istmo S5,H,11,Control-2,Control,Control,Control,Control,Control,Control,Control,Control,Control,Control,Control,Control,Control,Control,Control Sample,Control
Control-3,Istmo S5,H,12,Control-3,Control,Control,Control,Control,Control,Control,Control,Control,Control,Control,Control,Control,Control,Control,Control Sample,Control
7264-S,Istmo S7,B,6,7264-S,Stomach,4042,7.6,TRANS-01,Alpheus javieri,Intertidal cracks rocks,A. javieri / A. bouvieri,A. leviusculus 1,A. bouvieri,Yes,,Pacific,Bay of Panama,Bay of Panama,True Sample,Snapping shrimp
7264-M,Istmo S7,B,7,7264-M,Midgut,4042,7.6,TRANS-01,Alpheus javieri,Intertidal cracks rocks,A. javieri / A. bouvieri,A. leviusculus 1,A. bouvieri,Yes,,Pacific,Bay of Panama,Bay of Panama,True Sample,Snapping shrimp
7264-H,Istmo S7,B,8,7264-H,Hepatopancreas,4042,7.6,TRANS-01,Alpheus javieri,Intertidal cracks rocks,A. javieri / A. bouvieri,A. leviusculus 1,A. bouvieri,Yes,,Pacific,Bay of Panama,Bay of Panama,True Sample,Snapping shrimp
7264-G,Istmo S7,B,9,7264-G,Gill,4042,7.6,TRANS-01,Alpheus javieri,Intertidal cracks rocks,A. javieri / A. bouvieri,A. leviusculus 1,A. bouvieri,Yes,,Pacific,Bay of Panama,Bay of Panama,True Sample,Snapping shrimp
7265-S,Istmo S7,E,3,7265-S,Stomach,4077,12.4,TRANS-01,Alpheus galapagensis,Intertidal under rocks,no_pair,A. edwardsii 1,A. nuttingi,Yes,,Pacific,Bay of Panama,Bay of Panama,True Sample,Snapping shrimp
7265-M,Istmo S7,E,4,7265-M,Midgut,4077,12.4,TRANS-01,Alpheus galapagensis,Intertidal under rocks,no_pair,A. edwardsii 1,A. nuttingi,Yes,,Pacific,Bay of Panama,Bay of Panama,True Sample,Snapping shrimp
7265-H,Istmo S7,E,5,7265-H,Hepatopancreas,4077,12.4,TRANS-01,Alpheus galapagensis,Intertidal under rocks,no_pair,A. edwardsii 1,A. nuttingi,Yes,,Pacific,Bay of Panama,Bay of Panama,True Sample,Snapping shrimp
7265-G,Istmo S7,E,6,7265-G,Gill,4077,12.4,TRANS-01,Alpheus galapagensis,Intertidal under rocks,no_pair,A. edwardsii 1,A. nuttingi,Yes,,Pacific,Bay of Panama,Bay of Panama,True Sample,Snapping shrimp
7265-E,Istmo S7,E,7,7265-E,Egg,4077,12.4,TRANS-01,Alpheus galapagensis,Intertidal under rocks,no_pair,A. edwardsii 1,A. nuttingi,Yes,,Pacific,Bay of Panama,Bay of Panama,True Sample,Snapping shrimp
7270-S,Istmo S7,B,10,7270-S,Stomach,4074,7.7,TRANS-01,Alpheus javieri,Intertidal cracks rocks,A. javieri / A. bouvieri,A. leviusculus 1,A. bouvieri,Yes,,Pacific,Bay of Panama,Bay of Panama,True Sample,Snapping shrimp
7270-M,Istmo S7,B,11,7270-M,Midgut,4074,7.7,TRANS-01,Alpheus javieri,Intertidal cracks rocks,A. javieri / A. bouvieri,A. leviusculus 1,A. bouvieri,Yes,,Pacific,Bay of Panama,Bay of Panama,True Sample,Snapping shrimp
7270-H,Istmo S7,B,12,7270-H,Hepatopancreas,4074,7.7,TRANS-01,Alpheus javieri,Intertidal cracks rocks,A. javieri / A. bouvieri,A. leviusculus 1,A. bouvieri,Yes,,Pacific,Bay of Panama,Bay of Panama,True Sample,Snapping shrimp
7270-G,Istmo S7,C,1,7270-G,Gill,4074,7.7,TRANS-01,Alpheus javieri,Intertidal cracks rocks,A. javieri / A. bouvieri,A. leviusculus 1,A. bouvieri,Yes,,Pacific,Bay of Panama,Bay of Panama,True Sample,Snapping shrimp
7277-S,Istmo S7,C,10,7277-S,Stomach,4051,7.3,TRANS-01,Alpheus javieri,Intertidal cracks rocks,A. javieri / A. bouvieri,A. leviusculus 1,A. bouvieri,Yes,,Pacific,Bay of Panama,Bay of Panama,True Sample,Snapping shrimp
7277-M,Istmo S7,C,11,7277-M,Midgut,4051,7.3,TRANS-01,Alpheus javieri,Intertidal cracks rocks,A. javieri / A. bouvieri,A. leviusculus 1,A. bouvieri,Yes,,Pacific,Bay of Panama,Bay of Panama,True Sample,Snapping shrimp
7277-H,Istmo S7,C,12,7277-H,Hepatopancreas,4051,7.3,TRANS-01,Alpheus javieri,Intertidal cracks rocks,A. javieri / A. bouvieri,A. leviusculus 1,A. bouvieri,Yes,,Pacific,Bay of Panama,Bay of Panama,True Sample,Snapping shrimp
7277-G,Istmo S7,D,1,7277-G,Gill,4051,7.3,TRANS-01,Alpheus javieri,Intertidal cracks rocks,A. javieri / A. bouvieri,A. leviusculus 1,A. bouvieri,Yes,,Pacific,Bay of Panama,Bay of Panama,True Sample,Snapping shrimp
7280-S,Istmo S7,D,6,7280-S,Stomach,4071,7,TRANS-01,Alpheus javieri,Intertidal cracks rocks,A. javieri / A. bouvieri,A. leviusculus 1,A. bouvieri,Yes,,Pacific,Bay of Panama,Bay of Panama,True Sample,Snapping shrimp
7280-M,Istmo S7,D,7,7280-M,Midgut,4071,7,TRANS-01,Alpheus javieri,Intertidal cracks rocks,A. javieri / A. bouvieri,A. leviusculus 1,A. bouvieri,Yes,,Pacific,Bay of Panama,Bay of Panama,True Sample,Snapping shrimp
7280-H,Istmo S7,D,8,7280-H,Hepatopancreas,4071,7,TRANS-01,Alpheus javieri,Intertidal cracks rocks,A. javieri / A. bouvieri,A. leviusculus 1,A. bouvieri,Yes,,Pacific,Bay of Panama,Bay of Panama,True Sample,Snapping shrimp
7280-G,Istmo S7,D,9,7280-G,Gill,4071,7,TRANS-01,Alpheus javieri,Intertidal cracks rocks,A. javieri / A. bouvieri,A. leviusculus 1,A. bouvieri,Yes,,Pacific,Bay of Panama,Bay of Panama,True Sample,Snapping shrimp
7281-S,Istmo S7,C,2,7281-S,Stomach,4048,8.7,TRANS-01,Alpheus javieri,Intertidal cracks rocks,A. javieri / A. bouvieri,A. leviusculus 1,A. bouvieri,Yes,,Pacific,Bay of Panama,Bay of Panama,True Sample,Snapping shrimp
7281-M,Istmo S7,C,3,7281-M,Midgut,4048,8.7,TRANS-01,Alpheus javieri,Intertidal cracks rocks,A. javieri / A. bouvieri,A. leviusculus 1,A. bouvieri,Yes,,Pacific,Bay of Panama,Bay of Panama,True Sample,Snapping shrimp
7281-H,Istmo S7,C,4,7281-H,Hepatopancreas,4048,8.7,TRANS-01,Alpheus javieri,Intertidal cracks rocks,A. javieri / A. bouvieri,A. leviusculus 1,A. bouvieri,Yes,,Pacific,Bay of Panama,Bay of Panama,True Sample,Snapping shrimp
7281-G,Istmo S7,C,5,7281-G,Gill,4048,8.7,TRANS-01,Alpheus javieri,Intertidal cracks rocks,A. javieri / A. bouvieri,A. leviusculus 1,A. bouvieri,Yes,,Pacific,Bay of Panama,Bay of Panama,True Sample,Snapping shrimp
7286-S,Istmo S7,C,6,7286-S,Stomach,4103,7,TRANS-02,Alpheus javieri,Intertidal cracks rocks,A. javieri / A. bouvieri,A. leviusculus 1,A. bouvieri,Yes,,Pacific,Bay of Panama,Bay of Panama,True Sample,Snapping shrimp
7286-M,Istmo S7,C,7,7286-M,Midgut,4103,7,TRANS-02,Alpheus javieri,Intertidal cracks rocks,A. javieri / A. bouvieri,A. leviusculus 1,A. bouvieri,Yes,,Pacific,Bay of Panama,Bay of Panama,True Sample,Snapping shrimp
7286-H,Istmo S7,C,8,7286-H,Hepatopancreas,4103,7,TRANS-02,Alpheus javieri,Intertidal cracks rocks,A. javieri / A. bouvieri,A. leviusculus 1,A. bouvieri,Yes,,Pacific,Bay of Panama,Bay of Panama,True Sample,Snapping shrimp
7286-G,Istmo S7,C,9,7286-G,Gill,4103,7,TRANS-02,Alpheus javieri,Intertidal cracks rocks,A. javieri / A. bouvieri,A. leviusculus 1,A. bouvieri,Yes,,Pacific,Bay of Panama,Bay of Panama,True Sample,Snapping shrimp
7304-S,Istmo S7,D,10,7304-S,Stomach,4121,7.2,TRANS-02,Alpheus javieri,Intertidal cracks rocks,A. javieri / A. bouvieri,A. leviusculus 1,A. bouvieri,Yes,Pair with 7305,Pacific,Bay of Panama,Bay of Panama,True Sample,Snapping shrimp
7304-M,Istmo S7,D,11,7304-M,Midgut,4121,7.2,TRANS-02,Alpheus javieri,Intertidal cracks rocks,A. javieri / A. bouvieri,A. leviusculus 1,A. bouvieri,Yes,Pair with 7305,Pacific,Bay of Panama,Bay of Panama,True Sample,Snapping shrimp
7304-H,Istmo S7,D,12,7304-H,Hepatopancreas,4121,7.2,TRANS-02,Alpheus javieri,Intertidal cracks rocks,A. javieri / A. bouvieri,A. leviusculus 1,A. bouvieri,Yes,Pair with 7305,Pacific,Bay of Panama,Bay of Panama,True Sample,Snapping shrimp
7304-G,Istmo S7,E,1,7304-G,Gill,4121,7.2,TRANS-02,Alpheus javieri,Intertidal cracks rocks,A. javieri / A. bouvieri,A. leviusculus 1,A. bouvieri,Yes,Pair with 7305,Pacific,Bay of Panama,Bay of Panama,True Sample,Snapping shrimp
7304-E,Istmo S7,E,2,7304-E,Egg,4121,7.2,TRANS-02,Alpheus javieri,Intertidal cracks rocks,A. javieri / A. bouvieri,A. leviusculus 1,A. bouvieri,Yes,Pair with 7305,Pacific,Bay of Panama,Bay of Panama,True Sample,Snapping shrimp
7318-S,Istmo S7,D,2,7318-S,Stomach,4129,8.6,TRANS-02,Alpheus javieri,Intertidal cracks rocks,A. javieri / A. bouvieri,A. leviusculus 1,A. bouvieri,Yes,,Pacific,Bay of Panama,Bay of Panama,True Sample,Snapping shrimp
7318-M,Istmo S7,D,3,7318-M,Midgut,4129,8.6,TRANS-02,Alpheus javieri,Intertidal cracks rocks,A. javieri / A. bouvieri,A. leviusculus 1,A. bouvieri,Yes,,Pacific,Bay of Panama,Bay of Panama,True Sample,Snapping shrimp
7318-H,Istmo S7,D,4,7318-H,Hepatopancreas,4129,8.6,TRANS-02,Alpheus javieri,Intertidal cracks rocks,A. javieri / A. bouvieri,A. leviusculus 1,A. bouvieri,Yes,,Pacific,Bay of Panama,Bay of Panama,True Sample,Snapping shrimp
7318-G,Istmo S7,D,5,7318-G,Gill,4129,8.6,TRANS-02,Alpheus javieri,Intertidal cracks rocks,A. javieri / A. bouvieri,A. leviusculus 1,A. bouvieri,Yes,,Pacific,Bay of Panama,Bay of Panama,True Sample,Snapping shrimp
8158-G,Istmo S7,F,4,8158-G,Gill,ND,ND,ND,Unknown,Unknown,Unknown,Unknown,Unknown,,,Pacific,Unknown,Unknown,True Sample,Snapping shrimp
8158-E,Istmo S7,E,12,8158-E,Egg,ND,ND,ND,Unknown,Unknown,Unknown,Unknown,Unknown,,,Pacific,Unknown,Unknown,True Sample,Snapping shrimp
8158-S,Istmo S7,F,1,8158-S,Stomach,ND,ND,ND,Unknown,Unknown,Unknown,Unknown,Unknown,,,Pacific,Unknown,Unknown,True Sample,Snapping shrimp
8158-M,Istmo S7,F,2,8158-M,Midgut,ND,ND,ND,Unknown,Unknown,Unknown,Unknown,Unknown,,,Pacific,Unknown,Unknown,True Sample,Snapping shrimp
8158-H,Istmo S7,F,3,8158-H,Hepatopancreas,ND,ND,ND,Unknown,Unknown,Unknown,Unknown,Unknown,,,Pacific,Unknown,Unknown,True Sample,Snapping shrimp
8359-S,Istmo S7,E,8,8359-S,Stomach,7033,8,TRANS-28,Alpheus javieri,Intertidal cracks rocks,A. javieri / A. bouvieri,A. leviusculus 1,A. bouvieri,Yes,Pair with 8360,Pacific,Bay of Chiriqui,Bay of Chiriqui,True Sample,Snapping shrimp
8359-M,Istmo S7,E,9,8359-M,Midgut,7033,8,TRANS-28,Alpheus javieri,Intertidal cracks rocks,A. javieri / A. bouvieri,A. leviusculus 1,A. bouvieri,Yes,Pair with 8360,Pacific,Bay of Chiriqui,Bay of Chiriqui,True Sample,Snapping shrimp
8359-H,Istmo S7,E,10,8359-H,Hepatopancreas,7033,8,TRANS-28,Alpheus javieri,Intertidal cracks rocks,A. javieri / A. bouvieri,A. leviusculus 1,A. bouvieri,Yes,Pair with 8360,Pacific,Bay of Chiriqui,Bay of Chiriqui,True Sample,Snapping shrimp
8359-G,Istmo S7,E,11,8359-G,Gill,7033,8,TRANS-28,Alpheus javieri,Intertidal cracks rocks,A. javieri / A. bouvieri,A. leviusculus 1,A. bouvieri,Yes,Pair with 8360,Pacific,Bay of Chiriqui,Bay of Chiriqui,True Sample,Snapping shrimp
8379-S,Istmo S7,F,5,8379-S,Stomach,7051,6.8,TRANS-30,Alpheus javieri,Intertidal cracks rocks,A. javieri / A. bouvieri,A. leviusculus 1,A. bouvieri,Yes,,Pacific,Bay of Chiriqui,Bay of Chiriqui,True Sample,Snapping shrimp
8379-M,Istmo S7,F,6,8379-M,Midgut,7051,6.8,TRANS-30,Alpheus javieri,Intertidal cracks rocks,A. javieri / A. bouvieri,A. leviusculus 1,A. bouvieri,Yes,,Pacific,Bay of Chiriqui,Bay of Chiriqui,True Sample,Snapping shrimp
8379-H,Istmo S7,F,7,8379-H,Hepatopancreas,7051,6.8,TRANS-30,Alpheus javieri,Intertidal cracks rocks,A. javieri / A. bouvieri,A. leviusculus 1,A. bouvieri,Yes,,Pacific,Bay of Chiriqui,Bay of Chiriqui,True Sample,Snapping shrimp
8379-G,Istmo S7,F,8,8379-G,Gill,7051,6.8,TRANS-30,Alpheus javieri,Intertidal cracks rocks,A. javieri / A. bouvieri,A. leviusculus 1,A. bouvieri,Yes,,Pacific,Bay of Chiriqui,Bay of Chiriqui,True Sample,Snapping shrimp
8447-S,Istmo S7,G,9,8447-S,Stomach,ND,ND,TRANS-35,Alpheus utriensis,Subtidal rubble,A. utriensis / A. cristulifrons,A. crinitus,A. cristulifrons,No,Dead for just a few minutes,Pacific,Bay of Chiriqui,Bay of Chiriqui,True Sample,Snapping shrimp
8447-M,Istmo S7,G,10,8447-M,Midgut,ND,ND,TRANS-35,Alpheus utriensis,Subtidal rubble,A. utriensis / A. cristulifrons,A. crinitus,A. cristulifrons,No,Dead for just a few minutes,Pacific,Bay of Chiriqui,Bay of Chiriqui,True Sample,Snapping shrimp
8447-H,Istmo S7,G,11,8447-H,Hepatopancreas,ND,ND,TRANS-35,Alpheus utriensis,Subtidal rubble,A. utriensis / A. cristulifrons,A. crinitus,A. cristulifrons,No,Dead for just a few minutes,Pacific,Bay of Chiriqui,Bay of Chiriqui,True Sample,Snapping shrimp
8447-G,Istmo S7,G,12,8447-G,Gill,ND,ND,TRANS-35,Alpheus utriensis,Subtidal rubble,A. utriensis / A. cristulifrons,A. crinitus,A. cristulifrons,No,Dead for just a few minutes,Pacific,Bay of Chiriqui,Bay of Chiriqui,True Sample,Snapping shrimp
8448-E,Istmo S7,H,1,8448-E,Egg,7107,4.9,TRANS-35,Alpheus utriensis,Subtidal rubble,A. utriensis / A. cristulifrons,A. crinitus,A. cristulifrons,Yes,,Pacific,Bay of Chiriqui,Bay of Chiriqui,True Sample,Snapping shrimp
8448-S,Istmo S7,H,2,8448-S,Stomach,7107,4.9,TRANS-35,Alpheus utriensis,Subtidal rubble,A. utriensis / A. cristulifrons,A. crinitus,A. cristulifrons,Yes,,Pacific,Bay of Chiriqui,Bay of Chiriqui,True Sample,Snapping shrimp
8448-M,Istmo S7,H,3,8448-M,Midgut,7107,4.9,TRANS-35,Alpheus utriensis,Subtidal rubble,A. utriensis / A. cristulifrons,A. crinitus,A. cristulifrons,Yes,,Pacific,Bay of Chiriqui,Bay of Chiriqui,True Sample,Snapping shrimp
8448-H,Istmo S7,H,4,8448-H,Hepatopancreas,7107,4.9,TRANS-35,Alpheus utriensis,Subtidal rubble,A. utriensis / A. cristulifrons,A. crinitus,A. cristulifrons,Yes,,Pacific,Bay of Chiriqui,Bay of Chiriqui,True Sample,Snapping shrimp
8448-G,Istmo S7,H,5,8448-G,Gill,7107,4.9,TRANS-35,Alpheus utriensis,Subtidal rubble,A. utriensis / A. cristulifrons,A. crinitus,A. cristulifrons,Yes,,Pacific,Bay of Chiriqui,Bay of Chiriqui,True Sample,Snapping shrimp
8507-S,Istmo S7,H,6,8507-S,Stomach,7183,7.3,TRANS-40,Alpheus arenensis,Intertidal under rocks,A. arenensis / A. websteri,A. formosus*,A. websteri,,,Pacific,Bay of Chiriqui,Bay of Chiriqui,True Sample,Snapping shrimp
8507-M,Istmo S7,H,7,8507-M,Midgut,7183,7.3,TRANS-40,Alpheus arenensis,Intertidal under rocks,A. arenensis / A. websteri,A. formosus*,A. websteri,,,Pacific,Bay of Chiriqui,Bay of Chiriqui,True Sample,Snapping shrimp
8507-H,Istmo S7,H,8,8507-H,Hepatopancreas,7183,7.3,TRANS-40,Alpheus arenensis,Intertidal under rocks,A. arenensis / A. websteri,A. formosus*,A. websteri,,,Pacific,Bay of Chiriqui,Bay of Chiriqui,True Sample,Snapping shrimp
8507-G,Istmo S7,H,9,8507-G,Gill,7183,7.3,TRANS-40,Alpheus arenensis,Intertidal under rocks,A. arenensis / A. websteri,A. formosus*,A. websteri,,,Pacific,Bay of Chiriqui,Bay of Chiriqui,True Sample,Snapping shrimp
8614-S,Istmo S7,F,9,8614-S,Stomach,7225,5.8,TRANS-42,Alpheus fasciatus,Subtidal under rocks,A. fasciatus / A. paracrinitus no spot,A. paracrinitus*,A. paracrinitus,,,Pacific,Bay of Chiriqui,Bay of Chiriqui,True Sample,Snapping shrimp
8614-M,Istmo S7,F,10,8614-M,Midgut,7225,5.8,TRANS-42,Alpheus fasciatus,Subtidal under rocks,A. fasciatus / A. paracrinitus no spot,A. paracrinitus*,A. paracrinitus,,,Pacific,Bay of Chiriqui,Bay of Chiriqui,True Sample,Snapping shrimp
8614-H,Istmo S7,F,11,8614-H,Hepatopancreas,7225,5.8,TRANS-42,Alpheus fasciatus,Subtidal under rocks,A. fasciatus / A. paracrinitus no spot,A. paracrinitus*,A. paracrinitus,,,Pacific,Bay of Chiriqui,Bay of Chiriqui,True Sample,Snapping shrimp
8614-G,Istmo S7,F,12,8614-G,Gill,7225,5.8,TRANS-42,Alpheus fasciatus,Subtidal under rocks,A. fasciatus / A. paracrinitus no spot,A. paracrinitus*,A. paracrinitus,,,Pacific,Bay of Chiriqui,Bay of Chiriqui,True Sample,Snapping shrimp
8618-S,Istmo S7,G,1,8618-S,Stomach,7226,5.9,TRANS-42,Alpheus fasciatus,Subtidal under rocks,A. fasciatus / A. paracrinitus no spot,A. paracrinitus*,A. paracrinitus,,,Pacific,Bay of Chiriqui,Bay of Chiriqui,True Sample,Snapping shrimp
8618-M,Istmo S7,G,2,8618-M,Midgut,7226,5.9,TRANS-42,Alpheus fasciatus,Subtidal under rocks,A. fasciatus / A. paracrinitus no spot,A. paracrinitus*,A. paracrinitus,,,Pacific,Bay of Chiriqui,Bay of Chiriqui,True Sample,Snapping shrimp
8618-H,Istmo S7,G,3,8618-H,Hepatopancreas,7226,5.9,TRANS-42,Alpheus fasciatus,Subtidal under rocks,A. fasciatus / A. paracrinitus no spot,A. paracrinitus*,A. paracrinitus,,,Pacific,Bay of Chiriqui,Bay of Chiriqui,True Sample,Snapping shrimp
8618-G,Istmo S7,G,4,8618-G,Gill,7226,5.9,TRANS-42,Alpheus fasciatus,Subtidal under rocks,A. fasciatus / A. paracrinitus no spot,A. paracrinitus*,A. paracrinitus,,,Pacific,Bay of Chiriqui,Bay of Chiriqui,True Sample,Snapping shrimp
8620-G,Istmo S7,A,1,8620-G,Gill,7222,5.8,TRANS-42,Alpheus fasciatus,Subtidal under rocks,A. fasciatus / A. paracrinitus no spot,A. paracrinitus*,A. paracrinitus,,,Pacific,Bay of Chiriqui,Bay of Chiriqui,True Sample,Snapping shrimp
8620-H,Istmo S7,A,2,8620-H,Hepatopancreas,7222,5.8,TRANS-42,Alpheus fasciatus,Subtidal under rocks,A. fasciatus / A. paracrinitus no spot,A. paracrinitus*,A. paracrinitus,,,Pacific,Bay of Chiriqui,Bay of Chiriqui,True Sample,Snapping shrimp
8620-M,Istmo S7,A,3,8620-M,Midgut,7222,5.8,TRANS-42,Alpheus fasciatus,Subtidal under rocks,A. fasciatus / A. paracrinitus no spot,A. paracrinitus*,A. paracrinitus,,,Pacific,Bay of Chiriqui,Bay of Chiriqui,True Sample,Snapping shrimp
8620-S,Istmo S7,A,4,8620-S,Stomach,7222,5.8,TRANS-42,Alpheus fasciatus,Subtidal under rocks,A. fasciatus / A. paracrinitus no spot,A. paracrinitus*,A. paracrinitus,,,Pacific,Bay of Chiriqui,Bay of Chiriqui,True Sample,Snapping shrimp
8620-E,Istmo S7,A,5,8620-E,Egg,7222,5.8,TRANS-42,Alpheus fasciatus,Subtidal under rocks,A. fasciatus / A. paracrinitus no spot,A. paracrinitus*,A. paracrinitus,,,Pacific,Bay of Chiriqui,Bay of Chiriqui,True Sample,Snapping shrimp
8625-G,Istmo S7,A,6,8625-G,Gill,7231,10.1,TRANS-44,Alpheus arenensis,Intertidal under rocks,A. arenensis / A. websteri,A. formosus*,A. websteri,,,Pacific,Bay of Chiriqui,Bay of Chiriqui,True Sample,Snapping shrimp
8625-H,Istmo S7,A,7,8625-H,Hepatopancreas,7231,10.1,TRANS-44,Alpheus arenensis,Intertidal under rocks,A. arenensis / A. websteri,A. formosus*,A. websteri,,,Pacific,Bay of Chiriqui,Bay of Chiriqui,True Sample,Snapping shrimp
8625-M,Istmo S7,A,8,8625-M,Midgut,7231,10.1,TRANS-44,Alpheus arenensis,Intertidal under rocks,A. arenensis / A. websteri,A. formosus*,A. websteri,,,Pacific,Bay of Chiriqui,Bay of Chiriqui,True Sample,Snapping shrimp
8625-S,Istmo S7,A,9,8625-S,Stomach,7231,10.1,TRANS-44,Alpheus arenensis,Intertidal under rocks,A. arenensis / A. websteri,A. formosus*,A. websteri,,,Pacific,Bay of Chiriqui,Bay of Chiriqui,True Sample,Snapping shrimp
8661-S,Istmo S7,G,5,8661-S,Stomach,7244,9.9,TRANS-44,Alpheus galapagensis,Intertidal under rocks,no_pair,A. edwardsii 1,A. nuttingi,,,Pacific,Bay of Chiriqui,Bay of Chiriqui,True Sample,Snapping shrimp
8661-M,Istmo S7,G,6,8661-M,Midgut,7244,9.9,TRANS-44,Alpheus galapagensis,Intertidal under rocks,no_pair,A. edwardsii 1,A. nuttingi,,,Pacific,Bay of Chiriqui,Bay of Chiriqui,True Sample,Snapping shrimp
8661-H,Istmo S7,G,7,8661-H,Hepatopancreas,7244,9.9,TRANS-44,Alpheus galapagensis,Intertidal under rocks,no_pair,A. edwardsii 1,A. nuttingi,,,Pacific,Bay of Chiriqui,Bay of Chiriqui,True Sample,Snapping shrimp
8661-G,Istmo S7,G,8,8661-G,Gill,7244,9.9,TRANS-44,Alpheus galapagensis,Intertidal under rocks,no_pair,A. edwardsii 1,A. nuttingi,,,Pacific,Bay of Chiriqui,Bay of Chiriqui,True Sample,Snapping shrimp
8693-G,Istmo S7,A,10,8693-G,Gill,7311,6.1,TRANS-47,Alpheus umbo,Subtidal cracks exposed,no_pair,A. edwardsii 2,A. schmitti,,,Pacific,Bay of Chiriqui,Bay of Chiriqui,True Sample,Snapping shrimp
8693-H,Istmo S7,A,11,8693-H,Hepatopancreas,7311,6.1,TRANS-47,Alpheus umbo,Subtidal cracks exposed,no_pair,A. edwardsii 2,A. schmitti,,,Pacific,Bay of Chiriqui,Bay of Chiriqui,True Sample,Snapping shrimp
8693-M,Istmo S7,A,12,8693-M,Midgut,7311,6.1,TRANS-47,Alpheus umbo,Subtidal cracks exposed,no_pair,A. edwardsii 2,A. schmitti,,,Pacific,Bay of Chiriqui,Bay of Chiriqui,True Sample,Snapping shrimp
8693-S,Istmo S7,B,1,8693-S,Stomach,7311,6.1,TRANS-47,Alpheus umbo,Subtidal cracks exposed,no_pair,A. edwardsii 2,A. schmitti,,,Pacific,Bay of Chiriqui,Bay of Chiriqui,True Sample,Snapping shrimp
8881-G,Istmo S7,B,2,8881-G,Gill,7372,8.7,TRANS-51,Alpheus hyeyoungae,Intertidal under rocks,A. hyeyoungae / A. verilli,A. edwardsii 1,A. armillatus,,,Pacific,Bay of Chiriqui,Bay of Chiriqui,True Sample,Snapping shrimp
8881-H,Istmo S7,B,3,8881-H,Hepatopancreas,7372,8.7,TRANS-51,Alpheus hyeyoungae,Intertidal under rocks,A. hyeyoungae / A. verilli,A. edwardsii 1,A. armillatus,,,Pacific,Bay of Chiriqui,Bay of Chiriqui,True Sample,Snapping shrimp
8881-M,Istmo S7,B,4,8881-M,Midgut,7372,8.7,TRANS-51,Alpheus hyeyoungae,Intertidal under rocks,A. hyeyoungae / A. verilli,A. edwardsii 1,A. armillatus,,,Pacific,Bay of Chiriqui,Bay of Chiriqui,True Sample,Snapping shrimp
8881-S,Istmo S7,B,5,8881-S,Stomach,7372,8.7,TRANS-51,Alpheus hyeyoungae,Intertidal under rocks,A. hyeyoungae / A. verilli,A. edwardsii 1,A. armillatus,,,Pacific,Bay of Chiriqui,Bay of Chiriqui,True Sample,Snapping shrimp
Control-7,Istmo S7,H,10,Control-7,Control,Control,Control,Control,Control,Control,Control,Control,Control,Control,Control,Control,Control,Control,Control Sample,Control
Control-8,Istmo S7,H,11,Control-8,Control,Control,Control,Control,Control,Control,Control,Control,Control,Control,Control,Control,Control,Control,Control Sample,Control
Control-9,Istmo S7,H,12,Control-9,Control,Control,Control,Control,Control,Control,Control,Control,Control,Control,Control,Control,Control,Control,Control Sample,Control
8357-G,Istmo S8,F,3,8357-G,Gill,7032,7.7,TRANS-28,Alpheus javieri,Intertidal cracks rocks,A. javieri / A. bouvieri,A. leviusculus 1,A. bouvieri,Yes,,Pacific,Bay of Chiriqui,Bay of Chiriqui,True Sample,Snapping shrimp
8357-H,Istmo S8,F,4,8357-H,Hepatopancreas,7032,7.7,TRANS-28,Alpheus javieri,Intertidal cracks rocks,A. javieri / A. bouvieri,A. leviusculus 1,A. bouvieri,Yes,,Pacific,Bay of Chiriqui,Bay of Chiriqui,True Sample,Snapping shrimp
8357-M,Istmo S8,F,5,8357-M,Midgut,7032,7.7,TRANS-28,Alpheus javieri,Intertidal cracks rocks,A. javieri / A. bouvieri,A. leviusculus 1,A. bouvieri,Yes,,Pacific,Bay of Chiriqui,Bay of Chiriqui,True Sample,Snapping shrimp
8357-S,Istmo S8,F,6,8357-S,Stomach,7032,7.7,TRANS-28,Alpheus javieri,Intertidal cracks rocks,A. javieri / A. bouvieri,A. leviusculus 1,A. bouvieri,Yes,,Pacific,Bay of Chiriqui,Bay of Chiriqui,True Sample,Snapping shrimp
8376-G,Istmo S8,E,3,8376-G,Gill,7055,7.5,TRANS-30,Alpheus javieri,Intertidal cracks rocks,A. javieri / A. bouvieri,A. leviusculus 1,A. bouvieri,Yes,,Pacific,Bay of Chiriqui,Bay of Chiriqui,True Sample,Snapping shrimp
8376-H,Istmo S8,E,4,8376-H,Hepatopancreas,7055,7.5,TRANS-30,Alpheus javieri,Intertidal cracks rocks,A. javieri / A. bouvieri,A. leviusculus 1,A. bouvieri,Yes,,Pacific,Bay of Chiriqui,Bay of Chiriqui,True Sample,Snapping shrimp
8376-M,Istmo S8,E,5,8376-M,Midgut,7055,7.5,TRANS-30,Alpheus javieri,Intertidal cracks rocks,A. javieri / A. bouvieri,A. leviusculus 1,A. bouvieri,Yes,,Pacific,Bay of Chiriqui,Bay of Chiriqui,True Sample,Snapping shrimp
8376-S,Istmo S8,E,6,8376-S,Stomach,7055,7.5,TRANS-30,Alpheus javieri,Intertidal cracks rocks,A. javieri / A. bouvieri,A. leviusculus 1,A. bouvieri,Yes,,Pacific,Bay of Chiriqui,Bay of Chiriqui,True Sample,Snapping shrimp
8377-E,Istmo S8,B,9,8377-E,Egg,7054,6.7,TRANS-30,Alpheus javieri,Intertidal cracks rocks,A. javieri / A. bouvieri,A. leviusculus 1,A. bouvieri,Yes,,Pacific,Bay of Chiriqui,Bay of Chiriqui,True Sample,Snapping shrimp
8377-G,Istmo S8,B,10,8377-G,Gill,7054,6.7,TRANS-30,Alpheus javieri,Intertidal cracks rocks,A. javieri / A. bouvieri,A. leviusculus 1,A. bouvieri,Yes,,Pacific,Bay of Chiriqui,Bay of Chiriqui,True Sample,Snapping shrimp
8377-H,Istmo S8,B,11,8377-H,Hepatopancreas,7054,6.7,TRANS-30,Alpheus javieri,Intertidal cracks rocks,A. javieri / A. bouvieri,A. leviusculus 1,A. bouvieri,Yes,,Pacific,Bay of Chiriqui,Bay of Chiriqui,True Sample,Snapping shrimp
8377-M,Istmo S8,B,12,8377-M,Midgut,7054,6.7,TRANS-30,Alpheus javieri,Intertidal cracks rocks,A. javieri / A. bouvieri,A. leviusculus 1,A. bouvieri,Yes,,Pacific,Bay of Chiriqui,Bay of Chiriqui,True Sample,Snapping shrimp
8377-S,Istmo S8,C,1,8377-S,Stomach,7054,6.7,TRANS-30,Alpheus javieri,Intertidal cracks rocks,A. javieri / A. bouvieri,A. leviusculus 1,A. bouvieri,Yes,,Pacific,Bay of Chiriqui,Bay of Chiriqui,True Sample,Snapping shrimp
8465-G,Istmo S8,B,5,8465-G,Gill,7123,6.8,TRANS-37,Alpheus arenensis,Intertidal under rocks,A. arenensis / A. websteri,A. formosus*,A. websteri,,,Pacific,Bay of Chiriqui,Bay of Chiriqui,True Sample,Snapping shrimp
8465-H,Istmo S8,B,6,8465-H,Hepatopancreas,7123,6.8,TRANS-37,Alpheus arenensis,Intertidal under rocks,A. arenensis / A. websteri,A. formosus*,A. websteri,,,Pacific,Bay of Chiriqui,Bay of Chiriqui,True Sample,Snapping shrimp
8465-M,Istmo S8,B,7,8465-M,Midgut,7123,6.8,TRANS-37,Alpheus arenensis,Intertidal under rocks,A. arenensis / A. websteri,A. formosus*,A. websteri,,,Pacific,Bay of Chiriqui,Bay of Chiriqui,True Sample,Snapping shrimp
8465-S,Istmo S8,B,8,8465-S,Stomach,7123,6.8,TRANS-37,Alpheus arenensis,Intertidal under rocks,A. arenensis / A. websteri,A. formosus*,A. websteri,,,Pacific,Bay of Chiriqui,Bay of Chiriqui,True Sample,Snapping shrimp
8483-S,Istmo S8,A,1,8483-S,Stomach,7142,4.5,TRANS-37,Alpheus utriensis,Subtidal rubble,A. utriensis / A. cristulifrons,A. crinitus,A. cristulifrons,,Preserved dead for a few minutes,Pacific,Bay of Chiriqui,Bay of Chiriqui,True Sample,Snapping shrimp
8483-M,Istmo S8,A,2,8483-M,Midgut,7142,4.5,TRANS-37,Alpheus utriensis,Subtidal rubble,A. utriensis / A. cristulifrons,A. crinitus,A. cristulifrons,,Preserved dead for a few minutes,Pacific,Bay of Chiriqui,Bay of Chiriqui,True Sample,Snapping shrimp
8483-H,Istmo S8,A,3,8483-H,Hepatopancreas,7142,4.5,TRANS-37,Alpheus utriensis,Subtidal rubble,A. utriensis / A. cristulifrons,A. crinitus,A. cristulifrons,,Preserved dead for a few minutes,Pacific,Bay of Chiriqui,Bay of Chiriqui,True Sample,Snapping shrimp
8483-G,Istmo S8,A,4,8483-G,Gill,7142,4.5,TRANS-37,Alpheus utriensis,Subtidal rubble,A. utriensis / A. cristulifrons,A. crinitus,A. cristulifrons,,Preserved dead for a few minutes,Pacific,Bay of Chiriqui,Bay of Chiriqui,True Sample,Snapping shrimp
8508-S,Istmo S8,A,5,8508-S,Stomach,7184,6.6,TRANS-40,Alpheus arenensis,Intertidal under rocks,A. arenensis / A. websteri,A. formosus*,A. websteri,,,Pacific,Bay of Chiriqui,Bay of Chiriqui,True Sample,Snapping shrimp
8508-M,Istmo S8,A,6,8508-M,Midgut,7184,6.6,TRANS-40,Alpheus arenensis,Intertidal under rocks,A. arenensis / A. websteri,A. formosus*,A. websteri,,,Pacific,Bay of Chiriqui,Bay of Chiriqui,True Sample,Snapping shrimp
8508-H,Istmo S8,A,7,8508-H,Hepatopancreas,7184,6.6,TRANS-40,Alpheus arenensis,Intertidal under rocks,A. arenensis / A. websteri,A. formosus*,A. websteri,,,Pacific,Bay of Chiriqui,Bay of Chiriqui,True Sample,Snapping shrimp
8508-G,Istmo S8,A,8,8508-G,Gill,7184,6.6,TRANS-40,Alpheus arenensis,Intertidal under rocks,A. arenensis / A. websteri,A. formosus*,A. websteri,,,Pacific,Bay of Chiriqui,Bay of Chiriqui,True Sample,Snapping shrimp
8515-S,Istmo S8,A,9,8515-S,Stomach,7191,6.8,TRANS-40,Alpheus arenensis,Intertidal under rocks,A. arenensis / A. websteri,A. formosus*,A. websteri,,,Pacific,Bay of Chiriqui,Bay of Chiriqui,True Sample,Snapping shrimp
8515-M,Istmo S8,A,10,8515-M,Midgut,7191,6.8,TRANS-40,Alpheus arenensis,Intertidal under rocks,A. arenensis / A. websteri,A. formosus*,A. websteri,,,Pacific,Bay of Chiriqui,Bay of Chiriqui,True Sample,Snapping shrimp
8515-H,Istmo S8,A,11,8515-H,Hepatopancreas,7191,6.8,TRANS-40,Alpheus arenensis,Intertidal under rocks,A. arenensis / A. websteri,A. formosus*,A. websteri,,,Pacific,Bay of Chiriqui,Bay of Chiriqui,True Sample,Snapping shrimp
8515-G,Istmo S8,A,12,8515-G,Gill,7191,6.8,TRANS-40,Alpheus arenensis,Intertidal under rocks,A. arenensis / A. websteri,A. formosus*,A. websteri,,,Pacific,Bay of Chiriqui,Bay of Chiriqui,True Sample,Snapping shrimp
8520-G,Istmo S8,E,7,8520-G,Gill,7196,7.3,TRANS-40,Alpheus arenensis,Intertidal under rocks,A. arenensis / A. websteri,A. formosus*,A. websteri,,,Pacific,Bay of Chiriqui,Bay of Chiriqui,True Sample,Snapping shrimp
8520-H,Istmo S8,E,8,8520-H,Hepatopancreas,7196,7.3,TRANS-40,Alpheus arenensis,Intertidal under rocks,A. arenensis / A. websteri,A. formosus*,A. websteri,,,Pacific,Bay of Chiriqui,Bay of Chiriqui,True Sample,Snapping shrimp
8520-M,Istmo S8,E,9,8520-M,Midgut,7196,7.3,TRANS-40,Alpheus arenensis,Intertidal under rocks,A. arenensis / A. websteri,A. formosus*,A. websteri,,,Pacific,Bay of Chiriqui,Bay of Chiriqui,True Sample,Snapping shrimp
8520-S,Istmo S8,E,10,8520-S,Stomach,7196,7.3,TRANS-40,Alpheus arenensis,Intertidal under rocks,A. arenensis / A. websteri,A. formosus*,A. websteri,,,Pacific,Bay of Chiriqui,Bay of Chiriqui,True Sample,Snapping shrimp
8624-G,Istmo S8,E,11,8624-G,Gill,7230,7.8,TRANS-44,Alpheus arenensis,Intertidal under rocks,A. arenensis / A. websteri,A. formosus*,A. websteri,,,Pacific,Bay of Chiriqui,Bay of Chiriqui,True Sample,Snapping shrimp
8624-H,Istmo S8,E,12,8624-H,Hepatopancreas,7230,7.8,TRANS-44,Alpheus arenensis,Intertidal under rocks,A. arenensis / A. websteri,A. formosus*,A. websteri,,,Pacific,Bay of Chiriqui,Bay of Chiriqui,True Sample,Snapping shrimp
8624-M,Istmo S8,F,1,8624-M,Midgut,7230,7.8,TRANS-44,Alpheus arenensis,Intertidal under rocks,A. arenensis / A. websteri,A. formosus*,A. websteri,,,Pacific,Bay of Chiriqui,Bay of Chiriqui,True Sample,Snapping shrimp
8624-S,Istmo S8,F,2,8624-S,Stomach,7230,7.8,TRANS-44,Alpheus arenensis,Intertidal under rocks,A. arenensis / A. websteri,A. formosus*,A. websteri,,,Pacific,Bay of Chiriqui,Bay of Chiriqui,True Sample,Snapping shrimp
8626-G,Istmo S8,C,10,8626-G,Gill,7232,6.5,TRANS-44,Alpheus arenensis,Intertidal under rocks,A. arenensis / A. websteri,A. formosus*,A. websteri,,,Pacific,Bay of Chiriqui,Bay of Chiriqui,True Sample,Snapping shrimp
8626-H,Istmo S8,C,11,8626-H,Hepatopancreas,7232,6.5,TRANS-44,Alpheus arenensis,Intertidal under rocks,A. arenensis / A. websteri,A. formosus*,A. websteri,,,Pacific,Bay of Chiriqui,Bay of Chiriqui,True Sample,Snapping shrimp
8626-M,Istmo S8,C,12,8626-M,Midgut,7232,6.5,TRANS-44,Alpheus arenensis,Intertidal under rocks,A. arenensis / A. websteri,A. formosus*,A. websteri,,,Pacific,Bay of Chiriqui,Bay of Chiriqui,True Sample,Snapping shrimp
8626-S,Istmo S8,D,1,8626-S,Stomach,7232,6.5,TRANS-44,Alpheus arenensis,Intertidal under rocks,A. arenensis / A. websteri,A. formosus*,A. websteri,,,Pacific,Bay of Chiriqui,Bay of Chiriqui,True Sample,Snapping shrimp
8654-E,Istmo S8,C,2,8654-E,Egg,7250,8.6,TRANS-44,Alpheus arenensis,Intertidal under rocks,A. arenensis / A. websteri,A. formosus*,A. websteri,,,Pacific,Bay of Chiriqui,Bay of Chiriqui,True Sample,Snapping shrimp
8654-G,Istmo S8,C,3,8654-G,Gill,7250,8.6,TRANS-44,Alpheus arenensis,Intertidal under rocks,A. arenensis / A. websteri,A. formosus*,A. websteri,,,Pacific,Bay of Chiriqui,Bay of Chiriqui,True Sample,Snapping shrimp
8654-H,Istmo S8,C,4,8654-H,Hepatopancreas,7250,8.6,TRANS-44,Alpheus arenensis,Intertidal under rocks,A. arenensis / A. websteri,A. formosus*,A. websteri,,,Pacific,Bay of Chiriqui,Bay of Chiriqui,True Sample,Snapping shrimp
8654-M,Istmo S8,C,5,8654-M,Midgut,7250,8.6,TRANS-44,Alpheus arenensis,Intertidal under rocks,A. arenensis / A. websteri,A. formosus*,A. websteri,,,Pacific,Bay of Chiriqui,Bay of Chiriqui,True Sample,Snapping shrimp
8654-S,Istmo S8,C,6,8654-S,Stomach,7250,8.6,TRANS-44,Alpheus arenensis,Intertidal under rocks,A. arenensis / A. websteri,A. formosus*,A. websteri,,,Pacific,Bay of Chiriqui,Bay of Chiriqui,True Sample,Snapping shrimp
8658-G,Istmo S8,C,7,8658-G,Gill,7254,7.4,TRANS-44,Alpheus arenensis,Intertidal under rocks,A. arenensis / A. websteri,A. formosus*,A. websteri,,,Pacific,Bay of Chiriqui,Bay of Chiriqui,True Sample,Snapping shrimp
8658-H,Istmo S8,C,8,8658-H,Hepatopancreas,7254,7.4,TRANS-44,Alpheus arenensis,Intertidal under rocks,A. arenensis / A. websteri,A. formosus*,A. websteri,,,Pacific,Bay of Chiriqui,Bay of Chiriqui,True Sample,Snapping shrimp
8658-S,Istmo S8,C,9,8658-S,Stomach,7254,7.4,TRANS-44,Alpheus arenensis,Intertidal under rocks,A. arenensis / A. websteri,A. formosus*,A. websteri,,,Pacific,Bay of Chiriqui,Bay of Chiriqui,True Sample,Snapping shrimp
8670-G,Istmo S8,D,7,8670-G,Gill,7240,5.7,TRANS-44,Alpheus umbo,Subtidal cracks exposed,no_pair,A. edwardsii 2,A. schmitti,,,Pacific,Bay of Chiriqui,Bay of Chiriqui,True Sample,Snapping shrimp
8670-H,Istmo S8,D,8,8670-H,Hepatopancreas,7240,5.7,TRANS-44,Alpheus umbo,Subtidal cracks exposed,no_pair,A. edwardsii 2,A. schmitti,,,Pacific,Bay of Chiriqui,Bay of Chiriqui,True Sample,Snapping shrimp
8670-M,Istmo S8,D,9,8670-M,Midgut,7240,5.7,TRANS-44,Alpheus umbo,Subtidal cracks exposed,no_pair,A. edwardsii 2,A. schmitti,,,Pacific,Bay of Chiriqui,Bay of Chiriqui,True Sample,Snapping shrimp
8670-S,Istmo S8,D,10,8670-S,Stomach,7240,5.7,TRANS-44,Alpheus umbo,Subtidal cracks exposed,no_pair,A. edwardsii 2,A. schmitti,,,Pacific,Bay of Chiriqui,Bay of Chiriqui,True Sample,Snapping shrimp
8691-S,Istmo S8,B,1,8691-S,Stomach,7301,4.9,TRANS-47,Alpheus umbo,Subtidal cracks exposed,no_pair,A. edwardsii 2,A. schmitti,,,Pacific,Bay of Chiriqui,Bay of Chiriqui,True Sample,Snapping shrimp
8691-M,Istmo S8,B,2,8691-M,Midgut,7301,4.9,TRANS-47,Alpheus umbo,Subtidal cracks exposed,no_pair,A. edwardsii 2,A. schmitti,,,Pacific,Bay of Chiriqui,Bay of Chiriqui,True Sample,Snapping shrimp
8691-H,Istmo S8,B,3,8691-H,Hepatopancreas,7301,4.9,TRANS-47,Alpheus umbo,Subtidal cracks exposed,no_pair,A. edwardsii 2,A. schmitti,,,Pacific,Bay of Chiriqui,Bay of Chiriqui,True Sample,Snapping shrimp
8691-G,Istmo S8,B,4,8691-G,Gill,7301,4.9,TRANS-47,Alpheus umbo,Subtidal cracks exposed,no_pair,A. edwardsii 2,A. schmitti,,,Pacific,Bay of Chiriqui,Bay of Chiriqui,True Sample,Snapping shrimp
8697-G,Istmo S8,D,11,8697-G,Gill,7304,7.8,TRANS-47,Alpheus arenensis,Intertidal under rocks,A. arenensis / A. websteri,A. formosus*,A. websteri,,,Pacific,Bay of Chiriqui,Bay of Chiriqui,True Sample,Snapping shrimp
8697-H,Istmo S8,D,12,8697-H,Hepatopancreas,7304,7.8,TRANS-47,Alpheus arenensis,Intertidal under rocks,A. arenensis / A. websteri,A. formosus*,A. websteri,,,Pacific,Bay of Chiriqui,Bay of Chiriqui,True Sample,Snapping shrimp
8697-M,Istmo S8,E,1,8697-M,Midgut,7304,7.8,TRANS-47,Alpheus arenensis,Intertidal under rocks,A. arenensis / A. websteri,A. formosus*,A. websteri,,,Pacific,Bay of Chiriqui,Bay of Chiriqui,True Sample,Snapping shrimp
8697-S,Istmo S8,E,2,8697-S,Stomach,7304,7.8,TRANS-47,Alpheus arenensis,Intertidal under rocks,A. arenensis / A. websteri,A. formosus*,A. websteri,,,Pacific,Bay of Chiriqui,Bay of Chiriqui,True Sample,Snapping shrimp
8698-E,Istmo S8,D,2,8698-E,Egg,7305,9.1,TRANS-47,Alpheus arenensis,Intertidal under rocks,A. arenensis / A. websteri,A. formosus*,A. websteri,,,Pacific,Bay of Chiriqui,Bay of Chiriqui,True Sample,Snapping shrimp
8698-G,Istmo S8,D,3,8698-G,Gill,7305,9.1,TRANS-47,Alpheus arenensis,Intertidal under rocks,A. arenensis / A. websteri,A. formosus*,A. websteri,,,Pacific,Bay of Chiriqui,Bay of Chiriqui,True Sample,Snapping shrimp
8698-H,Istmo S8,D,4,8698-H,Hepatopancreas,7305,9.1,TRANS-47,Alpheus arenensis,Intertidal under rocks,A. arenensis / A. websteri,A. formosus*,A. websteri,,,Pacific,Bay of Chiriqui,Bay of Chiriqui,True Sample,Snapping shrimp
8698-M,Istmo S8,D,5,8698-M,Midgut,7305,9.1,TRANS-47,Alpheus arenensis,Intertidal under rocks,A. arenensis / A. websteri,A. formosus*,A. websteri,,,Pacific,Bay of Chiriqui,Bay of Chiriqui,True Sample,Snapping shrimp
8698-S,Istmo S8,D,6,8698-S,Stomach,7305,9.1,TRANS-47,Alpheus arenensis,Intertidal under rocks,A. arenensis / A. websteri,A. formosus*,A. websteri,,,Pacific,Bay of Chiriqui,Bay of Chiriqui,True Sample,Snapping shrimp
8989-G,Istmo S8,G,10,8989-G,Gill,7454,6.3,TRANS-58,Alpheus fasciatus,Subtidal under rocks,A. fasciatus / A. paracrinitus no spot,A. paracrinitus*,A. paracrinitus,,,Pacific,Bay of Panama-Las Perlas,Bay of Panama,True Sample,Snapping shrimp
8989-H,Istmo S8,G,11,8989-H,Hepatopancreas,7454,6.3,TRANS-58,Alpheus fasciatus,Subtidal under rocks,A. fasciatus / A. paracrinitus no spot,A. paracrinitus*,A. paracrinitus,,,Pacific,Bay of Panama-Las Perlas,Bay of Panama,True Sample,Snapping shrimp
8989-M,Istmo S8,G,12,8989-M,Midgut,7454,6.3,TRANS-58,Alpheus fasciatus,Subtidal under rocks,A. fasciatus / A. paracrinitus no spot,A. paracrinitus*,A. paracrinitus,,,Pacific,Bay of Panama-Las Perlas,Bay of Panama,True Sample,Snapping shrimp
8989-S,Istmo S8,H,1,8989-S,Stomach,7454,6.3,TRANS-58,Alpheus fasciatus,Subtidal under rocks,A. fasciatus / A. paracrinitus no spot,A. paracrinitus*,A. paracrinitus,,,Pacific,Bay of Panama-Las Perlas,Bay of Panama,True Sample,Snapping shrimp
8989-E,Istmo S8,H,2,8989-E,Egg,7454,6.3,TRANS-58,Alpheus fasciatus,Subtidal under rocks,A. fasciatus / A. paracrinitus no spot,A. paracrinitus*,A. paracrinitus,,,Pacific,Bay of Panama-Las Perlas,Bay of Panama,True Sample,Snapping shrimp
9051-G,Istmo S8,G,5,9051-G,Gill,7784,5.6,TRANS-61,Alpheus fasciatus,Subtidal under rocks,A. fasciatus / A. paracrinitus no spot,A. paracrinitus*,A. paracrinitus,,,Pacific,Bay of Panama-Las Perlas,Bay of Panama,True Sample,Snapping shrimp
9051-H,Istmo S8,G,6,9051-H,Hepatopancreas,7784,5.6,TRANS-61,Alpheus fasciatus,Subtidal under rocks,A. fasciatus / A. paracrinitus no spot,A. paracrinitus*,A. paracrinitus,,,Pacific,Bay of Panama-Las Perlas,Bay of Panama,True Sample,Snapping shrimp
9051-M,Istmo S8,G,7,9051-M,Midgut,7784,5.6,TRANS-61,Alpheus fasciatus,Subtidal under rocks,A. fasciatus / A. paracrinitus no spot,A. paracrinitus*,A. paracrinitus,,,Pacific,Bay of Panama-Las Perlas,Bay of Panama,True Sample,Snapping shrimp
9051-S,Istmo S8,G,8,9051-S,Stomach,7784,5.6,TRANS-61,Alpheus fasciatus,Subtidal under rocks,A. fasciatus / A. paracrinitus no spot,A. paracrinitus*,A. paracrinitus,,,Pacific,Bay of Panama-Las Perlas,Bay of Panama,True Sample,Snapping shrimp
9051-E,Istmo S8,G,9,9051-E,Egg,7784,5.6,TRANS-61,Alpheus fasciatus,Subtidal under rocks,A. fasciatus / A. paracrinitus no spot,A. paracrinitus*,A. paracrinitus,,,Pacific,Bay of Panama-Las Perlas,Bay of Panama,True Sample,Snapping shrimp
9073-G,Istmo S8,F,7,9073-G,Gill,7742,4.3,TRANS-61,Alpheus rostratus,Subtidal under rocks,A. rostratus / A. paracrinitus with spot,A. paracrinitus*,A. paracrinitus,,,Pacific,Bay of Panama-Las Perlas,Bay of Panama,True Sample,Snapping shrimp
9073-H,Istmo S8,F,8,9073-H,Hepatopancreas,7742,4.3,TRANS-61,Alpheus rostratus,Subtidal under rocks,A. rostratus / A. paracrinitus with spot,A. paracrinitus*,A. paracrinitus,,,Pacific,Bay of Panama-Las Perlas,Bay of Panama,True Sample,Snapping shrimp
9073-M,Istmo S8,F,9,9073-M,Midgut,7742,4.3,TRANS-61,Alpheus rostratus,Subtidal under rocks,A. rostratus / A. paracrinitus with spot,A. paracrinitus*,A. paracrinitus,,,Pacific,Bay of Panama-Las Perlas,Bay of Panama,True Sample,Snapping shrimp
9073-S,Istmo S8,F,10,9073-S,Stomach,7742,4.3,TRANS-61,Alpheus rostratus,Subtidal under rocks,A. rostratus / A. paracrinitus with spot,A. paracrinitus*,A. paracrinitus,,,Pacific,Bay of Panama-Las Perlas,Bay of Panama,True Sample,Snapping shrimp
9073-E,Istmo S8,F,11,9073-E,Egg,7742,4.3,TRANS-61,Alpheus rostratus,Subtidal under rocks,A. rostratus / A. paracrinitus with spot,A. paracrinitus*,A. paracrinitus,,,Pacific,Bay of Panama-Las Perlas,Bay of Panama,True Sample,Snapping shrimp
9107-G,Istmo S8,H,7,9107-G,Gill,8002,6.4,TRANS-62,Alpheus fasciatus,Subtidal under rocks,A. fasciatus / A. paracrinitus no spot,A. paracrinitus*,A. paracrinitus,,,Pacific,Bay of Panama-Las Perlas,Bay of Panama,True Sample,Snapping shrimp
9107-H,Istmo S8,H,8,9107-H,Hepatopancreas,8002,6.4,TRANS-62,Alpheus fasciatus,Subtidal under rocks,A. fasciatus / A. paracrinitus no spot,A. paracrinitus*,A. paracrinitus,,,Pacific,Bay of Panama-Las Perlas,Bay of Panama,True Sample,Snapping shrimp
9107-M,Istmo S8,H,9,9107-M,Midgut,8002,6.4,TRANS-62,Alpheus fasciatus,Subtidal under rocks,A. fasciatus / A. paracrinitus no spot,A. paracrinitus*,A. paracrinitus,,,Pacific,Bay of Panama-Las Perlas,Bay of Panama,True Sample,Snapping shrimp
9114-G,Istmo S8,H,3,9114-G,Gill,7989,4.7,TRANS-62,Alpheus rostratus,Subtidal under rocks,A. rostratus / A. paracrinitus with spot,A. paracrinitus*,A. paracrinitus,,Pair with 9113,Pacific,Bay of Panama-Las Perlas,Bay of Panama,True Sample,Snapping shrimp
9114-H,Istmo S8,H,4,9114-H,Hepatopancreas,7989,4.7,TRANS-62,Alpheus rostratus,Subtidal under rocks,A. rostratus / A. paracrinitus with spot,A. paracrinitus*,A. paracrinitus,,Pair with 9113,Pacific,Bay of Panama-Las Perlas,Bay of Panama,True Sample,Snapping shrimp
9114-M,Istmo S8,H,5,9114-M,Midgut,7989,4.7,TRANS-62,Alpheus rostratus,Subtidal under rocks,A. rostratus / A. paracrinitus with spot,A. paracrinitus*,A. paracrinitus,,Pair with 9113,Pacific,Bay of Panama-Las Perlas,Bay of Panama,True Sample,Snapping shrimp
9114-S,Istmo S8,H,6,9114-S,Stomach,7989,4.7,TRANS-62,Alpheus rostratus,Subtidal under rocks,A. rostratus / A. paracrinitus with spot,A. paracrinitus*,A. paracrinitus,,Pair with 9113,Pacific,Bay of Panama-Las Perlas,Bay of Panama,True Sample,Snapping shrimp
9188-G,Istmo S8,F,12,9188-G,Gill,8168,6.8,TRANS-63,Alpheus utriensis,Subtidal rubble,A. utriensis / A. cristulifrons,A. crinitus,A. cristulifrons,,Pair with 9187,Pacific,Bay of Panama-Las Perlas,Bay of Panama,True Sample,Snapping shrimp
9188-H,Istmo S8,G,1,9188-H,Hepatopancreas,8168,6.8,TRANS-63,Alpheus utriensis,Subtidal rubble,A. utriensis / A. cristulifrons,A. crinitus,A. cristulifrons,,Pair with 9187,Pacific,Bay of Panama-Las Perlas,Bay of Panama,True Sample,Snapping shrimp
9188-M,Istmo S8,G,2,9188-M,Midgut,8168,6.8,TRANS-63,Alpheus utriensis,Subtidal rubble,A. utriensis / A. cristulifrons,A. crinitus,A. cristulifrons,,Pair with 9187,Pacific,Bay of Panama-Las Perlas,Bay of Panama,True Sample,Snapping shrimp
9188-S,Istmo S8,G,3,9188-S,Stomach,8168,6.8,TRANS-63,Alpheus utriensis,Subtidal rubble,A. utriensis / A. cristulifrons,A. crinitus,A. cristulifrons,,Pair with 9187,Pacific,Bay of Panama-Las Perlas,Bay of Panama,True Sample,Snapping shrimp
9188-E,Istmo S8,G,4,9188-E,Egg,8168,6.8,TRANS-63,Alpheus utriensis,Subtidal rubble,A. utriensis / A. cristulifrons,A. crinitus,A. cristulifrons,,Pair with 9187,Pacific,Bay of Panama-Las Perlas,Bay of Panama,True Sample,Snapping shrimp
Control-10,Istmo S8,H,10,Control-10,Control,Control,Control,Control,Control,Control,Control,Control,Control,Control,Control,Control,Control,Control,Control Sample,Control
Control-11,Istmo S8,H,11,Control-11,Control,Control,Control,Control,Control,Control,Control,Control,Control,Control,Control,Control,Control,Control,Control Sample,Control
Control-12,Istmo S8,H,12,Control-12,Control,Control,Control,Control,Control,Control,Control,Control,Control,Control,Control,Control,Control,Control,Control Sample,Control
7329-S,Istmo S6,A,6,7329-S,Stomach,4202,10.4,TRANS-03,Alpheus panamensis,Intertidal under rocks,A. panamensis / A. formosus,A. formosus*,A. formosus,Yes,Pair with 7330,Pacific,Bay of Panama,Bay of Panama,True Sample,Snapping shrimp
7329-M,Istmo S6,A,7,7329-M,Midgut,4202,10.4,TRANS-03,Alpheus panamensis,Intertidal under rocks,A. panamensis / A. formosus,A. formosus*,A. formosus,Yes,Pair with 7330,Pacific,Bay of Panama,Bay of Panama,True Sample,Snapping shrimp
7329-H,Istmo S6,A,8,7329-H,Hepatopancreas,4202,10.4,TRANS-03,Alpheus panamensis,Intertidal under rocks,A. panamensis / A. formosus,A. formosus*,A. formosus,Yes,Pair with 7330,Pacific,Bay of Panama,Bay of Panama,True Sample,Snapping shrimp
7329-G,Istmo S6,A,9,7329-G,Gill,4202,10.4,TRANS-03,Alpheus panamensis,Intertidal under rocks,A. panamensis / A. formosus,A. formosus*,A. formosus,Yes,Pair with 7330,Pacific,Bay of Panama,Bay of Panama,True Sample,Snapping shrimp
7335-S,Istmo S6,A,2,7335-S,Stomach,4222,9.4,TRANS-03,Alpheus millsae,Intertidal under rocks,A. millsae / A. nuttingi,A. edwardsii 1,A. nuttingi,Yes,Pair with 7336,Pacific,Bay of Panama,Bay of Panama,True Sample,Snapping shrimp
7335-M,Istmo S6,A,3,7335-M,Midgut,4222,9.4,TRANS-03,Alpheus millsae,Intertidal under rocks,A. millsae / A. nuttingi,A. edwardsii 1,A. nuttingi,Yes,Pair with 7336,Pacific,Bay of Panama,Bay of Panama,True Sample,Snapping shrimp
7335-H,Istmo S6,A,4,7335-H,Hepatopancreas,4222,9.4,TRANS-03,Alpheus millsae,Intertidal under rocks,A. millsae / A. nuttingi,A. edwardsii 1,A. nuttingi,Yes,Pair with 7336,Pacific,Bay of Panama,Bay of Panama,True Sample,Snapping shrimp
7335-G,Istmo S6,A,5,7335-G,Gill,4222,9.4,TRANS-03,Alpheus millsae,Intertidal under rocks,A. millsae / A. nuttingi,A. edwardsii 1,A. nuttingi,Yes,Pair with 7336,Pacific,Bay of Panama,Bay of Panama,True Sample,Snapping shrimp
7336-E,Istmo S6,B,2,7336-E,Egg,4225,9.4,TRANS-03,Alpheus millsae,Intertidal under rocks,A. millsae / A. nuttingi,A. edwardsii 1,A. nuttingi,Yes,Pair with 7335,Pacific,Bay of Panama,Bay of Panama,True Sample,Snapping shrimp
7336-S,Istmo S6,B,3,7336-S,Stomach,4225,9.4,TRANS-03,Alpheus millsae,Intertidal under rocks,A. millsae / A. nuttingi,A. edwardsii 1,A. nuttingi,Yes,Pair with 7335,Pacific,Bay of Panama,Bay of Panama,True Sample,Snapping shrimp
7336-M,Istmo S6,B,4,7336-M,Midgut,4225,9.4,TRANS-03,Alpheus millsae,Intertidal under rocks,A. millsae / A. nuttingi,A. edwardsii 1,A. nuttingi,Yes,Pair with 7335,Pacific,Bay of Panama,Bay of Panama,True Sample,Snapping shrimp
7336-H,Istmo S6,B,5,7336-H,Hepatopancreas,4225,9.4,TRANS-03,Alpheus millsae,Intertidal under rocks,A. millsae / A. nuttingi,A. edwardsii 1,A. nuttingi,Yes,Pair with 7335,Pacific,Bay of Panama,Bay of Panama,True Sample,Snapping shrimp
7336-G,Istmo S6,B,6,7336-G,Gill,4225,9.4,TRANS-03,Alpheus millsae,Intertidal under rocks,A. millsae / A. nuttingi,A. edwardsii 1,A. nuttingi,Yes,Pair with 7335,Pacific,Bay of Panama,Bay of Panama,True Sample,Snapping shrimp
7358-G,Istmo S6,A,1,7358-G,Gill,4317,6.2,TRANS-04,Alpheus hebes,Intertidal cracks rocks,no_pair,A. leviusculus 1,A. hebes,Yes,,Pacific,Bay of Panama,Bay of Panama,True Sample,Snapping shrimp
7365-S,Istmo S6,A,10,7365-S,Stomach,4336,11.6,TRANS-06,Alpheus galapagensis,Intertidal under rocks,no_pair,A. edwardsii 1,A. nuttingi,Yes,Pair with 7366,Pacific,Bay of Panama,Bay of Panama,True Sample,Snapping shrimp
7365-M,Istmo S6,A,11,7365-M,Midgut,4336,11.6,TRANS-06,Alpheus galapagensis,Intertidal under rocks,no_pair,A. edwardsii 1,A. nuttingi,Yes,Pair with 7366,Pacific,Bay of Panama,Bay of Panama,True Sample,Snapping shrimp
7365-H,Istmo S6,A,12,7365-H,Hepatopancreas,4336,11.6,TRANS-06,Alpheus galapagensis,Intertidal under rocks,no_pair,A. edwardsii 1,A. nuttingi,Yes,Pair with 7366,Pacific,Bay of Panama,Bay of Panama,True Sample,Snapping shrimp
7365-G,Istmo S6,B,1,7365-G,Gill,4336,11.6,TRANS-06,Alpheus galapagensis,Intertidal under rocks,no_pair,A. edwardsii 1,A. nuttingi,Yes,Pair with 7366,Pacific,Bay of Panama,Bay of Panama,True Sample,Snapping shrimp
7370-E,Istmo S6,B,7,7370-E,Egg,4350,9.8,TRANS-06,Alpheus galapagensis,Intertidal under rocks,no_pair,A. edwardsii 1,A. nuttingi,Yes,Pair with 7371,Pacific,Bay of Panama,Bay of Panama,True Sample,Snapping shrimp
7370-S,Istmo S6,B,8,7370-S,Stomach,4350,9.8,TRANS-06,Alpheus galapagensis,Intertidal under rocks,no_pair,A. edwardsii 1,A. nuttingi,Yes,Pair with 7371,Pacific,Bay of Panama,Bay of Panama,True Sample,Snapping shrimp
7370-M,Istmo S6,B,9,7370-M,Midgut,4350,9.8,TRANS-06,Alpheus galapagensis,Intertidal under rocks,no_pair,A. edwardsii 1,A. nuttingi,Yes,Pair with 7371,Pacific,Bay of Panama,Bay of Panama,True Sample,Snapping shrimp
7370-H,Istmo S6,B,10,7370-H,Hepatopancreas,4350,9.8,TRANS-06,Alpheus galapagensis,Intertidal under rocks,no_pair,A. edwardsii 1,A. nuttingi,Yes,Pair with 7371,Pacific,Bay of Panama,Bay of Panama,True Sample,Snapping shrimp
7370-G,Istmo S6,B,11,7370-G,Gill,4350,9.8,TRANS-06,Alpheus galapagensis,Intertidal under rocks,no_pair,A. edwardsii 1,A. nuttingi,Yes,Pair with 7371,Pacific,Bay of Panama,Bay of Panama,True Sample,Snapping shrimp
8353-E,Istmo S6,C,5,8353-E,Egg,7036,9.3,TRANS-28,Alpheus panamensis,Intertidal under rocks,A. panamensis / A. formosus,A. formosus*,A. formosus,Yes,Pair with 8352,Pacific,Bay of Chiriqui,Bay of Chiriqui,True Sample,Snapping shrimp
8353-G,Istmo S6,C,6,8353-G,Gill,7036,9.3,TRANS-28,Alpheus panamensis,Intertidal under rocks,A. panamensis / A. formosus,A. formosus*,A. formosus,Yes,Pair with 8352,Pacific,Bay of Chiriqui,Bay of Chiriqui,True Sample,Snapping shrimp
8353-H,Istmo S6,C,7,8353-H,Hepatopancreas,7036,9.3,TRANS-28,Alpheus panamensis,Intertidal under rocks,A. panamensis / A. formosus,A. formosus*,A. formosus,Yes,Pair with 8352,Pacific,Bay of Chiriqui,Bay of Chiriqui,True Sample,Snapping shrimp
8353-M,Istmo S6,C,8,8353-M,Midgut,7036,9.3,TRANS-28,Alpheus panamensis,Intertidal under rocks,A. panamensis / A. formosus,A. formosus*,A. formosus,Yes,Pair with 8352,Pacific,Bay of Chiriqui,Bay of Chiriqui,True Sample,Snapping shrimp
8353-S,Istmo S6,C,9,8353-S,Stomach,7036,9.3,TRANS-28,Alpheus panamensis,Intertidal under rocks,A. panamensis / A. formosus,A. formosus*,A. formosus,Yes,Pair with 8352,Pacific,Bay of Chiriqui,Bay of Chiriqui,True Sample,Snapping shrimp
8360-E,Istmo S6,B,12,8360-E,Egg,7030,7.5,TRANS-28,Alpheus javieri,Intertidal cracks rocks,A. javieri / A. bouvieri,A. leviusculus 1,A. bouvieri,Yes,Pair with 8359,Pacific,Bay of Chiriqui,Bay of Chiriqui,True Sample,Snapping shrimp
8360-G,Istmo S6,C,1,8360-G,Gill,7030,7.5,TRANS-28,Alpheus javieri,Intertidal cracks rocks,A. javieri / A. bouvieri,A. leviusculus 1,A. bouvieri,Yes,Pair with 8359,Pacific,Bay of Chiriqui,Bay of Chiriqui,True Sample,Snapping shrimp
8360-H,Istmo S6,C,2,8360-H,Hepatopancreas,7030,7.5,TRANS-28,Alpheus javieri,Intertidal cracks rocks,A. javieri / A. bouvieri,A. leviusculus 1,A. bouvieri,Yes,Pair with 8359,Pacific,Bay of Chiriqui,Bay of Chiriqui,True Sample,Snapping shrimp
8360-M,Istmo S6,C,3,8360-M,Midgut,7030,7.5,TRANS-28,Alpheus javieri,Intertidal cracks rocks,A. javieri / A. bouvieri,A. leviusculus 1,A. bouvieri,Yes,Pair with 8359,Pacific,Bay of Chiriqui,Bay of Chiriqui,True Sample,Snapping shrimp
8360-S,Istmo S6,C,4,8360-S,Stomach,7030,7.5,TRANS-28,Alpheus javieri,Intertidal cracks rocks,A. javieri / A. bouvieri,A. leviusculus 1,A. bouvieri,Yes,Pair with 8359,Pacific,Bay of Chiriqui,Bay of Chiriqui,True Sample,Snapping shrimp
8394-G,Istmo S6,E,12,8394-G,Gill,7072,6.6,TRANS-32,Alpheus javieri,Intertidal cracks rocks,A. javieri / A. bouvieri,A. leviusculus 1,A. bouvieri,Yes,Pair with 8395,Pacific,Bay of Chiriqui,Bay of Chiriqui,True Sample,Snapping shrimp
8394-H,Istmo S6,F,1,8394-H,Hepatopancreas,7072,6.6,TRANS-32,Alpheus javieri,Intertidal cracks rocks,A. javieri / A. bouvieri,A. leviusculus 1,A. bouvieri,Yes,Pair with 8395,Pacific,Bay of Chiriqui,Bay of Chiriqui,True Sample,Snapping shrimp
8394-M,Istmo S6,F,2,8394-M,Midgut,7072,6.6,TRANS-32,Alpheus javieri,Intertidal cracks rocks,A. javieri / A. bouvieri,A. leviusculus 1,A. bouvieri,Yes,Pair with 8395,Pacific,Bay of Chiriqui,Bay of Chiriqui,True Sample,Snapping shrimp
8394-S,Istmo S6,F,3,8394-S,Stomach,7072,6.6,TRANS-32,Alpheus javieri,Intertidal cracks rocks,A. javieri / A. bouvieri,A. leviusculus 1,A. bouvieri,Yes,Pair with 8395,Pacific,Bay of Chiriqui,Bay of Chiriqui,True Sample,Snapping shrimp
8627-G,Istmo S6,G,4,8627-G,Gill,7233,9,TRANS-44,Alpheus arenensis,Intertidal under rocks,A. arenensis / A. websteri,A. formosus*,A. websteri,,,Pacific,Bay of Chiriqui,Bay of Chiriqui,True Sample,Snapping shrimp
8627-H,Istmo S6,G,5,8627-H,Hepatopancreas,7233,9,TRANS-44,Alpheus arenensis,Intertidal under rocks,A. arenensis / A. websteri,A. formosus*,A. websteri,,,Pacific,Bay of Chiriqui,Bay of Chiriqui,True Sample,Snapping shrimp
8627-M,Istmo S6,G,6,8627-M,Midgut,7233,9,TRANS-44,Alpheus arenensis,Intertidal under rocks,A. arenensis / A. websteri,A. formosus*,A. websteri,,,Pacific,Bay of Chiriqui,Bay of Chiriqui,True Sample,Snapping shrimp
8627-S,Istmo S6,G,7,8627-S,Stomach,7233,9,TRANS-44,Alpheus arenensis,Intertidal under rocks,A. arenensis / A. websteri,A. formosus*,A. websteri,,,Pacific,Bay of Chiriqui,Bay of Chiriqui,True Sample,Snapping shrimp
8628-G,Istmo S6,H,5,8628-G,Gill,7234,5.8,TRANS-44,Alpheus hebes,Intertidal cracks rocks,no_pair,A. leviusculus 1,A. hebes,,Dead when preserved,Pacific,Bay of Chiriqui,Bay of Chiriqui,True Sample,Snapping shrimp
8628-H,Istmo S6,H,6,8628-H,Hepatopancreas,7234,5.8,TRANS-44,Alpheus hebes,Intertidal cracks rocks,no_pair,A. leviusculus 1,A. hebes,,Dead when preserved,Pacific,Bay of Chiriqui,Bay of Chiriqui,True Sample,Snapping shrimp
8628-M,Istmo S6,H,7,8628-M,Midgut,7234,5.8,TRANS-44,Alpheus hebes,Intertidal cracks rocks,no_pair,A. leviusculus 1,A. hebes,,Dead when preserved,Pacific,Bay of Chiriqui,Bay of Chiriqui,True Sample,Snapping shrimp
8628-S,Istmo S6,H,8,8628-S,Stomach,7234,5.8,TRANS-44,Alpheus hebes,Intertidal cracks rocks,no_pair,A. leviusculus 1,A. hebes,,Dead when preserved,Pacific,Bay of Chiriqui,Bay of Chiriqui,True Sample,Snapping shrimp
8629-E,Istmo S6,D,2,8629-E,Egg,7235,6.9,TRANS-44,Alpheus hebes,Intertidal cracks rocks,no_pair,A. leviusculus 1,A. hebes,,,Pacific,Bay of Chiriqui,Bay of Chiriqui,True Sample,Snapping shrimp
8629-G,Istmo S6,D,3,8629-G,Gill,7235,6.9,TRANS-44,Alpheus hebes,Intertidal cracks rocks,no_pair,A. leviusculus 1,A. hebes,,,Pacific,Bay of Chiriqui,Bay of Chiriqui,True Sample,Snapping shrimp
8629-H,Istmo S6,D,4,8629-H,Hepatopancreas,7235,6.9,TRANS-44,Alpheus hebes,Intertidal cracks rocks,no_pair,A. leviusculus 1,A. hebes,,,Pacific,Bay of Chiriqui,Bay of Chiriqui,True Sample,Snapping shrimp
8629-M,Istmo S6,D,5,8629-M,Midgut,7235,6.9,TRANS-44,Alpheus hebes,Intertidal cracks rocks,no_pair,A. leviusculus 1,A. hebes,,,Pacific,Bay of Chiriqui,Bay of Chiriqui,True Sample,Snapping shrimp
8629-S,Istmo S6,D,6,8629-S,Stomach,7235,6.9,TRANS-44,Alpheus hebes,Intertidal cracks rocks,no_pair,A. leviusculus 1,A. hebes,,,Pacific,Bay of Chiriqui,Bay of Chiriqui,True Sample,Snapping shrimp
8650-G,Istmo S6,C,10,8650-G,Gill,7260,7.6,TRANS-44,Alpheus arenensis,Intertidal under rocks,A. arenensis / A. websteri,A. formosus*,A. websteri,,,Pacific,Bay of Chiriqui,Bay of Chiriqui,True Sample,Snapping shrimp
8650-H,Istmo S6,C,11,8650-H,Hepatopancreas,7260,7.6,TRANS-44,Alpheus arenensis,Intertidal under rocks,A. arenensis / A. websteri,A. formosus*,A. websteri,,,Pacific,Bay of Chiriqui,Bay of Chiriqui,True Sample,Snapping shrimp
8650-M,Istmo S6,C,12,8650-M,Midgut,7260,7.6,TRANS-44,Alpheus arenensis,Intertidal under rocks,A. arenensis / A. websteri,A. formosus*,A. websteri,,,Pacific,Bay of Chiriqui,Bay of Chiriqui,True Sample,Snapping shrimp
8650-S,Istmo S6,D,1,8650-S,Stomach,7260,7.6,TRANS-44,Alpheus arenensis,Intertidal under rocks,A. arenensis / A. websteri,A. formosus*,A. websteri,,,Pacific,Bay of Chiriqui,Bay of Chiriqui,True Sample,Snapping shrimp
8651-E,Istmo S6,E,3,8651-E,Egg,7259,8.7,TRANS-44,Alpheus arenensis,Intertidal under rocks,A. arenensis / A. websteri,A. formosus*,A. websteri,,,Pacific,Bay of Chiriqui,Bay of Chiriqui,True Sample,Snapping shrimp
8651-G,Istmo S6,E,4,8651-G,Gill,7259,8.7,TRANS-44,Alpheus arenensis,Intertidal under rocks,A. arenensis / A. websteri,A. formosus*,A. websteri,,,Pacific,Bay of Chiriqui,Bay of Chiriqui,True Sample,Snapping shrimp
8651-H,Istmo S6,E,5,8651-H,Hepatopancreas,7259,8.7,TRANS-44,Alpheus arenensis,Intertidal under rocks,A. arenensis / A. websteri,A. formosus*,A. websteri,,,Pacific,Bay of Chiriqui,Bay of Chiriqui,True Sample,Snapping shrimp
8651-M,Istmo S6,E,6,8651-M,Midgut,7259,8.7,TRANS-44,Alpheus arenensis,Intertidal under rocks,A. arenensis / A. websteri,A. formosus*,A. websteri,,,Pacific,Bay of Chiriqui,Bay of Chiriqui,True Sample,Snapping shrimp
8651-S,Istmo S6,E,7,8651-S,Stomach,7259,8.7,TRANS-44,Alpheus arenensis,Intertidal under rocks,A. arenensis / A. websteri,A. formosus*,A. websteri,,,Pacific,Bay of Chiriqui,Bay of Chiriqui,True Sample,Snapping shrimp
8652-G,Istmo S6,E,8,8652-G,Gill,7258,9.7,TRANS-44,Alpheus arenensis,Intertidal under rocks,A. arenensis / A. websteri,A. formosus*,A. websteri,,,Pacific,Bay of Chiriqui,Bay of Chiriqui,True Sample,Snapping shrimp
8652-H,Istmo S6,E,9,8652-H,Hepatopancreas,7258,9.7,TRANS-44,Alpheus arenensis,Intertidal under rocks,A. arenensis / A. websteri,A. formosus*,A. websteri,,,Pacific,Bay of Chiriqui,Bay of Chiriqui,True Sample,Snapping shrimp
8652-M,Istmo S6,E,10,8652-M,Midgut,7258,9.7,TRANS-44,Alpheus arenensis,Intertidal under rocks,A. arenensis / A. websteri,A. formosus*,A. websteri,,,Pacific,Bay of Chiriqui,Bay of Chiriqui,True Sample,Snapping shrimp
8652-S,Istmo S6,E,11,8652-S,Stomach,7258,9.7,TRANS-44,Alpheus arenensis,Intertidal under rocks,A. arenensis / A. websteri,A. formosus*,A. websteri,,,Pacific,Bay of Chiriqui,Bay of Chiriqui,True Sample,Snapping shrimp
8669-G,Istmo S6,G,8,8669-G,Gill,7239,4.9,TRANS-44,Alpheus umbo,Subtidal cracks exposed,no_pair,A. edwardsii 2,A. schmitti,,,Pacific,Bay of Chiriqui,Bay of Chiriqui,True Sample,Snapping shrimp
8669-H,Istmo S6,G,9,8669-H,Hepatopancreas,7239,4.9,TRANS-44,Alpheus umbo,Subtidal cracks exposed,no_pair,A. edwardsii 2,A. schmitti,,,Pacific,Bay of Chiriqui,Bay of Chiriqui,True Sample,Snapping shrimp
8669-M,Istmo S6,G,10,8669-M,Midgut,7239,4.9,TRANS-44,Alpheus umbo,Subtidal cracks exposed,no_pair,A. edwardsii 2,A. schmitti,,,Pacific,Bay of Chiriqui,Bay of Chiriqui,True Sample,Snapping shrimp
8669-S,Istmo S6,G,11,8669-S,Stomach,7239,4.9,TRANS-44,Alpheus umbo,Subtidal cracks exposed,no_pair,A. edwardsii 2,A. schmitti,,,Pacific,Bay of Chiriqui,Bay of Chiriqui,True Sample,Snapping shrimp
8669-E,Istmo S6,G,12,8669-E,Egg,7239,4.9,TRANS-44,Alpheus umbo,Subtidal cracks exposed,no_pair,A. edwardsii 2,A. schmitti,,,Pacific,Bay of Chiriqui,Bay of Chiriqui,True Sample,Snapping shrimp
8671-G,Istmo S6,F,4,8671-G,Gill,7241,5.8,TRANS-44,Alpheus umbo,Subtidal cracks exposed,no_pair,A. edwardsii 2,A. schmitti,,,Pacific,Bay of Chiriqui,Bay of Chiriqui,True Sample,Snapping shrimp
8671-H,Istmo S6,F,5,8671-H,Hepatopancreas,7241,5.8,TRANS-44,Alpheus umbo,Subtidal cracks exposed,no_pair,A. edwardsii 2,A. schmitti,,,Pacific,Bay of Chiriqui,Bay of Chiriqui,True Sample,Snapping shrimp
8671-M,Istmo S6,F,6,8671-M,Midgut,7241,5.8,TRANS-44,Alpheus umbo,Subtidal cracks exposed,no_pair,A. edwardsii 2,A. schmitti,,,Pacific,Bay of Chiriqui,Bay of Chiriqui,True Sample,Snapping shrimp
8671-S,Istmo S6,F,7,8671-S,Stomach,7241,5.8,TRANS-44,Alpheus umbo,Subtidal cracks exposed,no_pair,A. edwardsii 2,A. schmitti,,,Pacific,Bay of Chiriqui,Bay of Chiriqui,True Sample,Snapping shrimp
8678-G,Istmo S6,H,9,8678-G,Gill,7287,9.3,TRANS-47,Alpheus saxidomus,Subtidal cracks exposed,A. saxidomus / A. simus,A. obesomanus 2,A. simus,,,Pacific,Bay of Chiriqui,Bay of Chiriqui,True Sample,Snapping shrimp
8692-G,Istmo S6,F,8,8692-G,Gill,7308,2.6,TRANS-47,Alpheus umbo,Subtidal cracks exposed,no_pair,A. edwardsii 2,A. schmitti,,,Pacific,Bay of Chiriqui,Bay of Chiriqui,True Sample,Snapping shrimp
8692-H,Istmo S6,F,9,8692-H,Hepatopancreas,7308,2.6,TRANS-47,Alpheus umbo,Subtidal cracks exposed,no_pair,A. edwardsii 2,A. schmitti,,,Pacific,Bay of Chiriqui,Bay of Chiriqui,True Sample,Snapping shrimp
8692-M,Istmo S6,F,10,8692-M,Midgut,7308,2.6,TRANS-47,Alpheus umbo,Subtidal cracks exposed,no_pair,A. edwardsii 2,A. schmitti,,,Pacific,Bay of Chiriqui,Bay of Chiriqui,True Sample,Snapping shrimp
8692-S,Istmo S6,F,11,8692-S,Stomach,7308,2.6,TRANS-47,Alpheus umbo,Subtidal cracks exposed,no_pair,A. edwardsii 2,A. schmitti,,,Pacific,Bay of Chiriqui,Bay of Chiriqui,True Sample,Snapping shrimp
8699-G,Istmo S6,H,1,8699-G,Gill,7307,9.2,TRANS-47,Alpheus arenensis,Intertidal under rocks,A. arenensis / A. websteri,A. formosus*,A. websteri,,,Pacific,Bay of Chiriqui,Bay of Chiriqui,True Sample,Snapping shrimp
8699-H,Istmo S6,H,2,8699-H,Hepatopancreas,7307,9.2,TRANS-47,Alpheus arenensis,Intertidal under rocks,A. arenensis / A. websteri,A. formosus*,A. websteri,,,Pacific,Bay of Chiriqui,Bay of Chiriqui,True Sample,Snapping shrimp
8699-M,Istmo S6,H,3,8699-M,Midgut,7307,9.2,TRANS-47,Alpheus arenensis,Intertidal under rocks,A. arenensis / A. websteri,A. formosus*,A. websteri,,,Pacific,Bay of Chiriqui,Bay of Chiriqui,True Sample,Snapping shrimp
8699-S,Istmo S6,H,4,8699-S,Stomach,7307,9.2,TRANS-47,Alpheus arenensis,Intertidal under rocks,A. arenensis / A. websteri,A. formosus*,A. websteri,,,Pacific,Bay of Chiriqui,Bay of Chiriqui,True Sample,Snapping shrimp
8792-E,Istmo S6,D,10,8792-E,Egg,7343,9.8,TRANS-51,Alpheus panamensis,Intertidal under rocks,A. panamensis / A. formosus,A. formosus*,A. formosus,,,Pacific,Bay of Chiriqui,Bay of Chiriqui,True Sample,Snapping shrimp
8792-G,Istmo S6,D,11,8792-G,Gill,7343,9.8,TRANS-51,Alpheus panamensis,Intertidal under rocks,A. panamensis / A. formosus,A. formosus*,A. formosus,,,Pacific,Bay of Chiriqui,Bay of Chiriqui,True Sample,Snapping shrimp
8792-H,Istmo S6,D,12,8792-H,Hepatopancreas,7343,9.8,TRANS-51,Alpheus panamensis,Intertidal under rocks,A. panamensis / A. formosus,A. formosus*,A. formosus,,,Pacific,Bay of Chiriqui,Bay of Chiriqui,True Sample,Snapping shrimp
8792-M,Istmo S6,E,1,8792-M,Midgut,7343,9.8,TRANS-51,Alpheus panamensis,Intertidal under rocks,A. panamensis / A. formosus,A. formosus*,A. formosus,,,Pacific,Bay of Chiriqui,Bay of Chiriqui,True Sample,Snapping shrimp
8792-S,Istmo S6,E,2,8792-S,Stomach,7343,9.8,TRANS-51,Alpheus panamensis,Intertidal under rocks,A. panamensis / A. formosus,A. formosus*,A. formosus,,,Pacific,Bay of Chiriqui,Bay of Chiriqui,True Sample,Snapping shrimp
8916-G,Istmo S6,D,7,8916-G,Gill,7395,5.4,TRANS-52,Alpheus utriensis,Subtidal rubble,A. utriensis / A. cristulifrons,A. crinitus,A. cristulifrons,,,Pacific,Bay of Chiriqui,Bay of Chiriqui,True Sample,Snapping shrimp
8916-H,Istmo S6,D,8,8916-H,Hepatopancreas,7395,5.4,TRANS-52,Alpheus utriensis,Subtidal rubble,A. utriensis / A. cristulifrons,A. crinitus,A. cristulifrons,,,Pacific,Bay of Chiriqui,Bay of Chiriqui,True Sample,Snapping shrimp
8916-M,Istmo S6,D,9,8916-M,Midgut,7395,5.4,TRANS-52,Alpheus utriensis,Subtidal rubble,A. utriensis / A. cristulifrons,A. crinitus,A. cristulifrons,,,Pacific,Bay of Chiriqui,Bay of Chiriqui,True Sample,Snapping shrimp
8925-G,Istmo S6,F,12,8925-G,Gill,7418,4.6,TRANS-55,Alpheus hephaestus,Subtidal under rocks,A. hephaestus / A. floridanus,A. brevirostris,A. floridanus,,Dead within 15 min before preserving,Pacific,Bay of Chiriqui,Bay of Chiriqui,True Sample,Snapping shrimp
8925-H,Istmo S6,G,1,8925-H,Hepatopancreas,7418,4.6,TRANS-55,Alpheus hephaestus,Subtidal under rocks,A. hephaestus / A. floridanus,A. brevirostris,A. floridanus,,Dead within 15 min before preserving,Pacific,Bay of Chiriqui,Bay of Chiriqui,True Sample,Snapping shrimp
8925-M,Istmo S6,G,2,8925-M,Midgut,7418,4.6,TRANS-55,Alpheus hephaestus,Subtidal under rocks,A. hephaestus / A. floridanus,A. brevirostris,A. floridanus,,Dead within 15 min before preserving,Pacific,Bay of Chiriqui,Bay of Chiriqui,True Sample,Snapping shrimp
8925-S,Istmo S6,G,3,8925-S,Stomach,7418,4.6,TRANS-55,Alpheus hephaestus,Subtidal under rocks,A. hephaestus / A. floridanus,A. brevirostris,A. floridanus,,Dead within 15 min before preserving,Pacific,Bay of Chiriqui,Bay of Chiriqui,True Sample,Snapping shrimp
Control-4,Istmo S6,H,10,Control-4,Control,Control,Control,Control,Control,Control,Control,Control,Control,Control,Control,Control,Control,Control,Control Sample,Control
Control-5,Istmo S6,H,11,Control-5,Control,Control,Control,Control,Control,Control,Control,Control,Control,Control,Control,Control,Control,Control,Control Sample,Control
Control-6,Istmo S6,H,12,Control-6,Control,Control,Control,Control,Control,Control,Control,Control,Control,Control,Control,Control,Control,Control,Control Sample,Control