Code,Plate-Original,Row-Original,Column-Original,Code,Tissue,Photo_no,Length,Station_no,Morphospecies,Habitat,Pair,Species group,Species complex,Photo,Notes,Ocean,Site,Site.2,Sample_or_Control,Taxon
9515-E,Istmo S17,A,1,9515-E,Egg,9531,4.4,TRANS-79,Alpheus paracrinitus no spot,Subtidal cracks exposed,A. fasciatus / A. paracrinitus no spot,A. paracrinitus*,A. paracrinitus,,,Western Atlantic,Bocas del Toro,Bocas del Toro,True Sample,Snapping shrimp
9515-G,Istmo S17,A,2,9515-G,Gill,9531,4.4,TRANS-79,Alpheus paracrinitus no spot,Subtidal cracks exposed,A. fasciatus / A. paracrinitus no spot,A. paracrinitus*,A. paracrinitus,,,Western Atlantic,Bocas del Toro,Bocas del Toro,True Sample,Snapping shrimp
9515-H,Istmo S17,A,3,9515-H,Hepatopancreas,9531,4.4,TRANS-79,Alpheus paracrinitus no spot,Subtidal cracks exposed,A. fasciatus / A. paracrinitus no spot,A. paracrinitus*,A. paracrinitus,,,Western Atlantic,Bocas del Toro,Bocas del Toro,True Sample,Snapping shrimp
9515-M,Istmo S17,A,4,9515-M,Midgut,9531,4.4,TRANS-79,Alpheus paracrinitus no spot,Subtidal cracks exposed,A. fasciatus / A. paracrinitus no spot,A. paracrinitus*,A. paracrinitus,,,Western Atlantic,Bocas del Toro,Bocas del Toro,True Sample,Snapping shrimp
9515-S,Istmo S17,A,5,9515-S,Stomach,9531,4.4,TRANS-79,Alpheus paracrinitus no spot,Subtidal cracks exposed,A. fasciatus / A. paracrinitus no spot,A. paracrinitus*,A. paracrinitus,,,Western Atlantic,Bocas del Toro,Bocas del Toro,True Sample,Snapping shrimp
9623-E,Istmo S17,A,6,9623-E,Egg,9776,5.8,TRANS-81,Alpheus cristulifrons,Subtidal cracks exposed,A. utriensis / A. cristulifrons,A. crinitus,A. cristulifrons,,,Western Atlantic,Bocas del Toro,Bocas del Toro,True Sample,Snapping shrimp
9623-G,Istmo S17,A,7,9623-G,Gill,9776,5.8,TRANS-81,Alpheus cristulifrons,Subtidal cracks exposed,A. utriensis / A. cristulifrons,A. crinitus,A. cristulifrons,,,Western Atlantic,Bocas del Toro,Bocas del Toro,True Sample,Snapping shrimp
9623-M,Istmo S17,A,8,9623-M,Midgut,9776,5.8,TRANS-81,Alpheus cristulifrons,Subtidal cracks exposed,A. utriensis / A. cristulifrons,A. crinitus,A. cristulifrons,,,Western Atlantic,Bocas del Toro,Bocas del Toro,True Sample,Snapping shrimp
9623-S,Istmo S17,A,9,9623-S,Stomach,9776,5.8,TRANS-81,Alpheus cristulifrons,Subtidal cracks exposed,A. utriensis / A. cristulifrons,A. crinitus,A. cristulifrons,,,Western Atlantic,Bocas del Toro,Bocas del Toro,True Sample,Snapping shrimp
9389-S,Istmo S17,A,10,9389-S,Stomach,8911,5,TRANS-69,Alpheus thomasi,Subtidal cracks exposed,no_pair,A. formosus*,NA (sister to A. websteri-A.fagei),,,Western Atlantic,Bocas del Toro,Bocas del Toro,True Sample,Snapping shrimp
9389-M,Istmo S17,A,11,9389-M,Midgut,8911,5,TRANS-69,Alpheus thomasi,Subtidal cracks exposed,no_pair,A. formosus*,NA (sister to A. websteri-A.fagei),,,Western Atlantic,Bocas del Toro,Bocas del Toro,True Sample,Snapping shrimp
9389-H,Istmo S17,A,12,9389-H,Hepatopancreas,8911,5,TRANS-69,Alpheus thomasi,Subtidal cracks exposed,no_pair,A. formosus*,NA (sister to A. websteri-A.fagei),,,Western Atlantic,Bocas del Toro,Bocas del Toro,True Sample,Snapping shrimp
9389-G,Istmo S17,B,1,9389-G,Gill,8911,5,TRANS-69,Alpheus thomasi,Subtidal cracks exposed,no_pair,A. formosus*,NA (sister to A. websteri-A.fagei),,,Western Atlantic,Bocas del Toro,Bocas del Toro,True Sample,Snapping shrimp
9467-S,Istmo S17,B,2,9467-S,Stomach,9132,5.7,TRANS-74,Alpheus cristulifrons,Subtidal cracks exposed,A. utriensis / A. cristulifrons,A. crinitus,A. cristulifrons,,,Western Atlantic,Bocas del Toro,Bocas del Toro,True Sample,Snapping shrimp
9467-M,Istmo S17,B,3,9467-M,Midgut,9132,5.7,TRANS-74,Alpheus cristulifrons,Subtidal cracks exposed,A. utriensis / A. cristulifrons,A. crinitus,A. cristulifrons,,,Western Atlantic,Bocas del Toro,Bocas del Toro,True Sample,Snapping shrimp
9467-H,Istmo S17,B,4,9467-H,Hepatopancreas,9132,5.7,TRANS-74,Alpheus cristulifrons,Subtidal cracks exposed,A. utriensis / A. cristulifrons,A. crinitus,A. cristulifrons,,,Western Atlantic,Bocas del Toro,Bocas del Toro,True Sample,Snapping shrimp
9467-G,Istmo S17,B,5,9467-G,Gill,9132,5.7,TRANS-74,Alpheus cristulifrons,Subtidal cracks exposed,A. utriensis / A. cristulifrons,A. crinitus,A. cristulifrons,,,Western Atlantic,Bocas del Toro,Bocas del Toro,True Sample,Snapping shrimp
9655-H,Istmo S17,B,6,9655-H,Hepatopancreas,9808,6.6,TRANS-82,Alpheus floridanus,Burrows,A. hephaestus / A. floridanus,A. brevirostris,A. floridanus,,,Western Atlantic,Bocas del Toro,Bocas del Toro,True Sample,Snapping shrimp
9655-G,Istmo S17,B,7,9655-G,Gill,9808,6.6,TRANS-82,Alpheus floridanus,Burrows,A. hephaestus / A. floridanus,A. brevirostris,A. floridanus,,,Western Atlantic,Bocas del Toro,Bocas del Toro,True Sample,Snapping shrimp
9655-M,Istmo S17,B,8,9655-M,Midgut,9808,6.6,TRANS-82,Alpheus floridanus,Burrows,A. hephaestus / A. floridanus,A. brevirostris,A. floridanus,,,Western Atlantic,Bocas del Toro,Bocas del Toro,True Sample,Snapping shrimp
9655-S,Istmo S17,B,9,9655-S,Stomach,9808,6.6,TRANS-82,Alpheus floridanus,Burrows,A. hephaestus / A. floridanus,A. brevirostris,A. floridanus,,,Western Atlantic,Bocas del Toro,Bocas del Toro,True Sample,Snapping shrimp
9477-S,Istmo S17,B,10,9477-S,Stomach,9143,5.6,TRANS-74,Alpheus paraformosus,Subtidal cracks exposed,no_pair,A. formosus*,A. formosus,Check photo,,Western Atlantic,Bocas del Toro,Bocas del Toro,True Sample,Snapping shrimp
9477-M,Istmo S17,B,11,9477-M,Midgut,9143,5.6,TRANS-74,Alpheus paraformosus,Subtidal cracks exposed,no_pair,A. formosus*,A. formosus,Check photo,,Western Atlantic,Bocas del Toro,Bocas del Toro,True Sample,Snapping shrimp
9477-H,Istmo S17,B,12,9477-H,Hepatopancreas,9143,5.6,TRANS-74,Alpheus paraformosus,Subtidal cracks exposed,no_pair,A. formosus*,A. formosus,Check photo,,Western Atlantic,Bocas del Toro,Bocas del Toro,True Sample,Snapping shrimp
9477-G,Istmo S17,C,1,9477-G,Gill,9143,5.6,TRANS-74,Alpheus paraformosus,Subtidal cracks exposed,no_pair,A. formosus*,A. formosus,Check photo,,Western Atlantic,Bocas del Toro,Bocas del Toro,True Sample,Snapping shrimp
9652-S,Istmo S17,C,2,9652-S,Stomach,9805,6.9,TRANS-82,Alpheus floridanus,Burrows,A. hephaestus / A. floridanus,A. brevirostris,A. floridanus,,,Western Atlantic,Bocas del Toro,Bocas del Toro,True Sample,Snapping shrimp
9652-M,Istmo S17,C,3,9652-M,Midgut,9805,6.9,TRANS-82,Alpheus floridanus,Burrows,A. hephaestus / A. floridanus,A. brevirostris,A. floridanus,,,Western Atlantic,Bocas del Toro,Bocas del Toro,True Sample,Snapping shrimp
9652-H,Istmo S17,C,4,9652-H,Hepatopancreas,9805,6.9,TRANS-82,Alpheus floridanus,Burrows,A. hephaestus / A. floridanus,A. brevirostris,A. floridanus,,,Western Atlantic,Bocas del Toro,Bocas del Toro,True Sample,Snapping shrimp
9652-G,Istmo S17,C,5,9652-G,Gill,9805,6.9,TRANS-82,Alpheus floridanus,Burrows,A. hephaestus / A. floridanus,A. brevirostris,A. floridanus,,,Western Atlantic,Bocas del Toro,Bocas del Toro,True Sample,Snapping shrimp
9658-S,Istmo S17,C,6,9658-S,Stomach,9811,6.7,TRANS-82,Alpheus floridanus,Burrows,A. hephaestus / A. floridanus,A. brevirostris,A. floridanus,,,Western Atlantic,Bocas del Toro,Bocas del Toro,True Sample,Snapping shrimp
9658-M,Istmo S17,C,7,9658-M,Midgut,9811,6.7,TRANS-82,Alpheus floridanus,Burrows,A. hephaestus / A. floridanus,A. brevirostris,A. floridanus,,,Western Atlantic,Bocas del Toro,Bocas del Toro,True Sample,Snapping shrimp
9658-H,Istmo S17,C,8,9658-H,Hepatopancreas,9811,6.7,TRANS-82,Alpheus floridanus,Burrows,A. hephaestus / A. floridanus,A. brevirostris,A. floridanus,,,Western Atlantic,Bocas del Toro,Bocas del Toro,True Sample,Snapping shrimp
9658-G,Istmo S17,C,9,9658-G,Gill,9811,6.7,TRANS-82,Alpheus floridanus,Burrows,A. hephaestus / A. floridanus,A. brevirostris,A. floridanus,,,Western Atlantic,Bocas del Toro,Bocas del Toro,True Sample,Snapping shrimp
9659-G,Istmo S17,C,10,9659-G,Gill,9812,8.7,TRANS-82,Alpheus floridanus,Burrows,A. hephaestus / A. floridanus,A. brevirostris,A. floridanus,,,Western Atlantic,Bocas del Toro,Bocas del Toro,True Sample,Snapping shrimp
9659-H,Istmo S17,C,11,9659-H,Hepatopancreas,9812,8.7,TRANS-82,Alpheus floridanus,Burrows,A. hephaestus / A. floridanus,A. brevirostris,A. floridanus,,,Western Atlantic,Bocas del Toro,Bocas del Toro,True Sample,Snapping shrimp
9659-M,Istmo S17,C,12,9659-M,Midgut,9812,8.7,TRANS-82,Alpheus floridanus,Burrows,A. hephaestus / A. floridanus,A. brevirostris,A. floridanus,,,Western Atlantic,Bocas del Toro,Bocas del Toro,True Sample,Snapping shrimp
9659-S,Istmo S17,D,1,9659-S,Stomach,9812,8.7,TRANS-82,Alpheus floridanus,Burrows,A. hephaestus / A. floridanus,A. brevirostris,A. floridanus,,,Western Atlantic,Bocas del Toro,Bocas del Toro,True Sample,Snapping shrimp
9478-E,Istmo S17,D,2,9478-E,Egg,9144,6.1,TRANS-74,Alpheus paraformosus,Subtidal cracks exposed,no_pair,A. formosus*,A. formosus,Check photo,,Western Atlantic,Bocas del Toro,Bocas del Toro,True Sample,Snapping shrimp
9478-S,Istmo S17,D,3,9478-S,Stomach,9144,6.1,TRANS-74,Alpheus paraformosus,Subtidal cracks exposed,no_pair,A. formosus*,A. formosus,Check photo,,Western Atlantic,Bocas del Toro,Bocas del Toro,True Sample,Snapping shrimp
9478-M,Istmo S17,D,4,9478-M,Midgut,9144,6.1,TRANS-74,Alpheus paraformosus,Subtidal cracks exposed,no_pair,A. formosus*,A. formosus,Check photo,,Western Atlantic,Bocas del Toro,Bocas del Toro,True Sample,Snapping shrimp
9478-H,Istmo S17,D,5,9478-H,Hepatopancreas,9144,6.1,TRANS-74,Alpheus paraformosus,Subtidal cracks exposed,no_pair,A. formosus*,A. formosus,Check photo,,Western Atlantic,Bocas del Toro,Bocas del Toro,True Sample,Snapping shrimp
9478-G,Istmo S17,D,6,9478-G,Gill,9144,6.1,TRANS-74,Alpheus paraformosus,Subtidal cracks exposed,no_pair,A. formosus*,A. formosus,Check photo,,Western Atlantic,Bocas del Toro,Bocas del Toro,True Sample,Snapping shrimp
9474-S,Istmo S17,D,7,9474-S,Stomach,9140,5.9,TRANS-74,Alpheus paraformosus,Subtidal cracks exposed,no_pair,A. formosus*,A. formosus,Check photo,,Western Atlantic,Bocas del Toro,Bocas del Toro,True Sample,Snapping shrimp
9474-M,Istmo S17,D,8,9474-M,Midgut,9140,5.9,TRANS-74,Alpheus paraformosus,Subtidal cracks exposed,no_pair,A. formosus*,A. formosus,Check photo,,Western Atlantic,Bocas del Toro,Bocas del Toro,True Sample,Snapping shrimp
9474-H,Istmo S17,D,9,9474-H,Hepatopancreas,9140,5.9,TRANS-74,Alpheus paraformosus,Subtidal cracks exposed,no_pair,A. formosus*,A. formosus,Check photo,,Western Atlantic,Bocas del Toro,Bocas del Toro,True Sample,Snapping shrimp
9474-G,Istmo S17,D,10,9474-G,Gill,9140,5.9,TRANS-74,Alpheus paraformosus,Subtidal cracks exposed,no_pair,A. formosus*,A. formosus,Check photo,,Western Atlantic,Bocas del Toro,Bocas del Toro,True Sample,Snapping shrimp
9610-E,Istmo S17,D,11,9610-E,Egg,9576,6.8,TRANS-80,Alpheus websteri,Subtidal cracks exposed,A. arenensis / A. websteri,A. formosus*,A. websteri,,,Western Atlantic,Bocas del Toro,Bocas del Toro,True Sample,Snapping shrimp
9610-G,Istmo S17,D,12,9610-G,Gill,9576,6.8,TRANS-80,Alpheus websteri,Subtidal cracks exposed,A. arenensis / A. websteri,A. formosus*,A. websteri,,,Western Atlantic,Bocas del Toro,Bocas del Toro,True Sample,Snapping shrimp
9610-H,Istmo S17,E,1,9610-H,Hepatopancreas,9576,6.8,TRANS-80,Alpheus websteri,Subtidal cracks exposed,A. arenensis / A. websteri,A. formosus*,A. websteri,,,Western Atlantic,Bocas del Toro,Bocas del Toro,True Sample,Snapping shrimp
9610-M,Istmo S17,E,2,9610-M,Midgut,9576,6.8,TRANS-80,Alpheus websteri,Subtidal cracks exposed,A. arenensis / A. websteri,A. formosus*,A. websteri,,,Western Atlantic,Bocas del Toro,Bocas del Toro,True Sample,Snapping shrimp
9610-S,Istmo S17,E,3,9610-S,Stomach,9576,6.8,TRANS-80,Alpheus websteri,Subtidal cracks exposed,A. arenensis / A. websteri,A. formosus*,A. websteri,,,Western Atlantic,Bocas del Toro,Bocas del Toro,True Sample,Snapping shrimp
9664-S,Istmo S17,E,4,9664-S,Stomach,9817,8.1,TRANS-82,Alpheus floridanus,Burrows,A. hephaestus / A. floridanus,A. brevirostris,A. floridanus,,,Western Atlantic,Bocas del Toro,Bocas del Toro,True Sample,Snapping shrimp
9664-M,Istmo S17,E,5,9664-M,Midgut,9817,8.1,TRANS-82,Alpheus floridanus,Burrows,A. hephaestus / A. floridanus,A. brevirostris,A. floridanus,,,Western Atlantic,Bocas del Toro,Bocas del Toro,True Sample,Snapping shrimp
9664-H,Istmo S17,E,6,9664-H,Hepatopancreas,9817,8.1,TRANS-82,Alpheus floridanus,Burrows,A. hephaestus / A. floridanus,A. brevirostris,A. floridanus,,,Western Atlantic,Bocas del Toro,Bocas del Toro,True Sample,Snapping shrimp
9664-G,Istmo S17,E,7,9664-G,Gill,9817,8.1,TRANS-82,Alpheus floridanus,Burrows,A. hephaestus / A. floridanus,A. brevirostris,A. floridanus,,,Western Atlantic,Bocas del Toro,Bocas del Toro,True Sample,Snapping shrimp
9364-E,Istmo S17,E,8,9364-E,Egg,8714,7.3,TRANS-67,Alpheus paraformosus,Subtidal cracks exposed,no_pair,A. formosus*,A. formosus,,,Western Atlantic,Bocas del Toro,Bocas del Toro,True Sample,Snapping shrimp
9364-S,Istmo S17,E,9,9364-S,Stomach,8714,7.3,TRANS-67,Alpheus paraformosus,Subtidal cracks exposed,no_pair,A. formosus*,A. formosus,,,Western Atlantic,Bocas del Toro,Bocas del Toro,True Sample,Snapping shrimp
9364-M,Istmo S17,E,10,9364-M,Midgut,8714,7.3,TRANS-67,Alpheus paraformosus,Subtidal cracks exposed,no_pair,A. formosus*,A. formosus,,,Western Atlantic,Bocas del Toro,Bocas del Toro,True Sample,Snapping shrimp
9364-H,Istmo S17,E,11,9364-H,Hepatopancreas,8714,7.3,TRANS-67,Alpheus paraformosus,Subtidal cracks exposed,no_pair,A. formosus*,A. formosus,,,Western Atlantic,Bocas del Toro,Bocas del Toro,True Sample,Snapping shrimp
9364-G,Istmo S17,E,12,9364-G,Gill,8714,7.3,TRANS-67,Alpheus paraformosus,Subtidal cracks exposed,no_pair,A. formosus*,A. formosus,,,Western Atlantic,Bocas del Toro,Bocas del Toro,True Sample,Snapping shrimp
9624-E,Istmo S17,F,1,9624-E,Egg,9777,5.6,TRANS-81,Alpheus cristulifrons,Subtidal cracks exposed,A. utriensis / A. cristulifrons,A. crinitus,A. cristulifrons,,,Western Atlantic,Bocas del Toro,Bocas del Toro,True Sample,Snapping shrimp
9624-S,Istmo S17,F,2,9624-S,Stomach,9777,5.6,TRANS-81,Alpheus cristulifrons,Subtidal cracks exposed,A. utriensis / A. cristulifrons,A. crinitus,A. cristulifrons,,,Western Atlantic,Bocas del Toro,Bocas del Toro,True Sample,Snapping shrimp
9516-E,Istmo S17,F,3,9516-E,Egg,9532,4.9,TRANS-79,Alpheus paracrinitus no spot,Subtidal cracks exposed,A. fasciatus / A. paracrinitus no spot,A. paracrinitus*,A. paracrinitus,,,Western Atlantic,Bocas del Toro,Bocas del Toro,True Sample,Snapping shrimp
9516-G,Istmo S17,F,4,9516-G,Gill,9532,4.9,TRANS-79,Alpheus paracrinitus no spot,Subtidal cracks exposed,A. fasciatus / A. paracrinitus no spot,A. paracrinitus*,A. paracrinitus,,,Western Atlantic,Bocas del Toro,Bocas del Toro,True Sample,Snapping shrimp
9516-H,Istmo S17,F,5,9516-H,Hepatopancreas,9532,4.9,TRANS-79,Alpheus paracrinitus no spot,Subtidal cracks exposed,A. fasciatus / A. paracrinitus no spot,A. paracrinitus*,A. paracrinitus,,,Western Atlantic,Bocas del Toro,Bocas del Toro,True Sample,Snapping shrimp
9516-M,Istmo S17,F,6,9516-M,Midgut,9532,4.9,TRANS-79,Alpheus paracrinitus no spot,Subtidal cracks exposed,A. fasciatus / A. paracrinitus no spot,A. paracrinitus*,A. paracrinitus,,,Western Atlantic,Bocas del Toro,Bocas del Toro,True Sample,Snapping shrimp
9516-S,Istmo S17,F,7,9516-S,Stomach,9532,4.9,TRANS-79,Alpheus paracrinitus no spot,Subtidal cracks exposed,A. fasciatus / A. paracrinitus no spot,A. paracrinitus*,A. paracrinitus,,,Western Atlantic,Bocas del Toro,Bocas del Toro,True Sample,Snapping shrimp
9624-M,Istmo S17,F,8,9624-M,Midgut,9777,5.6,TRANS-81,Alpheus cristulifrons,Subtidal cracks exposed,A. utriensis / A. cristulifrons,A. crinitus,A. cristulifrons,,,Western Atlantic,Bocas del Toro,Bocas del Toro,True Sample,Snapping shrimp
9624-H,Istmo S17,F,9,9624-H,Hepatopancreas,9777,5.6,TRANS-81,Alpheus cristulifrons,Subtidal cracks exposed,A. utriensis / A. cristulifrons,A. crinitus,A. cristulifrons,,,Western Atlantic,Bocas del Toro,Bocas del Toro,True Sample,Snapping shrimp
9624-G,Istmo S17,F,10,9624-G,Gill,9777,5.6,TRANS-81,Alpheus cristulifrons,Subtidal cracks exposed,A. utriensis / A. cristulifrons,A. crinitus,A. cristulifrons,,,Western Atlantic,Bocas del Toro,Bocas del Toro,True Sample,Snapping shrimp
9473-E,Istmo S17,F,11,9473-E,Egg,9139,7,TRANS-74,Alpheus cristulifrons,Subtidal cracks exposed,A. utriensis / A. cristulifrons,A. crinitus,A. cristulifrons,,,Western Atlantic,Bocas del Toro,Bocas del Toro,True Sample,Snapping shrimp
9473-S,Istmo S17,F,12,9473-S,Stomach,9139,7,TRANS-74,Alpheus cristulifrons,Subtidal cracks exposed,A. utriensis / A. cristulifrons,A. crinitus,A. cristulifrons,,,Western Atlantic,Bocas del Toro,Bocas del Toro,True Sample,Snapping shrimp
9473-M,Istmo S17,G,1,9473-M,Midgut,9139,7,TRANS-74,Alpheus cristulifrons,Subtidal cracks exposed,A. utriensis / A. cristulifrons,A. crinitus,A. cristulifrons,,,Western Atlantic,Bocas del Toro,Bocas del Toro,True Sample,Snapping shrimp
9473-H,Istmo S17,G,2,9473-H,Hepatopancreas,9139,7,TRANS-74,Alpheus cristulifrons,Subtidal cracks exposed,A. utriensis / A. cristulifrons,A. crinitus,A. cristulifrons,,,Western Atlantic,Bocas del Toro,Bocas del Toro,True Sample,Snapping shrimp
9473-G,Istmo S17,G,3,9473-G,Gill,9139,7,TRANS-74,Alpheus cristulifrons,Subtidal cracks exposed,A. utriensis / A. cristulifrons,A. crinitus,A. cristulifrons,,,Western Atlantic,Bocas del Toro,Bocas del Toro,True Sample,Snapping shrimp
9486-E,Istmo S17,G,4,9486-E,Egg,9152,6,TRANS-74,Alpheus paraformosus,Subtidal cracks exposed,no_pair,A. formosus*,A. formosus,Check photo,,Western Atlantic,Bocas del Toro,Bocas del Toro,True Sample,Snapping shrimp
9486-S,Istmo S17,G,5,9486-S,Stomach,9152,6,TRANS-74,Alpheus paraformosus,Subtidal cracks exposed,no_pair,A. formosus*,A. formosus,Check photo,,Western Atlantic,Bocas del Toro,Bocas del Toro,True Sample,Snapping shrimp
9486-M,Istmo S17,G,6,9486-M,Midgut,9152,6,TRANS-74,Alpheus paraformosus,Subtidal cracks exposed,no_pair,A. formosus*,A. formosus,Check photo,,Western Atlantic,Bocas del Toro,Bocas del Toro,True Sample,Snapping shrimp
9486-H,Istmo S17,G,7,9486-H,Hepatopancreas,9152,6,TRANS-74,Alpheus paraformosus,Subtidal cracks exposed,no_pair,A. formosus*,A. formosus,Check photo,,Western Atlantic,Bocas del Toro,Bocas del Toro,True Sample,Snapping shrimp
9486-G,Istmo S17,G,8,9486-G,Gill,9152,6,TRANS-74,Alpheus paraformosus,Subtidal cracks exposed,no_pair,A. formosus*,A. formosus,Check photo,,Western Atlantic,Bocas del Toro,Bocas del Toro,True Sample,Snapping shrimp
9513-S,Istmo S17,G,9,9513-S,Stomach,9529,4.9,TRANS-79,Alpheus paracrinitus no spot,Subtidal cracks exposed,A. fasciatus / A. paracrinitus no spot,A. paracrinitus*,A. paracrinitus,,,Western Atlantic,Bocas del Toro,Bocas del Toro,True Sample,Snapping shrimp
9513-M,Istmo S17,G,10,9513-M,Midgut,9529,4.9,TRANS-79,Alpheus paracrinitus no spot,Subtidal cracks exposed,A. fasciatus / A. paracrinitus no spot,A. paracrinitus*,A. paracrinitus,,,Western Atlantic,Bocas del Toro,Bocas del Toro,True Sample,Snapping shrimp
9513-H,Istmo S17,G,11,9513-H,Hepatopancreas,9529,4.9,TRANS-79,Alpheus paracrinitus no spot,Subtidal cracks exposed,A. fasciatus / A. paracrinitus no spot,A. paracrinitus*,A. paracrinitus,,,Western Atlantic,Bocas del Toro,Bocas del Toro,True Sample,Snapping shrimp
9513-G,Istmo S17,G,12,9513-G,Gill,9529,4.9,TRANS-79,Alpheus paracrinitus no spot,Subtidal cracks exposed,A. fasciatus / A. paracrinitus no spot,A. paracrinitus*,A. paracrinitus,,,Western Atlantic,Bocas del Toro,Bocas del Toro,True Sample,Snapping shrimp
9526-S,Istmo S17,H,1,9526-S,Stomach,9544,12.2,TRANS-79,Alpheus verrilli,Subtidal under rocks,A. hyeyoungae / A. verilli,A. edwardsii 1,A. armillatus,,,Western Atlantic,Bocas del Toro,Bocas del Toro,True Sample,Snapping shrimp
9526-M,Istmo S17,H,2,9526-M,Midgut,9544,12.2,TRANS-79,Alpheus verrilli,Subtidal under rocks,A. hyeyoungae / A. verilli,A. edwardsii 1,A. armillatus,,,Western Atlantic,Bocas del Toro,Bocas del Toro,True Sample,Snapping shrimp
9526-H,Istmo S17,H,3,9526-H,Hepatopancreas,9544,12.2,TRANS-79,Alpheus verrilli,Subtidal under rocks,A. hyeyoungae / A. verilli,A. edwardsii 1,A. armillatus,,,Western Atlantic,Bocas del Toro,Bocas del Toro,True Sample,Snapping shrimp
9526-G,Istmo S17,H,4,9526-G,Gill,9544,12.2,TRANS-79,Alpheus verrilli,Subtidal under rocks,A. hyeyoungae / A. verilli,A. edwardsii 1,A. armillatus,,,Western Atlantic,Bocas del Toro,Bocas del Toro,True Sample,Snapping shrimp
9621-S,Istmo S17,H,5,9621-S,Stomach,9774,5.2,TRANS-81,Alpheus cristulifrons,Subtidal cracks exposed,A. utriensis / A. cristulifrons,A. crinitus,A. cristulifrons,,,Western Atlantic,Bocas del Toro,Bocas del Toro,True Sample,Snapping shrimp
9621-M,Istmo S17,H,6,9621-M,Midgut,9774,5.2,TRANS-81,Alpheus cristulifrons,Subtidal cracks exposed,A. utriensis / A. cristulifrons,A. crinitus,A. cristulifrons,,,Western Atlantic,Bocas del Toro,Bocas del Toro,True Sample,Snapping shrimp
9621-H,Istmo S17,H,7,9621-H,Hepatopancreas,9774,5.2,TRANS-81,Alpheus cristulifrons,Subtidal cracks exposed,A. utriensis / A. cristulifrons,A. crinitus,A. cristulifrons,,,Western Atlantic,Bocas del Toro,Bocas del Toro,True Sample,Snapping shrimp
9621-G,Istmo S17,H,8,9621-G,Gill,9774,5.2,TRANS-81,Alpheus cristulifrons,Subtidal cracks exposed,A. utriensis / A. cristulifrons,A. crinitus,A. cristulifrons,,,Western Atlantic,Bocas del Toro,Bocas del Toro,True Sample,Snapping shrimp
9433-S,Istmo S17,H,9,9433-S,Stomach,9045,10.4,TRANS-73,Alpheus floridanus,Burrows,A. hephaestus / A. floridanus,A. brevirostris,A. floridanus,,,Western Atlantic,Bocas del Toro,Bocas del Toro,True Sample,Snapping shrimp
Control-49,Istmo S17,H,10,Control-49,Control,Control,Control,Control,Control,Control,Control,Control,Control,Control,Control,Control,Control,Control,Control Sample,Control
Control-50,Istmo S17,H,11,Control-50,Control,Control,Control,Control,Control,Control,Control,Control,Control,Control,Control,Control,Control,Control,Control Sample,Control
Control-51,Istmo S17,H,12,Control-51,Control,Control,Control,Control,Control,Control,Control,Control,Control,Control,Control,Control,Control,Control,Control Sample,Control
9443-E,Istmo S18,A,1,9443-E,Egg,9101,5.4,TRANS-74,Alpheus paracrinitus no spot,Subtidal cracks exposed,A. fasciatus / A. paracrinitus no spot,A. paracrinitus*,A. paracrinitus,,,Western Atlantic,Bocas del Toro,Bocas del Toro,True Sample,Snapping shrimp
9443-S,Istmo S18,A,2,9443-S,Stomach,9101,5.4,TRANS-74,Alpheus paracrinitus no spot,Subtidal cracks exposed,A. fasciatus / A. paracrinitus no spot,A. paracrinitus*,A. paracrinitus,,,Western Atlantic,Bocas del Toro,Bocas del Toro,True Sample,Snapping shrimp
9443-M,Istmo S18,A,3,9443-M,Midgut,9101,5.4,TRANS-74,Alpheus paracrinitus no spot,Subtidal cracks exposed,A. fasciatus / A. paracrinitus no spot,A. paracrinitus*,A. paracrinitus,,,Western Atlantic,Bocas del Toro,Bocas del Toro,True Sample,Snapping shrimp
9443-H,Istmo S18,A,4,9443-H,Hepatopancreas,9101,5.4,TRANS-74,Alpheus paracrinitus no spot,Subtidal cracks exposed,A. fasciatus / A. paracrinitus no spot,A. paracrinitus*,A. paracrinitus,,,Western Atlantic,Bocas del Toro,Bocas del Toro,True Sample,Snapping shrimp
9443-G,Istmo S18,A,5,9443-G,Gill,9101,5.4,TRANS-74,Alpheus paracrinitus no spot,Subtidal cracks exposed,A. fasciatus / A. paracrinitus no spot,A. paracrinitus*,A. paracrinitus,,,Western Atlantic,Bocas del Toro,Bocas del Toro,True Sample,Snapping shrimp
9519-S,Istmo S18,A,6,9519-S,Stomach,9535,4.8,TRANS-79,Alpheus paracrinitus no spot,Subtidal cracks exposed,A. fasciatus / A. paracrinitus no spot,A. paracrinitus*,A. paracrinitus,,,Western Atlantic,Bocas del Toro,Bocas del Toro,True Sample,Snapping shrimp
9519-M,Istmo S18,A,7,9519-M,Midgut,9535,4.8,TRANS-79,Alpheus paracrinitus no spot,Subtidal cracks exposed,A. fasciatus / A. paracrinitus no spot,A. paracrinitus*,A. paracrinitus,,,Western Atlantic,Bocas del Toro,Bocas del Toro,True Sample,Snapping shrimp
9519-H,Istmo S18,A,8,9519-H,Hepatopancreas,9535,4.8,TRANS-79,Alpheus paracrinitus no spot,Subtidal cracks exposed,A. fasciatus / A. paracrinitus no spot,A. paracrinitus*,A. paracrinitus,,,Western Atlantic,Bocas del Toro,Bocas del Toro,True Sample,Snapping shrimp
9519-G,Istmo S18,A,9,9519-G,Gill,9535,4.8,TRANS-79,Alpheus paracrinitus no spot,Subtidal cracks exposed,A. fasciatus / A. paracrinitus no spot,A. paracrinitus*,A. paracrinitus,,,Western Atlantic,Bocas del Toro,Bocas del Toro,True Sample,Snapping shrimp
9433-M,Istmo S18,A,10,9433-M,Midgut,9045,10.4,TRANS-73,Alpheus floridanus,Burrows,A. hephaestus / A. floridanus,A. brevirostris,A. floridanus,,,Western Atlantic,Bocas del Toro,Bocas del Toro,True Sample,Snapping shrimp
9433-H,Istmo S18,A,11,9433-H,Hepatopancreas,9045,10.4,TRANS-73,Alpheus floridanus,Burrows,A. hephaestus / A. floridanus,A. brevirostris,A. floridanus,,,Western Atlantic,Bocas del Toro,Bocas del Toro,True Sample,Snapping shrimp
9433-G,Istmo S18,A,12,9433-G,Gill,9045,10.4,TRANS-73,Alpheus floridanus,Burrows,A. hephaestus / A. floridanus,A. brevirostris,A. floridanus,,,Western Atlantic,Bocas del Toro,Bocas del Toro,True Sample,Snapping shrimp
9459-S,Istmo S18,B,1,9459-S,Stomach,9122,9.6,TRANS-74,Alpheus nuttingi,Subtidal cracks exposed,A. millsae / A. nuttingi,A. edwardsii 1,A. nuttingi,,,Western Atlantic,Bocas del Toro,Bocas del Toro,True Sample,Snapping shrimp
9459-M,Istmo S18,B,2,9459-M,Midgut,9122,9.6,TRANS-74,Alpheus nuttingi,Subtidal cracks exposed,A. millsae / A. nuttingi,A. edwardsii 1,A. nuttingi,,,Western Atlantic,Bocas del Toro,Bocas del Toro,True Sample,Snapping shrimp
9459-H,Istmo S18,B,3,9459-H,Hepatopancreas,9122,9.6,TRANS-74,Alpheus nuttingi,Subtidal cracks exposed,A. millsae / A. nuttingi,A. edwardsii 1,A. nuttingi,,,Western Atlantic,Bocas del Toro,Bocas del Toro,True Sample,Snapping shrimp
9459-G,Istmo S18,B,4,9459-G,Gill,9122,9.6,TRANS-74,Alpheus nuttingi,Subtidal cracks exposed,A. millsae / A. nuttingi,A. edwardsii 1,A. nuttingi,,,Western Atlantic,Bocas del Toro,Bocas del Toro,True Sample,Snapping shrimp
9459-E,Istmo S18,B,5,9459-E,Egg,9122,9.6,TRANS-74,Alpheus nuttingi,Subtidal cracks exposed,A. millsae / A. nuttingi,A. edwardsii 1,A. nuttingi,,,Western Atlantic,Bocas del Toro,Bocas del Toro,True Sample,Snapping shrimp
9409-S,Istmo S18,B,6,9409-S,Stomach,8940,8.9,TRANS-70,Alpheus nuttingi,Subtidal cracks exposed,A. millsae / A. nuttingi,A. edwardsii 1,A. nuttingi,,,Western Atlantic,Bocas del Toro,Bocas del Toro,True Sample,Snapping shrimp
9409-M,Istmo S18,B,7,9409-M,Midgut,8940,8.9,TRANS-70,Alpheus nuttingi,Subtidal cracks exposed,A. millsae / A. nuttingi,A. edwardsii 1,A. nuttingi,,,Western Atlantic,Bocas del Toro,Bocas del Toro,True Sample,Snapping shrimp
9409-H,Istmo S18,B,8,9409-H,Hepatopancreas,8940,8.9,TRANS-70,Alpheus nuttingi,Subtidal cracks exposed,A. millsae / A. nuttingi,A. edwardsii 1,A. nuttingi,,,Western Atlantic,Bocas del Toro,Bocas del Toro,True Sample,Snapping shrimp
9409-G,Istmo S18,B,9,9409-G,Gill,8940,8.9,TRANS-70,Alpheus nuttingi,Subtidal cracks exposed,A. millsae / A. nuttingi,A. edwardsii 1,A. nuttingi,,,Western Atlantic,Bocas del Toro,Bocas del Toro,True Sample,Snapping shrimp
9460-S,Istmo S18,B,10,9460-S,Stomach,9123,9.8,TRANS-74,Alpheus nuttingi,Subtidal cracks exposed,A. millsae / A. nuttingi,A. edwardsii 1,A. nuttingi,,,Western Atlantic,Bocas del Toro,Bocas del Toro,True Sample,Snapping shrimp
9460-M,Istmo S18,B,11,9460-M,Midgut,9123,9.8,TRANS-74,Alpheus nuttingi,Subtidal cracks exposed,A. millsae / A. nuttingi,A. edwardsii 1,A. nuttingi,,,Western Atlantic,Bocas del Toro,Bocas del Toro,True Sample,Snapping shrimp
9460-H,Istmo S18,B,12,9460-H,Hepatopancreas,9123,9.8,TRANS-74,Alpheus nuttingi,Subtidal cracks exposed,A. millsae / A. nuttingi,A. edwardsii 1,A. nuttingi,,,Western Atlantic,Bocas del Toro,Bocas del Toro,True Sample,Snapping shrimp
9460-G,Istmo S18,C,1,9460-G,Gill,9123,9.8,TRANS-74,Alpheus nuttingi,Subtidal cracks exposed,A. millsae / A. nuttingi,A. edwardsii 1,A. nuttingi,,,Western Atlantic,Bocas del Toro,Bocas del Toro,True Sample,Snapping shrimp
9662-S,Istmo S18,C,2,9662-S,Stomach,9815,11.2,TRANS-82,Alpheus floridanus,Burrows,A. hephaestus / A. floridanus,A. brevirostris,A. floridanus,,,Western Atlantic,Bocas del Toro,Bocas del Toro,True Sample,Snapping shrimp
9662-M,Istmo S18,C,3,9662-M,Midgut,9815,11.2,TRANS-82,Alpheus floridanus,Burrows,A. hephaestus / A. floridanus,A. brevirostris,A. floridanus,,,Western Atlantic,Bocas del Toro,Bocas del Toro,True Sample,Snapping shrimp
9662-H,Istmo S18,C,4,9662-H,Hepatopancreas,9815,11.2,TRANS-82,Alpheus floridanus,Burrows,A. hephaestus / A. floridanus,A. brevirostris,A. floridanus,,,Western Atlantic,Bocas del Toro,Bocas del Toro,True Sample,Snapping shrimp
9662-G,Istmo S18,C,5,9662-G,Gill,9815,11.2,TRANS-82,Alpheus floridanus,Burrows,A. hephaestus / A. floridanus,A. brevirostris,A. floridanus,,,Western Atlantic,Bocas del Toro,Bocas del Toro,True Sample,Snapping shrimp
9662-E,Istmo S18,C,6,9662-E,Egg,9815,11.2,TRANS-82,Alpheus floridanus,Burrows,A. hephaestus / A. floridanus,A. brevirostris,A. floridanus,,,Western Atlantic,Bocas del Toro,Bocas del Toro,True Sample,Snapping shrimp
9648-S,Istmo S18,C,7,9648-S,Stomach,9801,7.4,TRANS-82,Alpheus floridanus,Burrows,A. hephaestus / A. floridanus,A. brevirostris,A. floridanus,,,Western Atlantic,Bocas del Toro,Bocas del Toro,True Sample,Snapping shrimp
9648-M,Istmo S18,C,8,9648-M,Midgut,9801,7.4,TRANS-82,Alpheus floridanus,Burrows,A. hephaestus / A. floridanus,A. brevirostris,A. floridanus,,,Western Atlantic,Bocas del Toro,Bocas del Toro,True Sample,Snapping shrimp
9648-H,Istmo S18,C,9,9648-H,Hepatopancreas,9801,7.4,TRANS-82,Alpheus floridanus,Burrows,A. hephaestus / A. floridanus,A. brevirostris,A. floridanus,,,Western Atlantic,Bocas del Toro,Bocas del Toro,True Sample,Snapping shrimp
9648-G,Istmo S18,C,10,9648-G,Gill,9801,7.4,TRANS-82,Alpheus floridanus,Burrows,A. hephaestus / A. floridanus,A. brevirostris,A. floridanus,,,Western Atlantic,Bocas del Toro,Bocas del Toro,True Sample,Snapping shrimp
9420-S,Istmo S18,C,11,9420-S,Stomach,9031,9.9,TRANS-72,Alpheus thomasi,Subtidal cracks exposed,no_pair,A. formosus*,NA (sister to A. websteri-A.fagei),,,Western Atlantic,Bocas del Toro,Bocas del Toro,True Sample,Snapping shrimp
9420-M,Istmo S18,C,12,9420-M,Midgut,9031,9.9,TRANS-72,Alpheus thomasi,Subtidal cracks exposed,no_pair,A. formosus*,NA (sister to A. websteri-A.fagei),,,Western Atlantic,Bocas del Toro,Bocas del Toro,True Sample,Snapping shrimp
9420-H,Istmo S18,D,1,9420-H,Hepatopancreas,9031,9.9,TRANS-72,Alpheus thomasi,Subtidal cracks exposed,no_pair,A. formosus*,NA (sister to A. websteri-A.fagei),,,Western Atlantic,Bocas del Toro,Bocas del Toro,True Sample,Snapping shrimp
9420-G,Istmo S18,D,2,9420-G,Gill,9031,9.9,TRANS-72,Alpheus thomasi,Subtidal cracks exposed,no_pair,A. formosus*,NA (sister to A. websteri-A.fagei),,,Western Atlantic,Bocas del Toro,Bocas del Toro,True Sample,Snapping shrimp
9420-E,Istmo S18,D,3,9420-E,Egg,9031,9.9,TRANS-72,Alpheus thomasi,Subtidal cracks exposed,no_pair,A. formosus*,NA (sister to A. websteri-A.fagei),,,Western Atlantic,Bocas del Toro,Bocas del Toro,True Sample,Snapping shrimp
9406-S,Istmo S18,D,4,9406-S,Stomach,8937,12.3,TRANS-70,Alpheus nuttingi,Subtidal cracks exposed,A. millsae / A. nuttingi,A. edwardsii 1,A. nuttingi,,,Western Atlantic,Bocas del Toro,Bocas del Toro,True Sample,Snapping shrimp
9406-M,Istmo S18,D,5,9406-M,Midgut,8937,12.3,TRANS-70,Alpheus nuttingi,Subtidal cracks exposed,A. millsae / A. nuttingi,A. edwardsii 1,A. nuttingi,,,Western Atlantic,Bocas del Toro,Bocas del Toro,True Sample,Snapping shrimp
9406-H,Istmo S18,D,6,9406-H,Hepatopancreas,8937,12.3,TRANS-70,Alpheus nuttingi,Subtidal cracks exposed,A. millsae / A. nuttingi,A. edwardsii 1,A. nuttingi,,,Western Atlantic,Bocas del Toro,Bocas del Toro,True Sample,Snapping shrimp
9406-G,Istmo S18,D,7,9406-G,Gill,8937,12.3,TRANS-70,Alpheus nuttingi,Subtidal cracks exposed,A. millsae / A. nuttingi,A. edwardsii 1,A. nuttingi,,,Western Atlantic,Bocas del Toro,Bocas del Toro,True Sample,Snapping shrimp
9406-E,Istmo S18,D,8,9406-E,Egg,8937,12.3,TRANS-70,Alpheus nuttingi,Subtidal cracks exposed,A. millsae / A. nuttingi,A. edwardsii 1,A. nuttingi,,,Western Atlantic,Bocas del Toro,Bocas del Toro,True Sample,Snapping shrimp
9476-S,Istmo S18,D,9,9476-S,Stomach,9142,6,TRANS-74,Alpheus paraformosus,Subtidal cracks exposed,no_pair,A. formosus*,A. formosus,Check photo,,Western Atlantic,Bocas del Toro,Bocas del Toro,True Sample,Snapping shrimp
9476-M,Istmo S18,D,10,9476-M,Midgut,9142,6,TRANS-74,Alpheus paraformosus,Subtidal cracks exposed,no_pair,A. formosus*,A. formosus,Check photo,,Western Atlantic,Bocas del Toro,Bocas del Toro,True Sample,Snapping shrimp
9476-H,Istmo S18,D,11,9476-H,Hepatopancreas,9142,6,TRANS-74,Alpheus paraformosus,Subtidal cracks exposed,no_pair,A. formosus*,A. formosus,Check photo,,Western Atlantic,Bocas del Toro,Bocas del Toro,True Sample,Snapping shrimp
9476-G,Istmo S18,D,12,9476-G,Gill,9142,6,TRANS-74,Alpheus paraformosus,Subtidal cracks exposed,no_pair,A. formosus*,A. formosus,Check photo,,Western Atlantic,Bocas del Toro,Bocas del Toro,True Sample,Snapping shrimp
7428-S,Istmo S18,E,1,7428-S,Stomach,4775,9.4,TRANS-11,Alpheus nuttingi,Subtidal cracks exposed,A. millsae / A. nuttingi,A. edwardsii 1,A. nuttingi,Yes,,Western Atlantic,Bocas del Toro,Bocas del Toro,True Sample,Snapping shrimp
7428-M,Istmo S18,E,2,7428-M,Midgut,4775,9.4,TRANS-11,Alpheus nuttingi,Subtidal cracks exposed,A. millsae / A. nuttingi,A. edwardsii 1,A. nuttingi,Yes,,Western Atlantic,Bocas del Toro,Bocas del Toro,True Sample,Snapping shrimp
7428-H,Istmo S18,E,3,7428-H,Hepatopancreas,4775,9.4,TRANS-11,Alpheus nuttingi,Subtidal cracks exposed,A. millsae / A. nuttingi,A. edwardsii 1,A. nuttingi,Yes,,Western Atlantic,Bocas del Toro,Bocas del Toro,True Sample,Snapping shrimp
7428-G,Istmo S18,E,4,7428-G,Gill,4775,9.4,TRANS-11,Alpheus nuttingi,Subtidal cracks exposed,A. millsae / A. nuttingi,A. edwardsii 1,A. nuttingi,Yes,,Western Atlantic,Bocas del Toro,Bocas del Toro,True Sample,Snapping shrimp
7512-M,Istmo S18,E,5,7512-M,Midgut,5090,6.3,TRANS-16,Alpheus bahamensis,Subtidal cracks exposed,no_pair,A. edwardsii 2,NA (sister to A. schmitti-A.umbo),Yes,,Western Atlantic,Bocas del Toro,Bocas del Toro,True Sample,Snapping shrimp
7512-H,Istmo S18,E,6,7512-H,Hepatopancreas,5090,6.3,TRANS-16,Alpheus bahamensis,Subtidal cracks exposed,no_pair,A. edwardsii 2,NA (sister to A. schmitti-A.umbo),Yes,,Western Atlantic,Bocas del Toro,Bocas del Toro,True Sample,Snapping shrimp
7512-G,Istmo S18,E,7,7512-G,Gill,5090,6.3,TRANS-16,Alpheus bahamensis,Subtidal cracks exposed,no_pair,A. edwardsii 2,NA (sister to A. schmitti-A.umbo),Yes,,Western Atlantic,Bocas del Toro,Bocas del Toro,True Sample,Snapping shrimp
7512-S,Istmo S18,E,8,7512-S,Stomach,5090,6.3,TRANS-16,Alpheus bahamensis,Subtidal cracks exposed,no_pair,A. edwardsii 2,NA (sister to A. schmitti-A.umbo),Yes,,Western Atlantic,Bocas del Toro,Bocas del Toro,True Sample,Snapping shrimp
7429-H,Istmo S18,E,9,7429-H,Hepatopancreas,4766,9.4,TRANS-11,Alpheus nuttingi,Subtidal cracks exposed,A. millsae / A. nuttingi,A. edwardsii 1,A. nuttingi,Yes,,Western Atlantic,Bocas del Toro,Bocas del Toro,True Sample,Snapping shrimp
7429-S,Istmo S18,E,10,7429-S,Stomach,4766,9.4,TRANS-11,Alpheus nuttingi,Subtidal cracks exposed,A. millsae / A. nuttingi,A. edwardsii 1,A. nuttingi,Yes,,Western Atlantic,Bocas del Toro,Bocas del Toro,True Sample,Snapping shrimp
7429-M,Istmo S18,E,11,7429-M,Midgut,4766,9.4,TRANS-11,Alpheus nuttingi,Subtidal cracks exposed,A. millsae / A. nuttingi,A. edwardsii 1,A. nuttingi,Yes,,Western Atlantic,Bocas del Toro,Bocas del Toro,True Sample,Snapping shrimp
7429-G,Istmo S18,E,12,7429-G,Gill,4766,9.4,TRANS-11,Alpheus nuttingi,Subtidal cracks exposed,A. millsae / A. nuttingi,A. edwardsii 1,A. nuttingi,Yes,,Western Atlantic,Bocas del Toro,Bocas del Toro,True Sample,Snapping shrimp
7459-G,Istmo S18,F,1,7459-G,Gill,4820,5.9,TRANS-11,Alpheus paraformosus,Subtidal cracks exposed,no_pair,A. formosus*,A. formosus,Yes,,Western Atlantic,Bocas del Toro,Bocas del Toro,True Sample,Snapping shrimp
7459-H,Istmo S18,F,2,7459-H,Hepatopancreas,4820,5.9,TRANS-11,Alpheus paraformosus,Subtidal cracks exposed,no_pair,A. formosus*,A. formosus,Yes,,Western Atlantic,Bocas del Toro,Bocas del Toro,True Sample,Snapping shrimp
7459-S,Istmo S18,F,3,7459-S,Stomach,4820,5.9,TRANS-11,Alpheus paraformosus,Subtidal cracks exposed,no_pair,A. formosus*,A. formosus,Yes,,Western Atlantic,Bocas del Toro,Bocas del Toro,True Sample,Snapping shrimp
7459-M,Istmo S18,F,4,7459-M,Midgut,4820,5.9,TRANS-11,Alpheus paraformosus,Subtidal cracks exposed,no_pair,A. formosus*,A. formosus,Yes,,Western Atlantic,Bocas del Toro,Bocas del Toro,True Sample,Snapping shrimp
7514-G,Istmo S18,F,5,7514-G,Gill,5082,7.1,TRANS-16,Alpheus bahamensis,Subtidal cracks exposed,no_pair,A. edwardsii 2,NA (sister to A. schmitti-A.umbo),Yes,,Western Atlantic,Bocas del Toro,Bocas del Toro,True Sample,Snapping shrimp
7514-H,Istmo S18,F,6,7514-H,Hepatopancreas,5082,7.1,TRANS-16,Alpheus bahamensis,Subtidal cracks exposed,no_pair,A. edwardsii 2,NA (sister to A. schmitti-A.umbo),Yes,,Western Atlantic,Bocas del Toro,Bocas del Toro,True Sample,Snapping shrimp
7514-M,Istmo S18,F,7,7514-M,Midgut,5082,7.1,TRANS-16,Alpheus bahamensis,Subtidal cracks exposed,no_pair,A. edwardsii 2,NA (sister to A. schmitti-A.umbo),Yes,,Western Atlantic,Bocas del Toro,Bocas del Toro,True Sample,Snapping shrimp
7514-S,Istmo S18,F,8,7514-S,Stomach,5082,7.1,TRANS-16,Alpheus bahamensis,Subtidal cracks exposed,no_pair,A. edwardsii 2,NA (sister to A. schmitti-A.umbo),Yes,,Western Atlantic,Bocas del Toro,Bocas del Toro,True Sample,Snapping shrimp
7503-M,Istmo S18,F,9,7503-M,Midgut,5051,8.8,TRANS-15,Alpheus thomasi,Subtidal cracks exposed,no_pair,A. formosus*,NA (sister to A. websteri-A.fagei),Yes,,Western Atlantic,Bocas del Toro,Bocas del Toro,True Sample,Snapping shrimp
7503-S,Istmo S18,F,10,7503-S,Stomach,5051,8.8,TRANS-15,Alpheus thomasi,Subtidal cracks exposed,no_pair,A. formosus*,NA (sister to A. websteri-A.fagei),Yes,,Western Atlantic,Bocas del Toro,Bocas del Toro,True Sample,Snapping shrimp
7503-H,Istmo S18,F,11,7503-H,Hepatopancreas,5051,8.8,TRANS-15,Alpheus thomasi,Subtidal cracks exposed,no_pair,A. formosus*,NA (sister to A. websteri-A.fagei),Yes,,Western Atlantic,Bocas del Toro,Bocas del Toro,True Sample,Snapping shrimp
7503-G,Istmo S18,F,12,7503-G,Gill,5051,8.8,TRANS-15,Alpheus thomasi,Subtidal cracks exposed,no_pair,A. formosus*,NA (sister to A. websteri-A.fagei),Yes,,Western Atlantic,Bocas del Toro,Bocas del Toro,True Sample,Snapping shrimp
7455-G,Istmo S18,G,1,7455-G,Gill,4800,6.2,TRANS-11,Alpheus formosus,Subtidal cracks exposed,A. panamensis / A. formosus,A. formosus*,A. formosus,Yes,,Western Atlantic,Bocas del Toro,Bocas del Toro,True Sample,Snapping shrimp
7455-M,Istmo S18,G,2,7455-M,Midgut,4800,6.2,TRANS-11,Alpheus formosus,Subtidal cracks exposed,A. panamensis / A. formosus,A. formosus*,A. formosus,Yes,,Western Atlantic,Bocas del Toro,Bocas del Toro,True Sample,Snapping shrimp
7455-H,Istmo S18,G,3,7455-H,Hepatopancreas,4800,6.2,TRANS-11,Alpheus formosus,Subtidal cracks exposed,A. panamensis / A. formosus,A. formosus*,A. formosus,Yes,,Western Atlantic,Bocas del Toro,Bocas del Toro,True Sample,Snapping shrimp
7455-S,Istmo S18,G,4,7455-S,Stomach,4800,6.2,TRANS-11,Alpheus formosus,Subtidal cracks exposed,A. panamensis / A. formosus,A. formosus*,A. formosus,Yes,,Western Atlantic,Bocas del Toro,Bocas del Toro,True Sample,Snapping shrimp
7497-G,Istmo S18,G,5,7497-G,Gill,5045,5.4,TRANS-15,Alpheus cristulifrons,Subtidal cracks exposed,A. utriensis / A. cristulifrons,A. crinitus,A. cristulifrons,Yes,,Western Atlantic,Bocas del Toro,Bocas del Toro,True Sample,Snapping shrimp
7497-M,Istmo S18,G,6,7497-M,Midgut,5045,5.4,TRANS-15,Alpheus cristulifrons,Subtidal cracks exposed,A. utriensis / A. cristulifrons,A. crinitus,A. cristulifrons,Yes,,Western Atlantic,Bocas del Toro,Bocas del Toro,True Sample,Snapping shrimp
7497-S,Istmo S18,G,7,7497-S,Stomach,5045,5.4,TRANS-15,Alpheus cristulifrons,Subtidal cracks exposed,A. utriensis / A. cristulifrons,A. crinitus,A. cristulifrons,Yes,,Western Atlantic,Bocas del Toro,Bocas del Toro,True Sample,Snapping shrimp
7497-H,Istmo S18,G,8,7497-H,Hepatopancreas,5045,5.4,TRANS-15,Alpheus cristulifrons,Subtidal cracks exposed,A. utriensis / A. cristulifrons,A. crinitus,A. cristulifrons,Yes,,Western Atlantic,Bocas del Toro,Bocas del Toro,True Sample,Snapping shrimp
7516-G,Istmo S18,G,9,7516-G,Gill,5092,5.8,TRANS-16,Alpheus bahamensis,Subtidal cracks exposed,no_pair,A. edwardsii 2,NA (sister to A. schmitti-A.umbo),Yes,,Western Atlantic,Bocas del Toro,Bocas del Toro,True Sample,Snapping shrimp
7516-S,Istmo S18,G,10,7516-S,Stomach,5092,5.8,TRANS-16,Alpheus bahamensis,Subtidal cracks exposed,no_pair,A. edwardsii 2,NA (sister to A. schmitti-A.umbo),Yes,,Western Atlantic,Bocas del Toro,Bocas del Toro,True Sample,Snapping shrimp
7516-H,Istmo S18,G,11,7516-H,Hepatopancreas,5092,5.8,TRANS-16,Alpheus bahamensis,Subtidal cracks exposed,no_pair,A. edwardsii 2,NA (sister to A. schmitti-A.umbo),Yes,,Western Atlantic,Bocas del Toro,Bocas del Toro,True Sample,Snapping shrimp
7516-M,Istmo S18,G,12,7516-M,Midgut,5092,5.8,TRANS-16,Alpheus bahamensis,Subtidal cracks exposed,no_pair,A. edwardsii 2,NA (sister to A. schmitti-A.umbo),Yes,,Western Atlantic,Bocas del Toro,Bocas del Toro,True Sample,Snapping shrimp
7559-E,Istmo S18,H,1,7559-E,Egg,5181,4,TRANS-17,Alpheus paracrinitus with spot,Subtidal cracks exposed,A. rostratus / A. paracrinitus with spot,A. paracrinitus*,A. paracrinitus,Yes,,Western Atlantic,Bocas del Toro,Bocas del Toro,True Sample,Snapping shrimp
7559-G,Istmo S18,H,2,7559-G,Gill,5181,4,TRANS-17,Alpheus paracrinitus with spot,Subtidal cracks exposed,A. rostratus / A. paracrinitus with spot,A. paracrinitus*,A. paracrinitus,Yes,,Western Atlantic,Bocas del Toro,Bocas del Toro,True Sample,Snapping shrimp
7559-M,Istmo S18,H,3,7559-M,Midgut,5181,4,TRANS-17,Alpheus paracrinitus with spot,Subtidal cracks exposed,A. rostratus / A. paracrinitus with spot,A. paracrinitus*,A. paracrinitus,Yes,,Western Atlantic,Bocas del Toro,Bocas del Toro,True Sample,Snapping shrimp
7559-S,Istmo S18,H,4,7559-S,Stomach,5181,4,TRANS-17,Alpheus paracrinitus with spot,Subtidal cracks exposed,A. rostratus / A. paracrinitus with spot,A. paracrinitus*,A. paracrinitus,Yes,,Western Atlantic,Bocas del Toro,Bocas del Toro,True Sample,Snapping shrimp
7559-H,Istmo S18,H,5,7559-H,Hepatopancreas,5181,4,TRANS-17,Alpheus paracrinitus with spot,Subtidal cracks exposed,A. rostratus / A. paracrinitus with spot,A. paracrinitus*,A. paracrinitus,Yes,,Western Atlantic,Bocas del Toro,Bocas del Toro,True Sample,Snapping shrimp
7536-G,Istmo S18,H,6,7536-G,Gill,5136,5.6,TRANS-17,Alpheus cristulifrons,Subtidal cracks exposed,A. utriensis / A. cristulifrons,A. crinitus,A. cristulifrons,Yes,,Western Atlantic,Bocas del Toro,Bocas del Toro,True Sample,Snapping shrimp
7536-H,Istmo S18,H,7,7536-H,Hepatopancreas,5136,5.6,TRANS-17,Alpheus cristulifrons,Subtidal cracks exposed,A. utriensis / A. cristulifrons,A. crinitus,A. cristulifrons,Yes,,Western Atlantic,Bocas del Toro,Bocas del Toro,True Sample,Snapping shrimp
7536-M,Istmo S18,H,8,7536-M,Midgut,5136,5.6,TRANS-17,Alpheus cristulifrons,Subtidal cracks exposed,A. utriensis / A. cristulifrons,A. crinitus,A. cristulifrons,Yes,,Western Atlantic,Bocas del Toro,Bocas del Toro,True Sample,Snapping shrimp
7536-E,Istmo S18,H,9,7536-E,Egg,5136,5.6,TRANS-17,Alpheus cristulifrons,Subtidal cracks exposed,A. utriensis / A. cristulifrons,A. crinitus,A. cristulifrons,Yes,,Western Atlantic,Bocas del Toro,Bocas del Toro,True Sample,Snapping shrimp
Control-52,Istmo S18,H,10,Control-52,Control,Control,Control,Control,Control,Control,Control,Control,Control,Control,Control,Control,Control,Control,Control Sample,Control
Control-53,Istmo S18,H,11,Control-53,Control,Control,Control,Control,Control,Control,Control,Control,Control,Control,Control,Control,Control,Control,Control Sample,Control
Control-54,Istmo S18,H,12,Control-54,Control,Control,Control,Control,Control,Control,Control,Control,Control,Control,Control,Control,Control,Control,Control Sample,Control
7536-S,Istmo S19,A,1,7536-S,Stomach,5136,5.6,TRANS-17,Alpheus cristulifrons,Subtidal cracks exposed,A. utriensis / A. cristulifrons,A. crinitus,A. cristulifrons,Yes,,Western Atlantic,Bocas del Toro,Bocas del Toro,True Sample,Snapping shrimp
7405-G,Istmo S19,A,2,7405-G,Gill,4613,6.1,TRANS-09,Alpheus paraformosus,Subtidal cracks exposed,no_pair,A. formosus*,A. formosus,Yes,,Western Atlantic,Bocas del Toro,Bocas del Toro,True Sample,Snapping shrimp
7405-H,Istmo S19,A,3,7405-H,Hepatopancreas,4613,6.1,TRANS-09,Alpheus paraformosus,Subtidal cracks exposed,no_pair,A. formosus*,A. formosus,Yes,,Western Atlantic,Bocas del Toro,Bocas del Toro,True Sample,Snapping shrimp
7405-M,Istmo S19,A,4,7405-M,Midgut,4613,6.1,TRANS-09,Alpheus paraformosus,Subtidal cracks exposed,no_pair,A. formosus*,A. formosus,Yes,,Western Atlantic,Bocas del Toro,Bocas del Toro,True Sample,Snapping shrimp
7405-S,Istmo S19,A,5,7405-S,Stomach,4613,6.1,TRANS-09,Alpheus paraformosus,Subtidal cracks exposed,no_pair,A. formosus*,A. formosus,Yes,,Western Atlantic,Bocas del Toro,Bocas del Toro,True Sample,Snapping shrimp
7588-G,Istmo S19,A,6,7588-G,Gill,5228,6.2,TRANS-18,Alpheus bouvieri,Intertidal cracks rocks,A. javieri / A. bouvieri,A. leviusculus 1,A. bouvieri,Yes,,Western Atlantic,Bocas del Toro,Bocas del Toro,True Sample,Snapping shrimp
7588-H,Istmo S19,A,7,7588-H,Hepatopancreas,5228,6.2,TRANS-18,Alpheus bouvieri,Intertidal cracks rocks,A. javieri / A. bouvieri,A. leviusculus 1,A. bouvieri,Yes,,Western Atlantic,Bocas del Toro,Bocas del Toro,True Sample,Snapping shrimp
7588-M,Istmo S19,A,8,7588-M,Midgut,5228,6.2,TRANS-18,Alpheus bouvieri,Intertidal cracks rocks,A. javieri / A. bouvieri,A. leviusculus 1,A. bouvieri,Yes,,Western Atlantic,Bocas del Toro,Bocas del Toro,True Sample,Snapping shrimp
7588-S,Istmo S19,A,9,7588-S,Stomach,5228,6.2,TRANS-18,Alpheus bouvieri,Intertidal cracks rocks,A. javieri / A. bouvieri,A. leviusculus 1,A. bouvieri,Yes,,Western Atlantic,Bocas del Toro,Bocas del Toro,True Sample,Snapping shrimp
7453-G,Istmo S19,A,10,7453-G,Gill,4737,7,TRANS-10,Alpheus paraformosus,Subtidal cracks exposed,no_pair,A. formosus*,A. formosus,Yes,,Western Atlantic,Bocas del Toro,Bocas del Toro,True Sample,Snapping shrimp
7453-H,Istmo S19,A,11,7453-H,Hepatopancreas,4737,7,TRANS-10,Alpheus paraformosus,Subtidal cracks exposed,no_pair,A. formosus*,A. formosus,Yes,,Western Atlantic,Bocas del Toro,Bocas del Toro,True Sample,Snapping shrimp
7453-M,Istmo S19,A,12,7453-M,Midgut,4737,7,TRANS-10,Alpheus paraformosus,Subtidal cracks exposed,no_pair,A. formosus*,A. formosus,Yes,,Western Atlantic,Bocas del Toro,Bocas del Toro,True Sample,Snapping shrimp
7453-S,Istmo S19,B,1,7453-S,Stomach,4737,7,TRANS-10,Alpheus paraformosus,Subtidal cracks exposed,no_pair,A. formosus*,A. formosus,Yes,,Western Atlantic,Bocas del Toro,Bocas del Toro,True Sample,Snapping shrimp
7440-G,Istmo S19,B,2,7440-G,Gill,4840,3.7,TRANS-11,Alpheus paracrinitus with spot,Subtidal cracks exposed,A. rostratus / A. paracrinitus with spot,A. paracrinitus*,A. paracrinitus,Yes,,Western Atlantic,Bocas del Toro,Bocas del Toro,True Sample,Snapping shrimp
7440-H,Istmo S19,B,3,7440-H,Hepatopancreas,4840,3.7,TRANS-11,Alpheus paracrinitus with spot,Subtidal cracks exposed,A. rostratus / A. paracrinitus with spot,A. paracrinitus*,A. paracrinitus,Yes,,Western Atlantic,Bocas del Toro,Bocas del Toro,True Sample,Snapping shrimp
7440-M,Istmo S19,B,4,7440-M,Midgut,4840,3.7,TRANS-11,Alpheus paracrinitus with spot,Subtidal cracks exposed,A. rostratus / A. paracrinitus with spot,A. paracrinitus*,A. paracrinitus,Yes,,Western Atlantic,Bocas del Toro,Bocas del Toro,True Sample,Snapping shrimp
7440-S,Istmo S19,B,5,7440-S,Stomach,4840,3.7,TRANS-11,Alpheus paracrinitus with spot,Subtidal cracks exposed,A. rostratus / A. paracrinitus with spot,A. paracrinitus*,A. paracrinitus,Yes,,Western Atlantic,Bocas del Toro,Bocas del Toro,True Sample,Snapping shrimp
7441-G,Istmo S19,B,6,7441-G,Gill,4838,3.5,TRANS-11,Alpheus paracrinitus with spot,Subtidal cracks exposed,A. rostratus / A. paracrinitus with spot,A. paracrinitus*,A. paracrinitus,Yes,,Western Atlantic,Bocas del Toro,Bocas del Toro,True Sample,Snapping shrimp
7441-H,Istmo S19,B,7,7441-H,Hepatopancreas,4838,3.5,TRANS-11,Alpheus paracrinitus with spot,Subtidal cracks exposed,A. rostratus / A. paracrinitus with spot,A. paracrinitus*,A. paracrinitus,Yes,,Western Atlantic,Bocas del Toro,Bocas del Toro,True Sample,Snapping shrimp
7441-M,Istmo S19,B,8,7441-M,Midgut,4838,3.5,TRANS-11,Alpheus paracrinitus with spot,Subtidal cracks exposed,A. rostratus / A. paracrinitus with spot,A. paracrinitus*,A. paracrinitus,Yes,,Western Atlantic,Bocas del Toro,Bocas del Toro,True Sample,Snapping shrimp
7441-S,Istmo S19,B,9,7441-S,Stomach,4838,3.5,TRANS-11,Alpheus paracrinitus with spot,Subtidal cracks exposed,A. rostratus / A. paracrinitus with spot,A. paracrinitus*,A. paracrinitus,Yes,,Western Atlantic,Bocas del Toro,Bocas del Toro,True Sample,Snapping shrimp
7582-E,Istmo S19,B,10,7582-E,Egg,5246,6.4,TRANS-18,Alpheus bouvieri,Intertidal cracks rocks,A. javieri / A. bouvieri,A. leviusculus 1,A. bouvieri,Yes,,Western Atlantic,Bocas del Toro,Bocas del Toro,True Sample,Snapping shrimp
7582-G,Istmo S19,B,11,7582-G,Gill,5246,6.4,TRANS-18,Alpheus bouvieri,Intertidal cracks rocks,A. javieri / A. bouvieri,A. leviusculus 1,A. bouvieri,Yes,,Western Atlantic,Bocas del Toro,Bocas del Toro,True Sample,Snapping shrimp
7582-H,Istmo S19,B,12,7582-H,Hepatopancreas,5246,6.4,TRANS-18,Alpheus bouvieri,Intertidal cracks rocks,A. javieri / A. bouvieri,A. leviusculus 1,A. bouvieri,Yes,,Western Atlantic,Bocas del Toro,Bocas del Toro,True Sample,Snapping shrimp
7582-M,Istmo S19,C,1,7582-M,Midgut,5246,6.4,TRANS-18,Alpheus bouvieri,Intertidal cracks rocks,A. javieri / A. bouvieri,A. leviusculus 1,A. bouvieri,Yes,,Western Atlantic,Bocas del Toro,Bocas del Toro,True Sample,Snapping shrimp
7582-S,Istmo S19,C,2,7582-S,Stomach,5246,6.4,TRANS-18,Alpheus bouvieri,Intertidal cracks rocks,A. javieri / A. bouvieri,A. leviusculus 1,A. bouvieri,Yes,,Western Atlantic,Bocas del Toro,Bocas del Toro,True Sample,Snapping shrimp
7430-G,Istmo S19,C,3,7430-G,Gill,4764,6.8,TRANS-11,Alpheus nuttingi,Subtidal cracks exposed,A. millsae / A. nuttingi,A. edwardsii 1,A. nuttingi,Yes,,Western Atlantic,Bocas del Toro,Bocas del Toro,True Sample,Snapping shrimp
7430-H,Istmo S19,C,4,7430-H,Hepatopancreas,4764,6.8,TRANS-11,Alpheus nuttingi,Subtidal cracks exposed,A. millsae / A. nuttingi,A. edwardsii 1,A. nuttingi,Yes,,Western Atlantic,Bocas del Toro,Bocas del Toro,True Sample,Snapping shrimp
7430-M,Istmo S19,C,5,7430-M,Midgut,4764,6.8,TRANS-11,Alpheus nuttingi,Subtidal cracks exposed,A. millsae / A. nuttingi,A. edwardsii 1,A. nuttingi,Yes,,Western Atlantic,Bocas del Toro,Bocas del Toro,True Sample,Snapping shrimp
7430-S,Istmo S19,C,6,7430-S,Stomach,4764,6.8,TRANS-11,Alpheus nuttingi,Subtidal cracks exposed,A. millsae / A. nuttingi,A. edwardsii 1,A. nuttingi,Yes,,Western Atlantic,Bocas del Toro,Bocas del Toro,True Sample,Snapping shrimp
7399-G,Istmo S19,C,7,7399-G,Gill,4591,4.7,TRANS-09,Alpheus paracrinitus no spot,Subtidal cracks exposed,A. fasciatus / A. paracrinitus no spot,A. paracrinitus*,A. paracrinitus,Yes,,Western Atlantic,Bocas del Toro,Bocas del Toro,True Sample,Snapping shrimp
7399-H,Istmo S19,C,8,7399-H,Hepatopancreas,4591,4.7,TRANS-09,Alpheus paracrinitus no spot,Subtidal cracks exposed,A. fasciatus / A. paracrinitus no spot,A. paracrinitus*,A. paracrinitus,Yes,,Western Atlantic,Bocas del Toro,Bocas del Toro,True Sample,Snapping shrimp
7399-M,Istmo S19,C,9,7399-M,Midgut,4591,4.7,TRANS-09,Alpheus paracrinitus no spot,Subtidal cracks exposed,A. fasciatus / A. paracrinitus no spot,A. paracrinitus*,A. paracrinitus,Yes,,Western Atlantic,Bocas del Toro,Bocas del Toro,True Sample,Snapping shrimp
7399-S,Istmo S19,C,10,7399-S,Stomach,4591,4.7,TRANS-09,Alpheus paracrinitus no spot,Subtidal cracks exposed,A. fasciatus / A. paracrinitus no spot,A. paracrinitus*,A. paracrinitus,Yes,,Western Atlantic,Bocas del Toro,Bocas del Toro,True Sample,Snapping shrimp
7539-G,Istmo S19,C,11,7539-G,Gill,5143,5.2,TRANS-17,Alpheus cristulifrons,Subtidal cracks exposed,A. utriensis / A. cristulifrons,A. crinitus,A. cristulifrons,Yes,,Western Atlantic,Bocas del Toro,Bocas del Toro,True Sample,Snapping shrimp
7539-H,Istmo S19,C,12,7539-H,Hepatopancreas,5143,5.2,TRANS-17,Alpheus cristulifrons,Subtidal cracks exposed,A. utriensis / A. cristulifrons,A. crinitus,A. cristulifrons,Yes,,Western Atlantic,Bocas del Toro,Bocas del Toro,True Sample,Snapping shrimp
7539-M,Istmo S19,D,1,7539-M,Midgut,5143,5.2,TRANS-17,Alpheus cristulifrons,Subtidal cracks exposed,A. utriensis / A. cristulifrons,A. crinitus,A. cristulifrons,Yes,,Western Atlantic,Bocas del Toro,Bocas del Toro,True Sample,Snapping shrimp
7539-S,Istmo S19,D,2,7539-S,Stomach,5143,5.2,TRANS-17,Alpheus cristulifrons,Subtidal cracks exposed,A. utriensis / A. cristulifrons,A. crinitus,A. cristulifrons,Yes,,Western Atlantic,Bocas del Toro,Bocas del Toro,True Sample,Snapping shrimp
7419-G,Istmo S19,D,3,7419-G,Gill,4743,6.4,TRANS-11,Alpheus thomasi,Subtidal cracks exposed,no_pair,A. formosus*,NA (sister to A. websteri-A.fagei),Yes,,Western Atlantic,Bocas del Toro,Bocas del Toro,True Sample,Snapping shrimp
7419-H,Istmo S19,D,4,7419-H,Hepatopancreas,4743,6.4,TRANS-11,Alpheus thomasi,Subtidal cracks exposed,no_pair,A. formosus*,NA (sister to A. websteri-A.fagei),Yes,,Western Atlantic,Bocas del Toro,Bocas del Toro,True Sample,Snapping shrimp
7419-S,Istmo S19,D,5,7419-S,Stomach,4743,6.4,TRANS-11,Alpheus thomasi,Subtidal cracks exposed,no_pair,A. formosus*,NA (sister to A. websteri-A.fagei),Yes,,Western Atlantic,Bocas del Toro,Bocas del Toro,True Sample,Snapping shrimp
7541-G,Istmo S19,D,6,7541-G,Gill,5148,5.3,TRANS-17,Alpheus thomasi,Subtidal cracks exposed,no_pair,A. formosus*,NA (sister to A. websteri-A.fagei),Yes,,Western Atlantic,Bocas del Toro,Bocas del Toro,True Sample,Snapping shrimp
7541-H,Istmo S19,D,7,7541-H,Hepatopancreas,5148,5.3,TRANS-17,Alpheus thomasi,Subtidal cracks exposed,no_pair,A. formosus*,NA (sister to A. websteri-A.fagei),Yes,,Western Atlantic,Bocas del Toro,Bocas del Toro,True Sample,Snapping shrimp
7541-M,Istmo S19,D,8,7541-M,Midgut,5148,5.3,TRANS-17,Alpheus thomasi,Subtidal cracks exposed,no_pair,A. formosus*,NA (sister to A. websteri-A.fagei),Yes,,Western Atlantic,Bocas del Toro,Bocas del Toro,True Sample,Snapping shrimp
7541-S,Istmo S19,D,9,7541-S,Stomach,5148,5.3,TRANS-17,Alpheus thomasi,Subtidal cracks exposed,no_pair,A. formosus*,NA (sister to A. websteri-A.fagei),Yes,,Western Atlantic,Bocas del Toro,Bocas del Toro,True Sample,Snapping shrimp
7443-G,Istmo S19,D,10,7443-G,Gill,4847,3.6,TRANS-11,Alpheus paracrinitus with spot,Subtidal cracks exposed,A. rostratus / A. paracrinitus with spot,A. paracrinitus*,A. paracrinitus,Yes,Pair with 7444,Western Atlantic,Bocas del Toro,Bocas del Toro,True Sample,Snapping shrimp
7443-H,Istmo S19,D,11,7443-H,Hepatopancreas,4847,3.6,TRANS-11,Alpheus paracrinitus with spot,Subtidal cracks exposed,A. rostratus / A. paracrinitus with spot,A. paracrinitus*,A. paracrinitus,Yes,Pair with 7444,Western Atlantic,Bocas del Toro,Bocas del Toro,True Sample,Snapping shrimp
7443-M,Istmo S19,D,12,7443-M,Midgut,4847,3.6,TRANS-11,Alpheus paracrinitus with spot,Subtidal cracks exposed,A. rostratus / A. paracrinitus with spot,A. paracrinitus*,A. paracrinitus,Yes,Pair with 7444,Western Atlantic,Bocas del Toro,Bocas del Toro,True Sample,Snapping shrimp
7443-S,Istmo S19,E,1,7443-S,Stomach,4847,3.6,TRANS-11,Alpheus paracrinitus with spot,Subtidal cracks exposed,A. rostratus / A. paracrinitus with spot,A. paracrinitus*,A. paracrinitus,Yes,Pair with 7444,Western Atlantic,Bocas del Toro,Bocas del Toro,True Sample,Snapping shrimp
7585-E,Istmo S19,E,2,7585-E,Egg,5243,9.2,TRANS-18,Alpheus bouvieri,Intertidal cracks rocks,A. javieri / A. bouvieri,A. leviusculus 1,A. bouvieri,Yes,,Western Atlantic,Bocas del Toro,Bocas del Toro,True Sample,Snapping shrimp
7585-G,Istmo S19,E,3,7585-G,Gill,5243,9.2,TRANS-18,Alpheus bouvieri,Intertidal cracks rocks,A. javieri / A. bouvieri,A. leviusculus 1,A. bouvieri,Yes,,Western Atlantic,Bocas del Toro,Bocas del Toro,True Sample,Snapping shrimp
7585-H,Istmo S19,E,4,7585-H,Hepatopancreas,5243,9.2,TRANS-18,Alpheus bouvieri,Intertidal cracks rocks,A. javieri / A. bouvieri,A. leviusculus 1,A. bouvieri,Yes,,Western Atlantic,Bocas del Toro,Bocas del Toro,True Sample,Snapping shrimp
7585-M,Istmo S19,E,5,7585-M,Midgut,5243,9.2,TRANS-18,Alpheus bouvieri,Intertidal cracks rocks,A. javieri / A. bouvieri,A. leviusculus 1,A. bouvieri,Yes,,Western Atlantic,Bocas del Toro,Bocas del Toro,True Sample,Snapping shrimp
7585-S,Istmo S19,E,6,7585-S,Stomach,5243,9.2,TRANS-18,Alpheus bouvieri,Intertidal cracks rocks,A. javieri / A. bouvieri,A. leviusculus 1,A. bouvieri,Yes,,Western Atlantic,Bocas del Toro,Bocas del Toro,True Sample,Snapping shrimp
7470-G,Istmo S19,E,7,7470-G,Gill,4908,7.1,TRANS-12,Alpheus bahamensis,Subtidal cracks exposed,no_pair,A. edwardsii 2,NA (sister to A. schmitti-A.umbo),Yes,,Western Atlantic,Bocas del Toro,Bocas del Toro,True Sample,Snapping shrimp
7470-H,Istmo S19,E,8,7470-H,Hepatopancreas,4908,7.1,TRANS-12,Alpheus bahamensis,Subtidal cracks exposed,no_pair,A. edwardsii 2,NA (sister to A. schmitti-A.umbo),Yes,,Western Atlantic,Bocas del Toro,Bocas del Toro,True Sample,Snapping shrimp
7470-M,Istmo S19,E,9,7470-M,Midgut,4908,7.1,TRANS-12,Alpheus bahamensis,Subtidal cracks exposed,no_pair,A. edwardsii 2,NA (sister to A. schmitti-A.umbo),Yes,,Western Atlantic,Bocas del Toro,Bocas del Toro,True Sample,Snapping shrimp
7470-S,Istmo S19,E,10,7470-S,Stomach,4908,7.1,TRANS-12,Alpheus bahamensis,Subtidal cracks exposed,no_pair,A. edwardsii 2,NA (sister to A. schmitti-A.umbo),Yes,,Western Atlantic,Bocas del Toro,Bocas del Toro,True Sample,Snapping shrimp
7389-G,Istmo S19,E,11,7389-G,Gill,4607,7,TRANS-09,Alpheus nuttingi,Subtidal cracks exposed,A. millsae / A. nuttingi,A. edwardsii 1,A. nuttingi,Yes,,Western Atlantic,Bocas del Toro,Bocas del Toro,True Sample,Snapping shrimp
7389-H,Istmo S19,E,12,7389-H,Hepatopancreas,4607,7,TRANS-09,Alpheus nuttingi,Subtidal cracks exposed,A. millsae / A. nuttingi,A. edwardsii 1,A. nuttingi,Yes,,Western Atlantic,Bocas del Toro,Bocas del Toro,True Sample,Snapping shrimp
7389-M,Istmo S19,F,1,7389-M,Midgut,4607,7,TRANS-09,Alpheus nuttingi,Subtidal cracks exposed,A. millsae / A. nuttingi,A. edwardsii 1,A. nuttingi,Yes,,Western Atlantic,Bocas del Toro,Bocas del Toro,True Sample,Snapping shrimp
7389-S,Istmo S19,F,2,7389-S,Stomach,4607,7,TRANS-09,Alpheus nuttingi,Subtidal cracks exposed,A. millsae / A. nuttingi,A. edwardsii 1,A. nuttingi,Yes,,Western Atlantic,Bocas del Toro,Bocas del Toro,True Sample,Snapping shrimp
7445-G,Istmo S19,F,3,7445-G,Gill,4857,4.2,TRANS-11,Alpheus paracrinitus no spot,Subtidal cracks exposed,A. fasciatus / A. paracrinitus no spot,A. paracrinitus*,A. paracrinitus,Yes,,Western Atlantic,Bocas del Toro,Bocas del Toro,True Sample,Snapping shrimp
7445-H,Istmo S19,F,4,7445-H,Hepatopancreas,4857,4.2,TRANS-11,Alpheus paracrinitus no spot,Subtidal cracks exposed,A. fasciatus / A. paracrinitus no spot,A. paracrinitus*,A. paracrinitus,Yes,,Western Atlantic,Bocas del Toro,Bocas del Toro,True Sample,Snapping shrimp
7445-M,Istmo S19,F,5,7445-M,Midgut,4857,4.2,TRANS-11,Alpheus paracrinitus no spot,Subtidal cracks exposed,A. fasciatus / A. paracrinitus no spot,A. paracrinitus*,A. paracrinitus,Yes,,Western Atlantic,Bocas del Toro,Bocas del Toro,True Sample,Snapping shrimp
7445-S,Istmo S19,F,6,7445-S,Stomach,4857,4.2,TRANS-11,Alpheus paracrinitus no spot,Subtidal cracks exposed,A. fasciatus / A. paracrinitus no spot,A. paracrinitus*,A. paracrinitus,Yes,,Western Atlantic,Bocas del Toro,Bocas del Toro,True Sample,Snapping shrimp
7475-G,Istmo S19,F,7,7475-G,Gill,4904,6.9,TRANS-12,Alpheus bahamensis,Subtidal cracks exposed,no_pair,A. edwardsii 2,NA (sister to A. schmitti-A.umbo),Yes,,Western Atlantic,Bocas del Toro,Bocas del Toro,True Sample,Snapping shrimp
7475-H,Istmo S19,F,8,7475-H,Hepatopancreas,4904,6.9,TRANS-12,Alpheus bahamensis,Subtidal cracks exposed,no_pair,A. edwardsii 2,NA (sister to A. schmitti-A.umbo),Yes,,Western Atlantic,Bocas del Toro,Bocas del Toro,True Sample,Snapping shrimp
7475-M,Istmo S19,F,9,7475-M,Midgut,4904,6.9,TRANS-12,Alpheus bahamensis,Subtidal cracks exposed,no_pair,A. edwardsii 2,NA (sister to A. schmitti-A.umbo),Yes,,Western Atlantic,Bocas del Toro,Bocas del Toro,True Sample,Snapping shrimp
7475-S,Istmo S19,F,10,7475-S,Stomach,4904,6.9,TRANS-12,Alpheus bahamensis,Subtidal cracks exposed,no_pair,A. edwardsii 2,NA (sister to A. schmitti-A.umbo),Yes,,Western Atlantic,Bocas del Toro,Bocas del Toro,True Sample,Snapping shrimp
7486-G,Istmo S19,F,11,7486-G,Gill,5013,4.7,TRANS-14,Alpheus simus,Subtidal cracks exposed,A. saxidomus / A. simus,A. obesomanus 2,A. simus,Yes,,Western Atlantic,Bocas del Toro,Bocas del Toro,True Sample,Snapping shrimp
7486-H,Istmo S19,F,12,7486-H,Hepatopancreas,5013,4.7,TRANS-14,Alpheus simus,Subtidal cracks exposed,A. saxidomus / A. simus,A. obesomanus 2,A. simus,Yes,,Western Atlantic,Bocas del Toro,Bocas del Toro,True Sample,Snapping shrimp
7486-M,Istmo S19,G,1,7486-M,Midgut,5013,4.7,TRANS-14,Alpheus simus,Subtidal cracks exposed,A. saxidomus / A. simus,A. obesomanus 2,A. simus,Yes,,Western Atlantic,Bocas del Toro,Bocas del Toro,True Sample,Snapping shrimp
7410-G,Istmo S19,G,2,7410-G,Gill,4573,3.8,TRANS-09,Alpheus paracrinitus with spot,Subtidal cracks exposed,A. rostratus / A. paracrinitus with spot,A. paracrinitus*,A. paracrinitus,Yes,,Western Atlantic,Bocas del Toro,Bocas del Toro,True Sample,Snapping shrimp
7410-H,Istmo S19,G,3,7410-H,Hepatopancreas,4573,3.8,TRANS-09,Alpheus paracrinitus with spot,Subtidal cracks exposed,A. rostratus / A. paracrinitus with spot,A. paracrinitus*,A. paracrinitus,Yes,,Western Atlantic,Bocas del Toro,Bocas del Toro,True Sample,Snapping shrimp
7410-M,Istmo S19,G,4,7410-M,Midgut,4573,3.8,TRANS-09,Alpheus paracrinitus with spot,Subtidal cracks exposed,A. rostratus / A. paracrinitus with spot,A. paracrinitus*,A. paracrinitus,Yes,,Western Atlantic,Bocas del Toro,Bocas del Toro,True Sample,Snapping shrimp
7410-S,Istmo S19,G,5,7410-S,Stomach,4573,3.8,TRANS-09,Alpheus paracrinitus with spot,Subtidal cracks exposed,A. rostratus / A. paracrinitus with spot,A. paracrinitus*,A. paracrinitus,Yes,,Western Atlantic,Bocas del Toro,Bocas del Toro,True Sample,Snapping shrimp
7450-E,Istmo S19,G,6,7450-E,Egg,4733,4.2,TRANS-10,Alpheus paracrinitus with spot,Subtidal cracks exposed,A. rostratus / A. paracrinitus with spot,A. paracrinitus*,A. paracrinitus,Yes,,Western Atlantic,Bocas del Toro,Bocas del Toro,True Sample,Snapping shrimp
7450-G,Istmo S19,G,7,7450-G,Gill,4733,4.2,TRANS-10,Alpheus paracrinitus with spot,Subtidal cracks exposed,A. rostratus / A. paracrinitus with spot,A. paracrinitus*,A. paracrinitus,Yes,,Western Atlantic,Bocas del Toro,Bocas del Toro,True Sample,Snapping shrimp
7450-H,Istmo S19,G,8,7450-H,Hepatopancreas,4733,4.2,TRANS-10,Alpheus paracrinitus with spot,Subtidal cracks exposed,A. rostratus / A. paracrinitus with spot,A. paracrinitus*,A. paracrinitus,Yes,,Western Atlantic,Bocas del Toro,Bocas del Toro,True Sample,Snapping shrimp
7450-M,Istmo S19,G,9,7450-M,Midgut,4733,4.2,TRANS-10,Alpheus paracrinitus with spot,Subtidal cracks exposed,A. rostratus / A. paracrinitus with spot,A. paracrinitus*,A. paracrinitus,Yes,,Western Atlantic,Bocas del Toro,Bocas del Toro,True Sample,Snapping shrimp
7450-S,Istmo S19,G,10,7450-S,Stomach,4733,4.2,TRANS-10,Alpheus paracrinitus with spot,Subtidal cracks exposed,A. rostratus / A. paracrinitus with spot,A. paracrinitus*,A. paracrinitus,Yes,,Western Atlantic,Bocas del Toro,Bocas del Toro,True Sample,Snapping shrimp
7478-H,Istmo S19,G,11,7478-H,Hepatopancreas,4890,7.2,TRANS-12,Alpheus bahamensis,Subtidal cracks exposed,no_pair,A. edwardsii 2,NA (sister to A. schmitti-A.umbo),Yes,,Western Atlantic,Bocas del Toro,Bocas del Toro,True Sample,Snapping shrimp
7478-G,Istmo S19,G,12,7478-G,Gill,4890,7.2,TRANS-12,Alpheus bahamensis,Subtidal cracks exposed,no_pair,A. edwardsii 2,NA (sister to A. schmitti-A.umbo),Yes,,Western Atlantic,Bocas del Toro,Bocas del Toro,True Sample,Snapping shrimp
7478-M,Istmo S19,H,1,7478-M,Midgut,4890,7.2,TRANS-12,Alpheus bahamensis,Subtidal cracks exposed,no_pair,A. edwardsii 2,NA (sister to A. schmitti-A.umbo),Yes,,Western Atlantic,Bocas del Toro,Bocas del Toro,True Sample,Snapping shrimp
7478-S,Istmo S19,H,2,7478-S,Stomach,4890,7.2,TRANS-12,Alpheus bahamensis,Subtidal cracks exposed,no_pair,A. edwardsii 2,NA (sister to A. schmitti-A.umbo),Yes,,Western Atlantic,Bocas del Toro,Bocas del Toro,True Sample,Snapping shrimp
7460-G,Istmo S19,H,3,7460-G,Gill,4821,5.6,TRANS-11,Alpheus paraformosus,Subtidal cracks exposed,no_pair,A. formosus*,A. formosus,Yes,,Western Atlantic,Bocas del Toro,Bocas del Toro,True Sample,Snapping shrimp
7460-H,Istmo S19,H,4,7460-H,Hepatopancreas,4821,5.6,TRANS-11,Alpheus paraformosus,Subtidal cracks exposed,no_pair,A. formosus*,A. formosus,Yes,,Western Atlantic,Bocas del Toro,Bocas del Toro,True Sample,Snapping shrimp
7460-M,Istmo S19,H,5,7460-M,Midgut,4821,5.6,TRANS-11,Alpheus paraformosus,Subtidal cracks exposed,no_pair,A. formosus*,A. formosus,Yes,,Western Atlantic,Bocas del Toro,Bocas del Toro,True Sample,Snapping shrimp
7460-S,Istmo S19,H,6,7460-S,Stomach,4821,5.6,TRANS-11,Alpheus paraformosus,Subtidal cracks exposed,no_pair,A. formosus*,A. formosus,Yes,,Western Atlantic,Bocas del Toro,Bocas del Toro,True Sample,Snapping shrimp
7551-G,Istmo S19,H,7,7551-G,Gill,5173,8.2,TRANS-17,Alpheus formosus,Subtidal cracks exposed,A. panamensis / A. formosus,A. formosus*,A. formosus,Yes,,Western Atlantic,Bocas del Toro,Bocas del Toro,True Sample,Snapping shrimp
7551-H,Istmo S19,H,8,7551-H,Hepatopancreas,5173,8.2,TRANS-17,Alpheus formosus,Subtidal cracks exposed,A. panamensis / A. formosus,A. formosus*,A. formosus,Yes,,Western Atlantic,Bocas del Toro,Bocas del Toro,True Sample,Snapping shrimp
7551-M,Istmo S19,H,9,7551-M,Midgut,5173,8.2,TRANS-17,Alpheus formosus,Subtidal cracks exposed,A. panamensis / A. formosus,A. formosus*,A. formosus,Yes,,Western Atlantic,Bocas del Toro,Bocas del Toro,True Sample,Snapping shrimp
Control-55,Istmo S19,H,10,Control-55,Control,Control,Control,Control,Control,Control,Control,Control,Control,Control,Control,Control,Control,Control,Control Sample,Control
Control-56,Istmo S19,H,11,Control-56,Control,Control,Control,Control,Control,Control,Control,Control,Control,Control,Control,Control,Control,Control,Control Sample,Control
Control-57,Istmo S19,H,12,Control-57,Control,Control,Control,Control,Control,Control,Control,Control,Control,Control,Control,Control,Control,Control,Control Sample,Control
7551-S,Istmo S20,A,1,7551-S,Stomach,5173,8.2,TRANS-17,Alpheus formosus,Subtidal cracks exposed,A. panamensis / A. formosus,A. formosus*,A. formosus,Yes,,Western Atlantic,Bocas del Toro,Bocas del Toro,True Sample,Snapping shrimp
9650-G,Istmo S20,A,2,9650-G,Gill,9803,7.7,TRANS-82,Alpheus floridanus,Burrows,A. hephaestus / A. floridanus,A. brevirostris,A. floridanus,,,Western Atlantic,Bocas del Toro,Bocas del Toro,True Sample,Snapping shrimp
9650-H,Istmo S20,A,3,9650-H,Hepatopancreas,9803,7.7,TRANS-82,Alpheus floridanus,Burrows,A. hephaestus / A. floridanus,A. brevirostris,A. floridanus,,,Western Atlantic,Bocas del Toro,Bocas del Toro,True Sample,Snapping shrimp
9650-M,Istmo S20,A,4,9650-M,Midgut,9803,7.7,TRANS-82,Alpheus floridanus,Burrows,A. hephaestus / A. floridanus,A. brevirostris,A. floridanus,,,Western Atlantic,Bocas del Toro,Bocas del Toro,True Sample,Snapping shrimp
9650-S,Istmo S20,A,5,9650-S,Stomach,9803,7.7,TRANS-82,Alpheus floridanus,Burrows,A. hephaestus / A. floridanus,A. brevirostris,A. floridanus,,,Western Atlantic,Bocas del Toro,Bocas del Toro,True Sample,Snapping shrimp
9653-G,Istmo S20,A,6,9653-G,Gill,9806,6.8,TRANS-82,Alpheus floridanus,Burrows,A. hephaestus / A. floridanus,A. brevirostris,A. floridanus,,,Western Atlantic,Bocas del Toro,Bocas del Toro,True Sample,Snapping shrimp
9653-H,Istmo S20,A,7,9653-H,Hepatopancreas,9806,6.8,TRANS-82,Alpheus floridanus,Burrows,A. hephaestus / A. floridanus,A. brevirostris,A. floridanus,,,Western Atlantic,Bocas del Toro,Bocas del Toro,True Sample,Snapping shrimp
9653-M,Istmo S20,A,8,9653-M,Midgut,9806,6.8,TRANS-82,Alpheus floridanus,Burrows,A. hephaestus / A. floridanus,A. brevirostris,A. floridanus,,,Western Atlantic,Bocas del Toro,Bocas del Toro,True Sample,Snapping shrimp
9653-S,Istmo S20,A,9,9653-S,Stomach,9806,6.8,TRANS-82,Alpheus floridanus,Burrows,A. hephaestus / A. floridanus,A. brevirostris,A. floridanus,,,Western Atlantic,Bocas del Toro,Bocas del Toro,True Sample,Snapping shrimp
9510-E,Istmo S20,A,10,9510-E,Egg,9522,6.3,TRANS-79,Alpheus cristulifrons,Subtidal cracks exposed,A. utriensis / A. cristulifrons,A. crinitus,A. cristulifrons,,,Western Atlantic,Bocas del Toro,Bocas del Toro,True Sample,Snapping shrimp
9510-G,Istmo S20,A,11,9510-G,Gill,9522,6.3,TRANS-79,Alpheus cristulifrons,Subtidal cracks exposed,A. utriensis / A. cristulifrons,A. crinitus,A. cristulifrons,,,Western Atlantic,Bocas del Toro,Bocas del Toro,True Sample,Snapping shrimp
9510-H,Istmo S20,A,12,9510-H,Hepatopancreas,9522,6.3,TRANS-79,Alpheus cristulifrons,Subtidal cracks exposed,A. utriensis / A. cristulifrons,A. crinitus,A. cristulifrons,,,Western Atlantic,Bocas del Toro,Bocas del Toro,True Sample,Snapping shrimp
9510-M,Istmo S20,B,1,9510-M,Midgut,9522,6.3,TRANS-79,Alpheus cristulifrons,Subtidal cracks exposed,A. utriensis / A. cristulifrons,A. crinitus,A. cristulifrons,,,Western Atlantic,Bocas del Toro,Bocas del Toro,True Sample,Snapping shrimp
9510-S,Istmo S20,B,2,9510-S,Stomach,9522,6.3,TRANS-79,Alpheus cristulifrons,Subtidal cracks exposed,A. utriensis / A. cristulifrons,A. crinitus,A. cristulifrons,,,Western Atlantic,Bocas del Toro,Bocas del Toro,True Sample,Snapping shrimp
9374-G,Istmo S20,B,3,9374-G,Gill,8745,4.5,TRANS-68,Alpheus paracrinitus no spot,Subtidal cracks exposed,A. fasciatus / A. paracrinitus no spot,A. paracrinitus*,A. paracrinitus,,,Western Atlantic,Bocas del Toro,Bocas del Toro,True Sample,Snapping shrimp
9374-H,Istmo S20,B,4,9374-H,Hepatopancreas,8745,4.5,TRANS-68,Alpheus paracrinitus no spot,Subtidal cracks exposed,A. fasciatus / A. paracrinitus no spot,A. paracrinitus*,A. paracrinitus,,,Western Atlantic,Bocas del Toro,Bocas del Toro,True Sample,Snapping shrimp
9374-M,Istmo S20,B,5,9374-M,Midgut,8745,4.5,TRANS-68,Alpheus paracrinitus no spot,Subtidal cracks exposed,A. fasciatus / A. paracrinitus no spot,A. paracrinitus*,A. paracrinitus,,,Western Atlantic,Bocas del Toro,Bocas del Toro,True Sample,Snapping shrimp
9374-S,Istmo S20,B,6,9374-S,Stomach,8745,4.5,TRANS-68,Alpheus paracrinitus no spot,Subtidal cracks exposed,A. fasciatus / A. paracrinitus no spot,A. paracrinitus*,A. paracrinitus,,,Western Atlantic,Bocas del Toro,Bocas del Toro,True Sample,Snapping shrimp
9663-H,Istmo S20,B,7,9663-H,Hepatopancreas,9816,7.1,TRANS-82,Alpheus floridanus,Burrows,A. hephaestus / A. floridanus,A. brevirostris,A. floridanus,,,Western Atlantic,Bocas del Toro,Bocas del Toro,True Sample,Snapping shrimp
9663-G,Istmo S20,B,8,9663-G,Gill,9816,7.1,TRANS-82,Alpheus floridanus,Burrows,A. hephaestus / A. floridanus,A. brevirostris,A. floridanus,,,Western Atlantic,Bocas del Toro,Bocas del Toro,True Sample,Snapping shrimp
9663-S,Istmo S20,B,9,9663-S,Stomach,9816,7.1,TRANS-82,Alpheus floridanus,Burrows,A. hephaestus / A. floridanus,A. brevirostris,A. floridanus,,,Western Atlantic,Bocas del Toro,Bocas del Toro,True Sample,Snapping shrimp
9663-M,Istmo S20,B,10,9663-M,Midgut,9816,7.1,TRANS-82,Alpheus floridanus,Burrows,A. hephaestus / A. floridanus,A. brevirostris,A. floridanus,,,Western Atlantic,Bocas del Toro,Bocas del Toro,True Sample,Snapping shrimp
9439-H,Istmo S20,B,11,9439-H,Hepatopancreas,9097,3.7,TRANS-74,Alpheus paracrinitus with spot,Subtidal cracks exposed,A. rostratus / A. paracrinitus with spot,A. paracrinitus*,A. paracrinitus,,,Western Atlantic,Bocas del Toro,Bocas del Toro,True Sample,Snapping shrimp
9439-S,Istmo S20,B,12,9439-S,Stomach,9097,3.7,TRANS-74,Alpheus paracrinitus with spot,Subtidal cracks exposed,A. rostratus / A. paracrinitus with spot,A. paracrinitus*,A. paracrinitus,,,Western Atlantic,Bocas del Toro,Bocas del Toro,True Sample,Snapping shrimp
9439-M,Istmo S20,C,1,9439-M,Midgut,9097,3.7,TRANS-74,Alpheus paracrinitus with spot,Subtidal cracks exposed,A. rostratus / A. paracrinitus with spot,A. paracrinitus*,A. paracrinitus,,,Western Atlantic,Bocas del Toro,Bocas del Toro,True Sample,Snapping shrimp
9439-G,Istmo S20,C,2,9439-G,Gill,9097,3.7,TRANS-74,Alpheus paracrinitus with spot,Subtidal cracks exposed,A. rostratus / A. paracrinitus with spot,A. paracrinitus*,A. paracrinitus,,,Western Atlantic,Bocas del Toro,Bocas del Toro,True Sample,Snapping shrimp
9522-E,Istmo S20,C,3,9522-E,Egg,9538,4.7,TRANS-79,Alpheus paracrinitus with spot,Subtidal cracks exposed,A. rostratus / A. paracrinitus with spot,A. paracrinitus*,A. paracrinitus,,,Western Atlantic,Bocas del Toro,Bocas del Toro,True Sample,Snapping shrimp
9522-G,Istmo S20,C,4,9522-G,Gill,9538,4.7,TRANS-79,Alpheus paracrinitus with spot,Subtidal cracks exposed,A. rostratus / A. paracrinitus with spot,A. paracrinitus*,A. paracrinitus,,,Western Atlantic,Bocas del Toro,Bocas del Toro,True Sample,Snapping shrimp
9522-H,Istmo S20,C,5,9522-H,Hepatopancreas,9538,4.7,TRANS-79,Alpheus paracrinitus with spot,Subtidal cracks exposed,A. rostratus / A. paracrinitus with spot,A. paracrinitus*,A. paracrinitus,,,Western Atlantic,Bocas del Toro,Bocas del Toro,True Sample,Snapping shrimp
9522-M,Istmo S20,C,6,9522-M,Midgut,9538,4.7,TRANS-79,Alpheus paracrinitus with spot,Subtidal cracks exposed,A. rostratus / A. paracrinitus with spot,A. paracrinitus*,A. paracrinitus,,,Western Atlantic,Bocas del Toro,Bocas del Toro,True Sample,Snapping shrimp
9522-S,Istmo S20,C,7,9522-S,Stomach,9538,4.7,TRANS-79,Alpheus paracrinitus with spot,Subtidal cracks exposed,A. rostratus / A. paracrinitus with spot,A. paracrinitus*,A. paracrinitus,,,Western Atlantic,Bocas del Toro,Bocas del Toro,True Sample,Snapping shrimp
9611-S,Istmo S20,C,8,9611-S,Stomach,9577,4.9,TRANS-80,Alpheus verrilli,Subtidal under rocks,A. hyeyoungae / A. verilli,A. edwardsii 1,A. armillatus,,,Western Atlantic,Bocas del Toro,Bocas del Toro,True Sample,Snapping shrimp
9611-M,Istmo S20,C,9,9611-M,Midgut,9577,4.9,TRANS-80,Alpheus verrilli,Subtidal under rocks,A. hyeyoungae / A. verilli,A. edwardsii 1,A. armillatus,,,Western Atlantic,Bocas del Toro,Bocas del Toro,True Sample,Snapping shrimp
9611-H,Istmo S20,C,10,9611-H,Hepatopancreas,9577,4.9,TRANS-80,Alpheus verrilli,Subtidal under rocks,A. hyeyoungae / A. verilli,A. edwardsii 1,A. armillatus,,,Western Atlantic,Bocas del Toro,Bocas del Toro,True Sample,Snapping shrimp
9611-G,Istmo S20,C,11,9611-G,Gill,9577,4.9,TRANS-80,Alpheus verrilli,Subtidal under rocks,A. hyeyoungae / A. verilli,A. edwardsii 1,A. armillatus,,,Western Atlantic,Bocas del Toro,Bocas del Toro,True Sample,Snapping shrimp
7717-G,Istmo S20,C,12,7717-G,Gill,5542,5.4,TRANS-24,Alpheus simus,Subtidal cracks exposed,A. saxidomus / A. simus,A. obesomanus 2,A. simus,Yes,,Western Atlantic,Isla Grande,Colon area,True Sample,Snapping shrimp
7717-H,Istmo S20,D,1,7717-H,Hepatopancreas,5542,5.4,TRANS-24,Alpheus simus,Subtidal cracks exposed,A. saxidomus / A. simus,A. obesomanus 2,A. simus,Yes,,Western Atlantic,Isla Grande,Colon area,True Sample,Snapping shrimp
7717-M,Istmo S20,D,2,7717-M,Midgut,5542,5.4,TRANS-24,Alpheus simus,Subtidal cracks exposed,A. saxidomus / A. simus,A. obesomanus 2,A. simus,Yes,,Western Atlantic,Isla Grande,Colon area,True Sample,Snapping shrimp
7718-H,Istmo S20,D,3,7718-H,Hepatopancreas,5548,4.8,TRANS-24,Alpheus simus,Subtidal cracks exposed,A. saxidomus / A. simus,A. obesomanus 2,A. simus,Yes,,Western Atlantic,Isla Grande,Colon area,True Sample,Snapping shrimp
7718-G,Istmo S20,D,4,7718-G,Gill,5548,4.8,TRANS-24,Alpheus simus,Subtidal cracks exposed,A. saxidomus / A. simus,A. obesomanus 2,A. simus,Yes,,Western Atlantic,Isla Grande,Colon area,True Sample,Snapping shrimp
7718-M,Istmo S20,D,5,7718-M,Midgut,5548,4.8,TRANS-24,Alpheus simus,Subtidal cracks exposed,A. saxidomus / A. simus,A. obesomanus 2,A. simus,Yes,,Western Atlantic,Isla Grande,Colon area,True Sample,Snapping shrimp
Machete_scrap2,Istmo S20,D,6,Machete_scrap2,Rubble,ND,ND,ND,NA,Rubble,Environmental,Environmental,Environmental,NA,NA,Pacific,Bay of Chiriqui,Bay of Chiriqui,True Sample,Rubble
Machete_Sed,Istmo S20,D,7,Machete_Sed,Sediment,ND,ND,ND,NA,Sediment,Environmental,Environmental,Environmental,NA,NA,Pacific,Bay of Chiriqui,Bay of Chiriqui,True Sample,Sediment
BBDT_9291Mud,Istmo S20,D,8,BBDT_9291-Mud,Mud,ND,ND,ND,NA,Mud,Environmental,Environmental,Environmental,NA,NA,Pacific,Bay of Panama-Las Perlas,Bay of Panama,True Sample,Mud
BBDT_7534Rock,Istmo S20,D,9,BBDT_7534-Rock,Rubble,ND,ND,ND,NA,Rubble,Environmental,Environmental,Environmental,NA,NA,Western Atlantic,Bocas del Toro,Bocas del Toro,True Sample,Rubble
BBDT_9290Mud,Istmo S20,D,10,BBDT_9290-Mud,Mud,ND,ND,ND,NA,Mud,Environmental,Environmental,Environmental,NA,NA,Pacific,Bay of Panama-Las Perlas,Bay of Panama,True Sample,Mud
BBDT_7531Rock,Istmo S20,D,11,BBDT_7531-Rock,Rubble,ND,ND,ND,NA,Rubble,Environmental,Environmental,Environmental,NA,NA,Western Atlantic,Bocas del Toro,Bocas del Toro,True Sample,Rubble
BBDT_9293Mud,Istmo S20,D,12,BBDT_9293-Mud,Mud,ND,ND,ND,NA,Mud,Environmental,Environmental,Environmental,NA,NA,Pacific,Bay of Panama-Las Perlas,Bay of Panama,True Sample,Mud
BBDT_9292Mud,Istmo S20,E,1,BBDT_9292-Mud,Mud,ND,ND,ND,NA,Mud,Environmental,Environmental,Environmental,NA,NA,Pacific,Bay of Panama-Las Perlas,Bay of Panama,True Sample,Mud
BBDT_7535Rock,Istmo S20,E,2,BBDT_7535-Rock,Rubble,ND,ND,ND,NA,Rubble,Environmental,Environmental,Environmental,NA,NA,Western Atlantic,Bocas del Toro,Bocas del Toro,True Sample,Rubble
BBDT_9287Sed,Istmo S20,E,3,BBDT_9287-Sed,Sediment,ND,ND,ND,NA,Sediment,Environmental,Environmental,Environmental,NA,NA,Pacific,Bay of Panama-Las Perlas,Bay of Panama,True Sample,Sediment
BBDT_9299Rock,Istmo S20,E,4,BBDT_9299-Rock,Rubble,ND,ND,ND,NA,Rubble,Environmental,Environmental,Environmental,NA,NA,Pacific,Bay of Panama-Las Perlas,Bay of Panama,True Sample,Rubble
BBDT_9294Mud,Istmo S20,E,5,BBDT_9294-Mud,Mud,ND,ND,ND,NA,Mud,Environmental,Environmental,Environmental,NA,NA,Pacific,Bay of Panama-Las Perlas,Bay of Panama,True Sample,Mud
BBDT_9298Rock,Istmo S20,E,6,BBDT_9298-Rock,Rubble,ND,ND,ND,NA,Rubble,Environmental,Environmental,Environmental,NA,NA,Pacific,Bay of Panama-Las Perlas,Bay of Panama,True Sample,Rubble
Machete_scrap3,Istmo S20,E,7,Machete_scrap3,Rubble,ND,ND,ND,NA,Rubble,Environmental,Environmental,Environmental,NA,NA,Pacific,Bay of Chiriqui,Bay of Chiriqui,True Sample,Rubble
BBDT_7533Rock,Istmo S20,E,8,BBDT_7533-Rock,Rubble,ND,ND,ND,NA,Rubble,Environmental,Environmental,Environmental,NA,NA,Western Atlantic,Bocas del Toro,Bocas del Toro,True Sample,Rubble
Machete_scrap4,Istmo S20,E,9,Machete_scrap4,Rubble,ND,ND,ND,NA,Rubble,Environmental,Environmental,Environmental,NA,NA,Pacific,Bay of Chiriqui,Bay of Chiriqui,True Sample,Rubble
Machete_scrap1,Istmo S20,E,10,Machete_scrap1,Rubble,ND,ND,ND,NA,Rubble,Environmental,Environmental,Environmental,NA,NA,Pacific,Bay of Chiriqui,Bay of Chiriqui,True Sample,Rubble
BBDT_9288Sed,Istmo S20,E,11,BBDT_9288-Sed,Sediment,ND,ND,ND,NA,Sediment,Environmental,Environmental,Environmental,NA,NA,Pacific,Bay of Panama-Las Perlas,Bay of Panama,True Sample,Sediment
BBDT_9297Rock,Istmo S20,E,12,BBDT_9297-Rock,Rubble,ND,ND,ND,NA,Rubble,Environmental,Environmental,Environmental,NA,NA,Pacific,Bay of Panama-Las Perlas,Bay of Panama,True Sample,Rubble
BBDT_9296Rock,Istmo S20,F,1,BBDT_9296-Rock,Rubble,ND,ND,ND,NA,Rubble,Environmental,Environmental,Environmental,NA,NA,Pacific,Bay of Panama-Las Perlas,Bay of Panama,True Sample,Rubble
BBDT_9289Sed,Istmo S20,F,2,BBDT_9289-Sed,Sediment,ND,ND,ND,NA,Sediment,Environmental,Environmental,Environmental,NA,NA,Pacific,Bay of Panama-Las Perlas,Bay of Panama,True Sample,Sediment
BBDT_9286Sed,Istmo S20,F,3,BBDT_9286-Sed,Sediment,ND,ND,ND,NA,Sediment,Environmental,Environmental,Environmental,NA,NA,Pacific,Bay of Panama-Las Perlas,Bay of Panama,True Sample,Sediment
BBDT_9285Sed,Istmo S20,F,4,BBDT_9285-Sed,Sediment,ND,ND,ND,NA,Sediment,Environmental,Environmental,Environmental,NA,NA,Pacific,Bay of Panama-Las Perlas,Bay of Panama,True Sample,Sediment
BBDT_9295Rock,Istmo S20,F,5,BBDT_9295-Rock,Rubble,ND,ND,ND,NA,Rubble,Environmental,Environmental,Environmental,NA,NA,Pacific,Bay of Panama-Las Perlas,Bay of Panama,True Sample,Rubble
ML2670,Istmo S20,F,6,ML2670,Water,ND,ND,PST-Reef_nov2018,NA,Water,Environmental,Environmental,Environmental,NA,NA,Western Atlantic,Bocas del Toro,Bocas del Toro,True Sample,Water
ML2671,Istmo S20,F,7,ML2671,Water,ND,ND,PBL-Reef_nov2018,NA,Water,Environmental,Environmental,Environmental,NA,NA,Western Atlantic,Bocas del Toro,Bocas del Toro,True Sample,Water
ML2672,Istmo S20,F,8,ML2672,Water,ND,ND,PJN-Reef_nov2018,NA,Water,Environmental,Environmental,Environmental,NA,NA,Western Atlantic,Bocas del Toro,Bocas del Toro,True Sample,Water
ML2673,Istmo S20,F,9,ML2673,Water,ND,ND,SCR-Reef_nov2018,NA,Water,Environmental,Environmental,Environmental,NA,NA,Western Atlantic,Bocas del Toro,Bocas del Toro,True Sample,Water
ML2674,Istmo S20,F,10,ML2674,Water,ND,ND,PPR-Reef_nov2018,NA,Water,Environmental,Environmental,Environmental,NA,NA,Western Atlantic,Bocas del Toro,Bocas del Toro,True Sample,Water
ML2675,Istmo S20,F,11,ML2675,Water,ND,ND,CCR-Reef_nov2018,NA,Water,Environmental,Environmental,Environmental,NA,NA,Western Atlantic,Bocas del Toro,Bocas del Toro,True Sample,Water
ML2676,Istmo S20,F,12,ML2676,Water,ND,ND,MAR-Reef_nov2018,NA,Water,Environmental,Environmental,Environmental,NA,NA,Western Atlantic,Bocas del Toro,Bocas del Toro,True Sample,Water
ML2677,Istmo S20,G,1,ML2677,Water,ND,ND,ROL-Reef_nov2018,NA,Water,Environmental,Environmental,Environmental,NA,NA,Western Atlantic,Bocas del Toro,Bocas del Toro,True Sample,Water
ML2678,Istmo S20,G,2,ML2678,Water,ND,ND,ALR-Reef_nov2018,NA,Water,Environmental,Environmental,Environmental,NA,NA,Western Atlantic,Bocas del Toro,Bocas del Toro,True Sample,Water
ML2679,Istmo S20,G,3,ML2679,Water,ND,ND,MYS-Reef_nov2018,NA,Water,Environmental,Environmental,Environmental,NA,NA,Western Atlantic,Bocas del Toro,Bocas del Toro,True Sample,Water
ML2680,Istmo S20,G,4,ML2680,Water,ND,ND,PST-Grove_nov2018,NA,Water,Environmental,Environmental,Environmental,NA,NA,Western Atlantic,Bocas del Toro,Bocas del Toro,True Sample,Water
ML2681,Istmo S20,G,5,ML2681,Water,ND,ND,PBL-Grove_nov2018,NA,Water,Environmental,Environmental,Environmental,NA,NA,Western Atlantic,Bocas del Toro,Bocas del Toro,True Sample,Water
ML2977,Istmo S20,G,6,ML2977,Water,ND,ND,COB-32_feb2019,NA,Water,Environmental,Environmental,Environmental,NA,NA,Pacific,Bay of Chiriqui,Bay of Chiriqui,True Sample,Water
ML2985,Istmo S20,G,7,ML2985,Water,ND,ND,COB-31_feb2019,NA,Water,Environmental,Environmental,Environmental,NA,NA,Pacific,Bay of Chiriqui,Bay of Chiriqui,True Sample,Water
ML2989,Istmo S20,G,8,ML2989,Water,ND,ND,COB-28_feb2019,NA,Water,Environmental,Environmental,Environmental,NA,NA,Pacific,Bay of Chiriqui,Bay of Chiriqui,True Sample,Water
ML2995,Istmo S20,G,9,ML2995,Water,ND,ND,COB-33_feb2019,NA,Water,Environmental,Environmental,Environmental,NA,NA,Pacific,Bay of Chiriqui,Bay of Chiriqui,True Sample,Water
ML2999,Istmo S20,G,10,ML2999,Water,ND,ND,COB-27_feb2019,NA,Water,Environmental,Environmental,Environmental,NA,NA,Pacific,Bay of Chiriqui,Bay of Chiriqui,True Sample,Water
ML3006,Istmo S20,G,11,ML3006,Water,ND,ND,COB-30_feb2019,NA,Water,Environmental,Environmental,Environmental,NA,NA,Pacific,Bay of Chiriqui,Bay of Chiriqui,True Sample,Water
ML3007,Istmo S20,G,12,ML3007,Water,ND,ND,COB-26_feb2019,NA,Water,Environmental,Environmental,Environmental,NA,NA,Pacific,Bay of Chiriqui,Bay of Chiriqui,True Sample,Water
ML3014,Istmo S20,H,1,ML3014,Water,ND,ND,COB-29_feb2019,NA,Water,Environmental,Environmental,Environmental,NA,NA,Pacific,Bay of Chiriqui,Bay of Chiriqui,True Sample,Water
ML3023,Istmo S20,H,2,ML3023,Water,ND,ND,IPI-Reef_nov2018,NA,Water,Environmental,Environmental,Environmental,NA,NA,Western Atlantic,Bocas del Toro,Bocas del Toro,True Sample,Water
ML3031,Istmo S20,H,3,ML3031,Water,ND,ND,SIS-Reef_nov2018,NA,Water,Environmental,Environmental,Environmental,NA,NA,Western Atlantic,Bocas del Toro,Bocas del Toro,True Sample,Water
ML3039,Istmo S20,H,4,ML3039,Water,ND,ND,SCR-Reef_Apr2019,NA,Water,Environmental,Environmental,Environmental,NA,NA,Western Atlantic,Bocas del Toro,Bocas del Toro,True Sample,Water
ML3047,Istmo S20,H,5,ML3047,Water,ND,ND,PST-Reef_Apr2019,NA,Water,Environmental,Environmental,Environmental,NA,NA,Western Atlantic,Bocas del Toro,Bocas del Toro,True Sample,Water
ML3051,Istmo S20,H,6,ML3051,Water,ND,ND,ALR-Grove_Apr2019,NA,Water,Environmental,Environmental,Environmental,NA,NA,Western Atlantic,Bocas del Toro,Bocas del Toro,True Sample,Water
ML3063,Istmo S20,H,7,ML3063,Water,ND,ND,PBL-Reef_Apr2019,NA,Water,Environmental,Environmental,Environmental,NA,NA,Western Atlantic,Bocas del Toro,Bocas del Toro,True Sample,Water
ML3071,Istmo S20,H,8,ML3071,Water,ND,ND,CCR-Reef_Apr2019,NA,Water,Environmental,Environmental,Environmental,NA,NA,Western Atlantic,Bocas del Toro,Bocas del Toro,True Sample,Water
ML3075,Istmo S20,H,9,ML3075,Water,ND,ND,PPR-Reef_Apr2019,NA,Water,Environmental,Environmental,Environmental,NA,NA,Western Atlantic,Bocas del Toro,Bocas del Toro,True Sample,Water
Control-58,Istmo S20,H,10,Control-58,Control,Control,Control,Control,Control,Control,Control,Control,Control,Control,Control,Control,Control,Control,Control Sample,Control
Control-59,Istmo S20,H,11,Control-59,Control,Control,Control,Control,Control,Control,Control,Control,Control,Control,Control,Control,Control,Control,Control Sample,Control
Control-60,Istmo S20,H,12,Control-60,Control,Control,Control,Control,Control,Control,Control,Control,Control,Control,Control,Control,Control,Control,Control Sample,Control